method,game,n,budget,seed,metric,value,runtime_seconds,status
OwenSamplingSV,SOUM(n=6),6,3,0,MSE,0.45916683370988903,0.0018387999953120016,ok
OwenSamplingSV,SOUM(n=6),6,3,0,MAE,0.44467556437235395,0.0018387999953120016,ok
OwenSamplingSV,SOUM(n=6),6,3,0,SSE,3.2141678359692234,0.0018387999953120016,ok
OwenSamplingSV,SOUM(n=6),6,3,0,SAE,3.1127289506064777,0.0018387999953120016,ok
OwenSamplingSV,SOUM(n=6),6,3,0,Precision@5,0.8,0.0018387999953120016,ok
OwenSamplingSV,SOUM(n=6),6,3,0,Precision@10,1.0,0.0018387999953120016,ok
OwenSamplingSV,SOUM(n=6),6,3,0,KendallTau,nan,0.0018387999953120016,ok
OwenSamplingSV,SOUM(n=6),6,3,0,L2_Norm_Error,1.0,0.0018387999953120016,ok
StratifiedSamplingSV,SOUM(n=6),6,3,0,MSE,0.45916683370988903,0.0009783999994397163,ok
StratifiedSamplingSV,SOUM(n=6),6,3,0,MAE,0.44467556437235395,0.0009783999994397163,ok
StratifiedSamplingSV,SOUM(n=6),6,3,0,SSE,3.2141678359692234,0.0009783999994397163,ok
StratifiedSamplingSV,SOUM(n=6),6,3,0,SAE,3.1127289506064777,0.0009783999994397163,ok
StratifiedSamplingSV,SOUM(n=6),6,3,0,Precision@5,0.8,0.0009783999994397163,ok
StratifiedSamplingSV,SOUM(n=6),6,3,0,Precision@10,1.0,0.0009783999994397163,ok
StratifiedSamplingSV,SOUM(n=6),6,3,0,KendallTau,nan,0.0009783999994397163,ok
StratifiedSamplingSV,SOUM(n=6),6,3,0,L2_Norm_Error,1.0,0.0009783999994397163,ok
SVARM,SOUM(n=6),6,3,0,MSE,0.4119446847969913,0.005193600001803134,ok
SVARM,SOUM(n=6),6,3,0,MAE,0.5308208594714253,0.005193600001803134,ok
SVARM,SOUM(n=6),6,3,0,SSE,2.8836127935789393,0.005193600001803134,ok
SVARM,SOUM(n=6),6,3,0,SAE,3.7157460162999776,0.005193600001803134,ok
SVARM,SOUM(n=6),6,3,0,Precision@5,0.8,0.005193600001803134,ok
SVARM,SOUM(n=6),6,3,0,Precision@10,1.0,0.005193600001803134,ok
SVARM,SOUM(n=6),6,3,0,KendallTau,-0.5477225575051661,0.005193600001803134,ok
SVARM,SOUM(n=6),6,3,0,L2_Norm_Error,0.8971568818867836,0.005193600001803134,ok
UnbiasedKernelSHAP,SOUM(n=6),6,3,0,MSE,3.134688407337747,0.0010159000012208708,ok
UnbiasedKernelSHAP,SOUM(n=6),6,3,0,MAE,1.4747641864096164,0.0010159000012208708,ok
UnbiasedKernelSHAP,SOUM(n=6),6,3,0,SSE,21.942818851364226,0.0010159000012208708,ok
UnbiasedKernelSHAP,SOUM(n=6),6,3,0,SAE,10.323349304867314,0.0010159000012208708,ok
UnbiasedKernelSHAP,SOUM(n=6),6,3,0,Precision@5,0.8,0.0010159000012208708,ok
UnbiasedKernelSHAP,SOUM(n=6),6,3,0,Precision@10,1.0,0.0010159000012208708,ok
UnbiasedKernelSHAP,SOUM(n=6),6,3,0,KendallTau,-0.5477225575051661,0.0010159000012208708,ok
UnbiasedKernelSHAP,SOUM(n=6),6,3,0,L2_Norm_Error,6.82690511858334,0.0010159000012208708,ok
PermutationSamplingSV,SOUM(n=6),6,3,0,MSE,0.45916683370988903,0.0005746000024373643,ok
PermutationSamplingSV,SOUM(n=6),6,3,0,MAE,0.44467556437235395,0.0005746000024373643,ok
PermutationSamplingSV,SOUM(n=6),6,3,0,SSE,3.2141678359692234,0.0005746000024373643,ok
PermutationSamplingSV,SOUM(n=6),6,3,0,SAE,3.1127289506064777,0.0005746000024373643,ok
PermutationSamplingSV,SOUM(n=6),6,3,0,Precision@5,0.8,0.0005746000024373643,ok
PermutationSamplingSV,SOUM(n=6),6,3,0,Precision@10,1.0,0.0005746000024373643,ok
PermutationSamplingSV,SOUM(n=6),6,3,0,KendallTau,nan,0.0005746000024373643,ok
PermutationSamplingSV,SOUM(n=6),6,3,0,L2_Norm_Error,1.0,0.0005746000024373643,ok
KernelSHAP,SOUM(n=6),6,3,0,MSE,0.28035353568446564,0.005758899998909328,ok
KernelSHAP,SOUM(n=6),6,3,0,MAE,0.44410151111971585,0.005758899998909328,ok
KernelSHAP,SOUM(n=6),6,3,0,SSE,1.9624747497912594,0.005758899998909328,ok
KernelSHAP,SOUM(n=6),6,3,0,SAE,3.108710577838011,0.005758899998909328,ok
KernelSHAP,SOUM(n=6),6,3,0,Precision@5,0.8,0.005758899998909328,ok
KernelSHAP,SOUM(n=6),6,3,0,Precision@10,1.0,0.005758899998909328,ok
KernelSHAP,SOUM(n=6),6,3,0,KendallTau,0.2760262237369417,0.005758899998909328,ok
KernelSHAP,SOUM(n=6),6,3,0,L2_Norm_Error,0.6105700915271217,0.005758899998909328,ok
LeverageSHAP,SOUM(n=6),6,3,0,MSE,0.3459537304740797,0.0010772999958135188,ok
LeverageSHAP,SOUM(n=6),6,3,0,MAE,0.496584807510763,0.0010772999958135188,ok
LeverageSHAP,SOUM(n=6),6,3,0,SSE,2.421676113318558,0.0010772999958135188,ok
LeverageSHAP,SOUM(n=6),6,3,0,SAE,3.476093652575341,0.0010772999958135188,ok
LeverageSHAP,SOUM(n=6),6,3,0,Precision@5,0.8,0.0010772999958135188,ok
LeverageSHAP,SOUM(n=6),6,3,0,Precision@10,1.0,0.0010772999958135188,ok
LeverageSHAP,SOUM(n=6),6,3,0,KendallTau,nan,0.0010772999958135188,ok
LeverageSHAP,SOUM(n=6),6,3,0,L2_Norm_Error,0.7534379773881061,0.0010772999958135188,ok
kADDSHAP,SOUM(n=6),6,3,0,MSE,0.28035353568446564,0.000879699997312855,ok
kADDSHAP,SOUM(n=6),6,3,0,MAE,0.4441015111197159,0.000879699997312855,ok
kADDSHAP,SOUM(n=6),6,3,0,SSE,1.9624747497912594,0.000879699997312855,ok
kADDSHAP,SOUM(n=6),6,3,0,SAE,3.1087105778380115,0.000879699997312855,ok
kADDSHAP,SOUM(n=6),6,3,0,Precision@5,1.0,0.000879699997312855,ok
kADDSHAP,SOUM(n=6),6,3,0,Precision@10,1.0,0.000879699997312855,ok
kADDSHAP,SOUM(n=6),6,3,0,KendallTau,0.38924947208076144,0.000879699997312855,ok
kADDSHAP,SOUM(n=6),6,3,0,L2_Norm_Error,0.6105700915271217,0.000879699997312855,ok
SPEX,SOUM(n=6),6,3,0,_,,2.6183810000002268,skipped:refused_regime(ValueError)
RegressionMSR,SOUM(n=6),6,3,0,MSE,0.8553730665674831,0.3310903000019607,ok
RegressionMSR,SOUM(n=6),6,3,0,MAE,0.704501471279675,0.3310903000019607,ok
RegressionMSR,SOUM(n=6),6,3,0,SSE,5.987611465972382,0.3310903000019607,ok
RegressionMSR,SOUM(n=6),6,3,0,SAE,4.931510298957725,0.3310903000019607,ok
RegressionMSR,SOUM(n=6),6,3,0,Precision@5,0.8,0.3310903000019607,ok
RegressionMSR,SOUM(n=6),6,3,0,Precision@10,1.0,0.3310903000019607,ok
RegressionMSR,SOUM(n=6),6,3,0,KendallTau,-0.14907119849998599,0.3310903000019607,ok
RegressionMSR,SOUM(n=6),6,3,0,L2_Norm_Error,1.8628807739801285,0.3310903000019607,ok
ProxySPEX,SOUM(n=6),6,3,0,_,,0.0025539999987813644,skipped:refused_regime(ValueError)
OddSHAP,SOUM(n=6),6,3,0,_,,6.100002792663872e-06,skipped:refused_regime(ValueError)
ShaplEIG,SOUM(n=6),6,3,0,_,,0.0,skipped:incompatible_constructor(ImportError)
PolySHAPKAdd,SOUM(n=6),6,3,0,MSE,0.28035353568446564,0.0018573000052128918,ok
PolySHAPKAdd,SOUM(n=6),6,3,0,MAE,0.4441015111197159,0.0018573000052128918,ok
PolySHAPKAdd,SOUM(n=6),6,3,0,SSE,1.9624747497912594,0.0018573000052128918,ok
PolySHAPKAdd,SOUM(n=6),6,3,0,SAE,3.1087105778380115,0.0018573000052128918,ok
PolySHAPKAdd,SOUM(n=6),6,3,0,Precision@5,0.8,0.0018573000052128918,ok
PolySHAPKAdd,SOUM(n=6),6,3,0,Precision@10,1.0,0.0018573000052128918,ok
PolySHAPKAdd,SOUM(n=6),6,3,0,KendallTau,0.6445033866354897,0.0018573000052128918,ok
PolySHAPKAdd,SOUM(n=6),6,3,0,L2_Norm_Error,0.6105700915271217,0.0018573000052128918,ok
PolySHAPPartial,SOUM(n=6),6,3,0,MSE,0.28035353568446564,0.0011577000041143037,ok
PolySHAPPartial,SOUM(n=6),6,3,0,MAE,0.4441015111197159,0.0011577000041143037,ok
PolySHAPPartial,SOUM(n=6),6,3,0,SSE,1.9624747497912594,0.0011577000041143037,ok
PolySHAPPartial,SOUM(n=6),6,3,0,SAE,3.1087105778380115,0.0011577000041143037,ok
PolySHAPPartial,SOUM(n=6),6,3,0,Precision@5,0.8,0.0011577000041143037,ok
PolySHAPPartial,SOUM(n=6),6,3,0,Precision@10,1.0,0.0011577000041143037,ok
PolySHAPPartial,SOUM(n=6),6,3,0,KendallTau,0.6445033866354897,0.0011577000041143037,ok
PolySHAPPartial,SOUM(n=6),6,3,0,L2_Norm_Error,0.6105700915271217,0.0011577000041143037,ok
OptimizedKernelSHAP,SOUM(n=6),6,3,0,MSE,0.28035353568446564,0.0015474999963771552,ok
OptimizedKernelSHAP,SOUM(n=6),6,3,0,MAE,0.44410151111971585,0.0015474999963771552,ok
OptimizedKernelSHAP,SOUM(n=6),6,3,0,SSE,1.9624747497912594,0.0015474999963771552,ok
OptimizedKernelSHAP,SOUM(n=6),6,3,0,SAE,3.108710577838011,0.0015474999963771552,ok
OptimizedKernelSHAP,SOUM(n=6),6,3,0,Precision@5,0.8,0.0015474999963771552,ok
OptimizedKernelSHAP,SOUM(n=6),6,3,0,Precision@10,1.0,0.0015474999963771552,ok
OptimizedKernelSHAP,SOUM(n=6),6,3,0,KendallTau,0.2760262237369417,0.0015474999963771552,ok
OptimizedKernelSHAP,SOUM(n=6),6,3,0,L2_Norm_Error,0.6105700915271217,0.0015474999963771552,ok
OwenSamplingSV,SOUM(n=6),6,16,0,MSE,0.06348051025701201,0.007387699995888397,ok
OwenSamplingSV,SOUM(n=6),6,16,0,MAE,0.17701912225010394,0.007387699995888397,ok
OwenSamplingSV,SOUM(n=6),6,16,0,SSE,0.4443635717990841,0.007387699995888397,ok
OwenSamplingSV,SOUM(n=6),6,16,0,SAE,1.2391338557507277,0.007387699995888397,ok
OwenSamplingSV,SOUM(n=6),6,16,0,Precision@5,0.8,0.007387699995888397,ok
OwenSamplingSV,SOUM(n=6),6,16,0,Precision@10,1.0,0.007387699995888397,ok
OwenSamplingSV,SOUM(n=6),6,16,0,KendallTau,0.5962847939999439,0.007387699995888397,ok
OwenSamplingSV,SOUM(n=6),6,16,0,L2_Norm_Error,0.13825151469263194,0.007387699995888397,ok
StratifiedSamplingSV,SOUM(n=6),6,16,0,MSE,0.06348051025701201,0.0045335000031627715,ok
StratifiedSamplingSV,SOUM(n=6),6,16,0,MAE,0.17701912225010394,0.0045335000031627715,ok
StratifiedSamplingSV,SOUM(n=6),6,16,0,SSE,0.4443635717990841,0.0045335000031627715,ok
StratifiedSamplingSV,SOUM(n=6),6,16,0,SAE,1.2391338557507277,0.0045335000031627715,ok
StratifiedSamplingSV,SOUM(n=6),6,16,0,Precision@5,0.8,0.0045335000031627715,ok
StratifiedSamplingSV,SOUM(n=6),6,16,0,Precision@10,1.0,0.0045335000031627715,ok
StratifiedSamplingSV,SOUM(n=6),6,16,0,KendallTau,0.5962847939999439,0.0045335000031627715,ok
StratifiedSamplingSV,SOUM(n=6),6,16,0,L2_Norm_Error,0.13825151469263194,0.0045335000031627715,ok
SVARM,SOUM(n=6),6,16,0,MSE,0.1972414131295224,0.005429700002423488,ok
SVARM,SOUM(n=6),6,16,0,MAE,0.333705009394813,0.005429700002423488,ok
SVARM,SOUM(n=6),6,16,0,SSE,1.3806898919066568,0.005429700002423488,ok
SVARM,SOUM(n=6),6,16,0,SAE,2.335935065763691,0.005429700002423488,ok
SVARM,SOUM(n=6),6,16,0,Precision@5,1.0,0.005429700002423488,ok
SVARM,SOUM(n=6),6,16,0,Precision@10,1.0,0.005429700002423488,ok
SVARM,SOUM(n=6),6,16,0,KendallTau,0.7333333333333333,0.005429700002423488,ok
SVARM,SOUM(n=6),6,16,0,L2_Norm_Error,0.4295637198703762,0.005429700002423488,ok
UnbiasedKernelSHAP,SOUM(n=6),6,16,0,MSE,0.4431516433154753,0.0017182000010507181,ok
UnbiasedKernelSHAP,SOUM(n=6),6,16,0,MAE,0.5167614735130532,0.0017182000010507181,ok
UnbiasedKernelSHAP,SOUM(n=6),6,16,0,SSE,3.102061503208327,0.0017182000010507181,ok
UnbiasedKernelSHAP,SOUM(n=6),6,16,0,SAE,3.617330314591373,0.0017182000010507181,ok
UnbiasedKernelSHAP,SOUM(n=6),6,16,0,Precision@5,1.0,0.0017182000010507181,ok
UnbiasedKernelSHAP,SOUM(n=6),6,16,0,Precision@10,1.0,0.0017182000010507181,ok
UnbiasedKernelSHAP,SOUM(n=6),6,16,0,KendallTau,0.3333333333333333,0.0017182000010507181,ok
UnbiasedKernelSHAP,SOUM(n=6),6,16,0,L2_Norm_Error,0.9651211951328947,0.0017182000010507181,ok
PermutationSamplingSV,SOUM(n=6),6,16,0,MSE,0.013537337744387149,0.0009428000048501417,ok
PermutationSamplingSV,SOUM(n=6),6,16,0,MAE,0.07904600396395138,0.0009428000048501417,ok
PermutationSamplingSV,SOUM(n=6),6,16,0,SSE,0.09476136421071005,0.0009428000048501417,ok
PermutationSamplingSV,SOUM(n=6),6,16,0,SAE,0.5533220277476597,0.0009428000048501417,ok
PermutationSamplingSV,SOUM(n=6),6,16,0,Precision@5,1.0,0.0009428000048501417,ok
PermutationSamplingSV,SOUM(n=6),6,16,0,Precision@10,1.0,0.0009428000048501417,ok
PermutationSamplingSV,SOUM(n=6),6,16,0,KendallTau,0.9999999999999999,0.0009428000048501417,ok
PermutationSamplingSV,SOUM(n=6),6,16,0,L2_Norm_Error,0.02948239452534221,0.0009428000048501417,ok
KernelSHAP,SOUM(n=6),6,16,0,MSE,0.039678535046517804,0.0026790999982040375,ok
KernelSHAP,SOUM(n=6),6,16,0,MAE,0.12819682043116482,0.0026790999982040375,ok
KernelSHAP,SOUM(n=6),6,16,0,SSE,0.27774974532562463,0.0026790999982040375,ok
KernelSHAP,SOUM(n=6),6,16,0,SAE,0.8973777430181537,0.0026790999982040375,ok
KernelSHAP,SOUM(n=6),6,16,0,Precision@5,1.0,0.0026790999982040375,ok
KernelSHAP,SOUM(n=6),6,16,0,Precision@10,1.0,0.0026790999982040375,ok
KernelSHAP,SOUM(n=6),6,16,0,KendallTau,0.7333333333333333,0.0026790999982040375,ok
KernelSHAP,SOUM(n=6),6,16,0,L2_Norm_Error,0.08641420096902624,0.0026790999982040375,ok
LeverageSHAP,SOUM(n=6),6,16,0,MSE,0.18843999058927205,0.0007433999999193475,ok
LeverageSHAP,SOUM(n=6),6,16,0,MAE,0.3014210109408642,0.0007433999999193475,ok
LeverageSHAP,SOUM(n=6),6,16,0,SSE,1.3190799341249044,0.0007433999999193475,ok
LeverageSHAP,SOUM(n=6),6,16,0,SAE,2.1099470765860495,0.0007433999999193475,ok
LeverageSHAP,SOUM(n=6),6,16,0,Precision@5,0.8,0.0007433999999193475,ok
LeverageSHAP,SOUM(n=6),6,16,0,Precision@10,1.0,0.0007433999999193475,ok
LeverageSHAP,SOUM(n=6),6,16,0,KendallTau,0.07161148740394328,0.0007433999999193475,ok
LeverageSHAP,SOUM(n=6),6,16,0,L2_Norm_Error,0.41039547448745456,0.0007433999999193475,ok
kADDSHAP,SOUM(n=6),6,16,0,MSE,0.03967853320325405,0.0014650999946752563,ok
kADDSHAP,SOUM(n=6),6,16,0,MAE,0.128196824029974,0.0014650999946752563,ok
kADDSHAP,SOUM(n=6),6,16,0,SSE,0.27774973242277834,0.0014650999946752563,ok
kADDSHAP,SOUM(n=6),6,16,0,SAE,0.8973777682098181,0.0014650999946752563,ok
kADDSHAP,SOUM(n=6),6,16,0,Precision@5,1.0,0.0014650999946752563,ok
kADDSHAP,SOUM(n=6),6,16,0,Precision@10,1.0,0.0014650999946752563,ok
kADDSHAP,SOUM(n=6),6,16,0,KendallTau,0.7333333333333333,0.0014650999946752563,ok
kADDSHAP,SOUM(n=6),6,16,0,L2_Norm_Error,0.08641419695466017,0.0014650999946752563,ok
SPEX,SOUM(n=6),6,16,0,_,,0.17903529999603052,skipped:refused_regime(ValueError)
RegressionMSR,SOUM(n=6),6,16,0,MSE,0.02405840373050942,0.03822100000252249,ok
RegressionMSR,SOUM(n=6),6,16,0,MAE,0.11329456720786468,0.03822100000252249,ok
RegressionMSR,SOUM(n=6),6,16,0,SSE,0.16840882611356595,0.03822100000252249,ok
RegressionMSR,SOUM(n=6),6,16,0,SAE,0.7930619704550528,0.03822100000252249,ok
RegressionMSR,SOUM(n=6),6,16,0,Precision@5,1.0,0.03822100000252249,ok
RegressionMSR,SOUM(n=6),6,16,0,Precision@10,1.0,0.03822100000252249,ok
RegressionMSR,SOUM(n=6),6,16,0,KendallTau,0.7333333333333333,0.03822100000252249,ok
RegressionMSR,SOUM(n=6),6,16,0,L2_Norm_Error,0.05239577853680523,0.03822100000252249,ok
ProxySPEX,SOUM(n=6),6,16,0,MSE,0.6975961687987848,2.6521854999955394,ok
ProxySPEX,SOUM(n=6),6,16,0,MAE,0.6292326926121702,2.6521854999955394,ok
ProxySPEX,SOUM(n=6),6,16,0,SSE,4.883173181591494,2.6521854999955394,ok
ProxySPEX,SOUM(n=6),6,16,0,SAE,4.404628848285191,2.6521854999955394,ok
ProxySPEX,SOUM(n=6),6,16,0,Precision@5,0.8,2.6521854999955394,ok
ProxySPEX,SOUM(n=6),6,16,0,Precision@10,1.0,2.6521854999955394,ok
ProxySPEX,SOUM(n=6),6,16,0,KendallTau,nan,2.6521854999955394,ok
ProxySPEX,SOUM(n=6),6,16,0,L2_Norm_Error,1.0,2.6521854999955394,ok
OddSHAP,SOUM(n=6),6,16,0,MSE,0.9045250707003287,0.0060678999943775125,ok
OddSHAP,SOUM(n=6),6,16,0,MAE,0.7561876873684759,0.0060678999943775125,ok
OddSHAP,SOUM(n=6),6,16,0,SSE,6.331675494902301,0.0060678999943775125,ok
OddSHAP,SOUM(n=6),6,16,0,SAE,5.293313811579331,0.0060678999943775125,ok
OddSHAP,SOUM(n=6),6,16,0,Precision@5,0.8,0.0060678999943775125,ok
OddSHAP,SOUM(n=6),6,16,0,Precision@10,1.0,0.0060678999943775125,ok
OddSHAP,SOUM(n=6),6,16,0,KendallTau,-0.6024640760767093,0.0060678999943775125,ok
OddSHAP,SOUM(n=6),6,16,0,L2_Norm_Error,1.969926842041527,0.0060678999943775125,ok
ShaplEIG,SOUM(n=6),6,16,0,_,,0.0,skipped:incompatible_constructor(ImportError)
PolySHAPKAdd,SOUM(n=6),6,16,0,MSE,0.039678534429632414,0.0017697000002954155,ok
PolySHAPKAdd,SOUM(n=6),6,16,0,MAE,0.1281968256928475,0.0017697000002954155,ok
PolySHAPKAdd,SOUM(n=6),6,16,0,SSE,0.2777497410074269,0.0017697000002954155,ok
PolySHAPKAdd,SOUM(n=6),6,16,0,SAE,0.8973777798499325,0.0017697000002954155,ok
PolySHAPKAdd,SOUM(n=6),6,16,0,Precision@5,1.0,0.0017697000002954155,ok
PolySHAPKAdd,SOUM(n=6),6,16,0,Precision@10,1.0,0.0017697000002954155,ok
PolySHAPKAdd,SOUM(n=6),6,16,0,KendallTau,0.7333333333333333,0.0017697000002954155,ok
PolySHAPKAdd,SOUM(n=6),6,16,0,L2_Norm_Error,0.08641419962553767,0.0017697000002954155,ok
PolySHAPPartial,SOUM(n=6),6,16,0,MSE,0.039678534429632414,0.001448200004233513,ok
PolySHAPPartial,SOUM(n=6),6,16,0,MAE,0.1281968256928475,0.001448200004233513,ok
PolySHAPPartial,SOUM(n=6),6,16,0,SSE,0.2777497410074269,0.001448200004233513,ok
PolySHAPPartial,SOUM(n=6),6,16,0,SAE,0.8973777798499325,0.001448200004233513,ok
PolySHAPPartial,SOUM(n=6),6,16,0,Precision@5,1.0,0.001448200004233513,ok
PolySHAPPartial,SOUM(n=6),6,16,0,Precision@10,1.0,0.001448200004233513,ok
PolySHAPPartial,SOUM(n=6),6,16,0,KendallTau,0.7333333333333333,0.001448200004233513,ok
PolySHAPPartial,SOUM(n=6),6,16,0,L2_Norm_Error,0.08641419962553767,0.001448200004233513,ok
OptimizedKernelSHAP,SOUM(n=6),6,16,0,MSE,0.01353734346417732,0.0011741999987862073,ok
OptimizedKernelSHAP,SOUM(n=6),6,16,0,MAE,0.07904599969727134,0.0011741999987862073,ok
OptimizedKernelSHAP,SOUM(n=6),6,16,0,SSE,0.09476140424924125,0.0011741999987862073,ok
OptimizedKernelSHAP,SOUM(n=6),6,16,0,SAE,0.5533219978808994,0.0011741999987862073,ok
OptimizedKernelSHAP,SOUM(n=6),6,16,0,Precision@5,1.0,0.0011741999987862073,ok
OptimizedKernelSHAP,SOUM(n=6),6,16,0,Precision@10,1.0,0.0011741999987862073,ok
OptimizedKernelSHAP,SOUM(n=6),6,16,0,KendallTau,0.7333333333333333,0.0011741999987862073,ok
OptimizedKernelSHAP,SOUM(n=6),6,16,0,L2_Norm_Error,0.029482406982230973,0.0011741999987862073,ok
OwenSamplingSV,SOUM(n=6),6,32,0,MSE,0.06348051025701201,0.00899119999667164,ok
OwenSamplingSV,SOUM(n=6),6,32,0,MAE,0.17701912225010394,0.00899119999667164,ok
OwenSamplingSV,SOUM(n=6),6,32,0,SSE,0.4443635717990841,0.00899119999667164,ok
OwenSamplingSV,SOUM(n=6),6,32,0,SAE,1.2391338557507277,0.00899119999667164,ok
OwenSamplingSV,SOUM(n=6),6,32,0,Precision@5,0.8,0.00899119999667164,ok
OwenSamplingSV,SOUM(n=6),6,32,0,Precision@10,1.0,0.00899119999667164,ok
OwenSamplingSV,SOUM(n=6),6,32,0,KendallTau,0.5962847939999439,0.00899119999667164,ok
OwenSamplingSV,SOUM(n=6),6,32,0,L2_Norm_Error,0.13825151469263194,0.00899119999667164,ok
StratifiedSamplingSV,SOUM(n=6),6,32,0,MSE,0.042041552642782705,0.008756999995966908,ok
StratifiedSamplingSV,SOUM(n=6),6,32,0,MAE,0.1511789314986542,0.008756999995966908,ok
StratifiedSamplingSV,SOUM(n=6),6,32,0,SSE,0.29429086849947894,0.008756999995966908,ok
StratifiedSamplingSV,SOUM(n=6),6,32,0,SAE,1.0582525204905793,0.008756999995966908,ok
StratifiedSamplingSV,SOUM(n=6),6,32,0,Precision@5,0.8,0.008756999995966908,ok
StratifiedSamplingSV,SOUM(n=6),6,32,0,Precision@10,1.0,0.008756999995966908,ok
StratifiedSamplingSV,SOUM(n=6),6,32,0,KendallTau,0.8280786712108251,0.008756999995966908,ok
StratifiedSamplingSV,SOUM(n=6),6,32,0,L2_Norm_Error,0.0915605169108216,0.008756999995966908,ok
SVARM,SOUM(n=6),6,32,0,MSE,0.027830553270169263,0.006831099999544676,ok
SVARM,SOUM(n=6),6,32,0,MAE,0.13146541881766213,0.006831099999544676,ok
SVARM,SOUM(n=6),6,32,0,SSE,0.19481387289118485,0.006831099999544676,ok
SVARM,SOUM(n=6),6,32,0,SAE,0.9202579317236349,0.006831099999544676,ok
SVARM,SOUM(n=6),6,32,0,Precision@5,0.8,0.006831099999544676,ok
SVARM,SOUM(n=6),6,32,0,Precision@10,1.0,0.006831099999544676,ok
SVARM,SOUM(n=6),6,32,0,KendallTau,0.8666666666666666,0.006831099999544676,ok
SVARM,SOUM(n=6),6,32,0,L2_Norm_Error,0.060610983257020634,0.006831099999544676,ok
UnbiasedKernelSHAP,SOUM(n=6),6,32,0,MSE,0.07635271114849676,0.0019444999998086132,ok
UnbiasedKernelSHAP,SOUM(n=6),6,32,0,MAE,0.23190991357125965,0.0019444999998086132,ok
UnbiasedKernelSHAP,SOUM(n=6),6,32,0,SSE,0.5344689780394773,0.0019444999998086132,ok
UnbiasedKernelSHAP,SOUM(n=6),6,32,0,SAE,1.6233693949988175,0.0019444999998086132,ok
UnbiasedKernelSHAP,SOUM(n=6),6,32,0,Precision@5,1.0,0.0019444999998086132,ok
UnbiasedKernelSHAP,SOUM(n=6),6,32,0,Precision@10,1.0,0.0019444999998086132,ok
UnbiasedKernelSHAP,SOUM(n=6),6,32,0,KendallTau,0.8666666666666666,0.0019444999998086132,ok
UnbiasedKernelSHAP,SOUM(n=6),6,32,0,L2_Norm_Error,0.16628533583664268,0.0019444999998086132,ok
PermutationSamplingSV,SOUM(n=6),6,32,0,MSE,0.005913867942548229,0.001258399999642279,ok
PermutationSamplingSV,SOUM(n=6),6,32,0,MAE,0.04604498709252127,0.001258399999642279,ok
PermutationSamplingSV,SOUM(n=6),6,32,0,SSE,0.041397075597837604,0.001258399999642279,ok
PermutationSamplingSV,SOUM(n=6),6,32,0,SAE,0.3223149096476489,0.001258399999642279,ok
PermutationSamplingSV,SOUM(n=6),6,32,0,Precision@5,1.0,0.001258399999642279,ok
PermutationSamplingSV,SOUM(n=6),6,32,0,Precision@10,1.0,0.001258399999642279,ok
PermutationSamplingSV,SOUM(n=6),6,32,0,KendallTau,0.9999999999999999,0.001258399999642279,ok
PermutationSamplingSV,SOUM(n=6),6,32,0,L2_Norm_Error,0.01287956252146193,0.001258399999642279,ok
KernelSHAP,SOUM(n=6),6,32,0,MSE,0.0034687476530165305,0.0017683999976725318,ok
KernelSHAP,SOUM(n=6),6,32,0,MAE,0.04262546065234553,0.0017683999976725318,ok
KernelSHAP,SOUM(n=6),6,32,0,SSE,0.024281233571115713,0.0017683999976725318,ok
KernelSHAP,SOUM(n=6),6,32,0,SAE,0.2983782245664187,0.0017683999976725318,ok
KernelSHAP,SOUM(n=6),6,32,0,Precision@5,1.0,0.0017683999976725318,ok
KernelSHAP,SOUM(n=6),6,32,0,Precision@10,1.0,0.0017683999976725318,ok
KernelSHAP,SOUM(n=6),6,32,0,KendallTau,0.9999999999999999,0.0017683999976725318,ok
KernelSHAP,SOUM(n=6),6,32,0,L2_Norm_Error,0.0075544386013040215,0.0017683999976725318,ok
LeverageSHAP,SOUM(n=6),6,32,0,MSE,0.001571378793143133,0.0006214999957592227,ok
LeverageSHAP,SOUM(n=6),6,32,0,MAE,0.030123067336498315,0.0006214999957592227,ok
LeverageSHAP,SOUM(n=6),6,32,0,SSE,0.010999651552001931,0.0006214999957592227,ok
LeverageSHAP,SOUM(n=6),6,32,0,SAE,0.21086147135548822,0.0006214999957592227,ok
LeverageSHAP,SOUM(n=6),6,32,0,Precision@5,1.0,0.0006214999957592227,ok
LeverageSHAP,SOUM(n=6),6,32,0,Precision@10,1.0,0.0006214999957592227,ok
LeverageSHAP,SOUM(n=6),6,32,0,KendallTau,0.9999999999999999,0.0006214999957592227,ok
LeverageSHAP,SOUM(n=6),6,32,0,L2_Norm_Error,0.0034222393208303064,0.0006214999957592227,ok
kADDSHAP,SOUM(n=6),6,32,0,MSE,0.0034687480091811847,0.0017589999988558702,ok
kADDSHAP,SOUM(n=6),6,32,0,MAE,0.04262545608032843,0.0017589999988558702,ok
kADDSHAP,SOUM(n=6),6,32,0,SSE,0.024281236064268293,0.0017589999988558702,ok
kADDSHAP,SOUM(n=6),6,32,0,SAE,0.298378192562299,0.0017589999988558702,ok
kADDSHAP,SOUM(n=6),6,32,0,Precision@5,1.0,0.0017589999988558702,ok
kADDSHAP,SOUM(n=6),6,32,0,Precision@10,1.0,0.0017589999988558702,ok
kADDSHAP,SOUM(n=6),6,32,0,KendallTau,0.9999999999999999,0.0017589999988558702,ok
kADDSHAP,SOUM(n=6),6,32,0,L2_Norm_Error,0.007554439376979937,0.0017589999988558702,ok
SPEX,SOUM(n=6),6,32,0,_,,0.18099350000557024,skipped:refused_regime(ValueError)
RegressionMSR,SOUM(n=6),6,32,0,MSE,0.001332397063822831,0.04040109999914421,ok
RegressionMSR,SOUM(n=6),6,32,0,MAE,0.02676783102022267,0.04040109999914421,ok
RegressionMSR,SOUM(n=6),6,32,0,SSE,0.009326779446759817,0.04040109999914421,ok
RegressionMSR,SOUM(n=6),6,32,0,SAE,0.18737481714155868,0.04040109999914421,ok
RegressionMSR,SOUM(n=6),6,32,0,Precision@5,1.0,0.04040109999914421,ok
RegressionMSR,SOUM(n=6),6,32,0,Precision@10,1.0,0.04040109999914421,ok
RegressionMSR,SOUM(n=6),6,32,0,KendallTau,0.9999999999999999,0.04040109999914421,ok
RegressionMSR,SOUM(n=6),6,32,0,L2_Norm_Error,0.00290177113415963,0.04040109999914421,ok
ProxySPEX,SOUM(n=6),6,32,0,MSE,0.6975961687987848,0.3258868999982951,ok
ProxySPEX,SOUM(n=6),6,32,0,MAE,0.6292326926121702,0.3258868999982951,ok
ProxySPEX,SOUM(n=6),6,32,0,SSE,4.883173181591494,0.3258868999982951,ok
ProxySPEX,SOUM(n=6),6,32,0,SAE,4.404628848285191,0.3258868999982951,ok
ProxySPEX,SOUM(n=6),6,32,0,Precision@5,0.8,0.3258868999982951,ok
ProxySPEX,SOUM(n=6),6,32,0,Precision@10,1.0,0.3258868999982951,ok
ProxySPEX,SOUM(n=6),6,32,0,KendallTau,nan,0.3258868999982951,ok
ProxySPEX,SOUM(n=6),6,32,0,L2_Norm_Error,1.0,0.3258868999982951,ok
OddSHAP,SOUM(n=6),6,32,0,MSE,0.6681425342962203,0.004655600001569837,ok
OddSHAP,SOUM(n=6),6,32,0,MAE,0.7042595561748443,0.004655600001569837,ok
OddSHAP,SOUM(n=6),6,32,0,SSE,4.676997740073542,0.004655600001569837,ok
OddSHAP,SOUM(n=6),6,32,0,SAE,4.92981689322391,0.004655600001569837,ok
OddSHAP,SOUM(n=6),6,32,0,Precision@5,0.8,0.004655600001569837,ok
OddSHAP,SOUM(n=6),6,32,0,Precision@10,1.0,0.004655600001569837,ok
OddSHAP,SOUM(n=6),6,32,0,KendallTau,-0.13801311186847084,0.004655600001569837,ok
OddSHAP,SOUM(n=6),6,32,0,L2_Norm_Error,1.4551193275391627,0.004655600001569837,ok
ShaplEIG,SOUM(n=6),6,32,0,_,,0.0,skipped:incompatible_constructor(ImportError)
PolySHAPKAdd,SOUM(n=6),6,32,0,MSE,0.003468746603176638,0.0027592999977059662,ok
PolySHAPKAdd,SOUM(n=6),6,32,0,MAE,0.04262544646236683,0.0027592999977059662,ok
PolySHAPKAdd,SOUM(n=6),6,32,0,SSE,0.024281226222236465,0.0027592999977059662,ok
PolySHAPKAdd,SOUM(n=6),6,32,0,SAE,0.2983781252365678,0.0027592999977059662,ok
PolySHAPKAdd,SOUM(n=6),6,32,0,Precision@5,1.0,0.0027592999977059662,ok
PolySHAPKAdd,SOUM(n=6),6,32,0,Precision@10,1.0,0.0027592999977059662,ok
PolySHAPKAdd,SOUM(n=6),6,32,0,KendallTau,0.9999999999999999,0.0027592999977059662,ok
PolySHAPKAdd,SOUM(n=6),6,32,0,L2_Norm_Error,0.007554436314902184,0.0027592999977059662,ok
PolySHAPPartial,SOUM(n=6),6,32,0,MSE,0.003468746603176638,0.0014880000017001294,ok
PolySHAPPartial,SOUM(n=6),6,32,0,MAE,0.04262544646236683,0.0014880000017001294,ok
PolySHAPPartial,SOUM(n=6),6,32,0,SSE,0.024281226222236465,0.0014880000017001294,ok
PolySHAPPartial,SOUM(n=6),6,32,0,SAE,0.2983781252365678,0.0014880000017001294,ok
PolySHAPPartial,SOUM(n=6),6,32,0,Precision@5,1.0,0.0014880000017001294,ok
PolySHAPPartial,SOUM(n=6),6,32,0,Precision@10,1.0,0.0014880000017001294,ok
PolySHAPPartial,SOUM(n=6),6,32,0,KendallTau,0.9999999999999999,0.0014880000017001294,ok
PolySHAPPartial,SOUM(n=6),6,32,0,L2_Norm_Error,0.007554436314902184,0.0014880000017001294,ok
OptimizedKernelSHAP,SOUM(n=6),6,32,0,MSE,0.001234949140306458,0.0013652999987243675,ok
OptimizedKernelSHAP,SOUM(n=6),6,32,0,MAE,0.028350801748855247,0.0013652999987243675,ok
OptimizedKernelSHAP,SOUM(n=6),6,32,0,SSE,0.008644643982145206,0.0013652999987243675,ok
OptimizedKernelSHAP,SOUM(n=6),6,32,0,SAE,0.19845561224198674,0.0013652999987243675,ok
OptimizedKernelSHAP,SOUM(n=6),6,32,0,Precision@5,1.0,0.0013652999987243675,ok
OptimizedKernelSHAP,SOUM(n=6),6,32,0,Precision@10,1.0,0.0013652999987243675,ok
OptimizedKernelSHAP,SOUM(n=6),6,32,0,KendallTau,0.9999999999999999,0.0013652999987243675,ok
OptimizedKernelSHAP,SOUM(n=6),6,32,0,L2_Norm_Error,0.002689543428754534,0.0013652999987243675,ok
OwenSamplingSV,SOUM(n=6),6,64,0,MSE,0.06348051025701201,0.02358749999984866,ok
OwenSamplingSV,SOUM(n=6),6,64,0,MAE,0.17701912225010394,0.02358749999984866,ok
OwenSamplingSV,SOUM(n=6),6,64,0,SSE,0.4443635717990841,0.02358749999984866,ok
OwenSamplingSV,SOUM(n=6),6,64,0,SAE,1.2391338557507277,0.02358749999984866,ok
OwenSamplingSV,SOUM(n=6),6,64,0,Precision@5,0.8,0.02358749999984866,ok
OwenSamplingSV,SOUM(n=6),6,64,0,Precision@10,1.0,0.02358749999984866,ok
OwenSamplingSV,SOUM(n=6),6,64,0,KendallTau,0.5962847939999439,0.02358749999984866,ok
OwenSamplingSV,SOUM(n=6),6,64,0,L2_Norm_Error,0.13825151469263194,0.02358749999984866,ok
StratifiedSamplingSV,SOUM(n=6),6,64,0,MSE,0.003299748796218175,0.02859100000205217,ok
StratifiedSamplingSV,SOUM(n=6),6,64,0,MAE,0.032698997710506404,0.02859100000205217,ok
StratifiedSamplingSV,SOUM(n=6),6,64,0,SSE,0.023098241573527224,0.02859100000205217,ok
StratifiedSamplingSV,SOUM(n=6),6,64,0,SAE,0.22889298397354485,0.02859100000205217,ok
StratifiedSamplingSV,SOUM(n=6),6,64,0,Precision@5,1.0,0.02859100000205217,ok
StratifiedSamplingSV,SOUM(n=6),6,64,0,Precision@10,1.0,0.02859100000205217,ok
StratifiedSamplingSV,SOUM(n=6),6,64,0,KendallTau,0.9999999999999999,0.02859100000205217,ok
StratifiedSamplingSV,SOUM(n=6),6,64,0,L2_Norm_Error,0.007186383148707607,0.02859100000205217,ok
SVARM,SOUM(n=6),6,64,0,MSE,3.786928536363702e-31,0.008578100001614075,ok
SVARM,SOUM(n=6),6,64,0,MAE,3.370319896183511e-16,0.008578100001614075,ok
SVARM,SOUM(n=6),6,64,0,SSE,2.6508499754545914e-30,0.008578100001614075,ok
SVARM,SOUM(n=6),6,64,0,SAE,2.3592239273284576e-15,0.008578100001614075,ok
SVARM,SOUM(n=6),6,64,0,Precision@5,1.0,0.008578100001614075,ok
SVARM,SOUM(n=6),6,64,0,Precision@10,1.0,0.008578100001614075,ok
SVARM,SOUM(n=6),6,64,0,KendallTau,0.9999999999999999,0.008578100001614075,ok
SVARM,SOUM(n=6),6,64,0,L2_Norm_Error,8.247391271200481e-31,0.008578100001614075,ok
UnbiasedKernelSHAP,SOUM(n=6),6,64,0,MSE,3.786928536363702e-31,0.002082300001347903,ok
UnbiasedKernelSHAP,SOUM(n=6),6,64,0,MAE,3.370319896183511e-16,0.002082300001347903,ok
UnbiasedKernelSHAP,SOUM(n=6),6,64,0,SSE,2.6508499754545914e-30,0.002082300001347903,ok
UnbiasedKernelSHAP,SOUM(n=6),6,64,0,SAE,2.3592239273284576e-15,0.002082300001347903,ok
UnbiasedKernelSHAP,SOUM(n=6),6,64,0,Precision@5,1.0,0.002082300001347903,ok
UnbiasedKernelSHAP,SOUM(n=6),6,64,0,Precision@10,1.0,0.002082300001347903,ok
UnbiasedKernelSHAP,SOUM(n=6),6,64,0,KendallTau,0.9999999999999999,0.002082300001347903,ok
UnbiasedKernelSHAP,SOUM(n=6),6,64,0,L2_Norm_Error,8.247391271200481e-31,0.002082300001347903,ok
PermutationSamplingSV,SOUM(n=6),6,64,0,MSE,0.009233598981816535,0.002936500000942033,ok
PermutationSamplingSV,SOUM(n=6),6,64,0,MAE,0.05917802947139104,0.002936500000942033,ok
PermutationSamplingSV,SOUM(n=6),6,64,0,SSE,0.06463519287271574,0.002936500000942033,ok
PermutationSamplingSV,SOUM(n=6),6,64,0,SAE,0.41424620629973724,0.002936500000942033,ok
PermutationSamplingSV,SOUM(n=6),6,64,0,Precision@5,1.0,0.002936500000942033,ok
PermutationSamplingSV,SOUM(n=6),6,64,0,Precision@10,1.0,0.002936500000942033,ok
PermutationSamplingSV,SOUM(n=6),6,64,0,KendallTau,0.9999999999999999,0.002936500000942033,ok
PermutationSamplingSV,SOUM(n=6),6,64,0,L2_Norm_Error,0.02010946415099857,0.002936500000942033,ok
KernelSHAP,SOUM(n=6),6,64,0,MSE,1.2479764970562818e-15,0.0010151000024052337,ok
KernelSHAP,SOUM(n=6),6,64,0,MAE,2.3232010750387033e-08,0.0010151000024052337,ok
KernelSHAP,SOUM(n=6),6,64,0,SSE,8.735835479393973e-15,0.0010151000024052337,ok
KernelSHAP,SOUM(n=6),6,64,0,SAE,1.6262407525270923e-07,0.0010151000024052337,ok
KernelSHAP,SOUM(n=6),6,64,0,Precision@5,1.0,0.0010151000024052337,ok
KernelSHAP,SOUM(n=6),6,64,0,Precision@10,1.0,0.0010151000024052337,ok
KernelSHAP,SOUM(n=6),6,64,0,KendallTau,0.9999999999999999,0.0010151000024052337,ok
KernelSHAP,SOUM(n=6),6,64,0,L2_Norm_Error,2.7179151572710906e-15,0.0010151000024052337,ok
LeverageSHAP,SOUM(n=6),6,64,0,MSE,2.492483507456121e-29,0.0007987999997567385,ok
LeverageSHAP,SOUM(n=6),6,64,0,MAE,4.345730124961327e-15,0.0007987999997567385,ok
LeverageSHAP,SOUM(n=6),6,64,0,SSE,1.7447384552192847e-28,0.0007987999997567385,ok
LeverageSHAP,SOUM(n=6),6,64,0,SAE,3.042011087472929e-14,0.0007987999997567385,ok
LeverageSHAP,SOUM(n=6),6,64,0,Precision@5,1.0,0.0007987999997567385,ok
LeverageSHAP,SOUM(n=6),6,64,0,Precision@10,1.0,0.0007987999997567385,ok
LeverageSHAP,SOUM(n=6),6,64,0,KendallTau,0.9999999999999999,0.0007987999997567385,ok
LeverageSHAP,SOUM(n=6),6,64,0,L2_Norm_Error,5.428274266496615e-29,0.0007987999997567385,ok
kADDSHAP,SOUM(n=6),6,64,0,MSE,1.935521958860259e-15,0.0009571999980835244,ok
kADDSHAP,SOUM(n=6),6,64,0,MAE,3.1253498455504265e-08,0.0009571999980835244,ok
kADDSHAP,SOUM(n=6),6,64,0,SSE,1.3548653712021813e-14,0.0009571999980835244,ok
kADDSHAP,SOUM(n=6),6,64,0,SAE,2.1877448918852986e-07,0.0009571999980835244,ok
kADDSHAP,SOUM(n=6),6,64,0,Precision@5,1.0,0.0009571999980835244,ok
kADDSHAP,SOUM(n=6),6,64,0,Precision@10,1.0,0.0009571999980835244,ok
kADDSHAP,SOUM(n=6),6,64,0,KendallTau,0.9999999999999999,0.0009571999980835244,ok
kADDSHAP,SOUM(n=6),6,64,0,L2_Norm_Error,4.215291298855355e-15,0.0009571999980835244,ok
SPEX,SOUM(n=6),6,64,0,_,,0.19293370000377763,skipped:refused_regime(ValueError)
RegressionMSR,SOUM(n=6),6,64,0,MSE,3.561290236446613e-14,0.03489640000043437,ok
RegressionMSR,SOUM(n=6),6,64,0,MAE,1.4247684076191592e-07,0.03489640000043437,ok
RegressionMSR,SOUM(n=6),6,64,0,SSE,2.492903165512629e-13,0.03489640000043437,ok
RegressionMSR,SOUM(n=6),6,64,0,SAE,9.973378853334115e-07,0.03489640000043437,ok
RegressionMSR,SOUM(n=6),6,64,0,Precision@5,1.0,0.03489640000043437,ok
RegressionMSR,SOUM(n=6),6,64,0,Precision@10,1.0,0.03489640000043437,ok
RegressionMSR,SOUM(n=6),6,64,0,KendallTau,0.9999999999999999,0.03489640000043437,ok
RegressionMSR,SOUM(n=6),6,64,0,L2_Norm_Error,7.755983174291521e-14,0.03489640000043437,ok
ProxySPEX,SOUM(n=6),6,64,0,MSE,0.24367213493130593,1.1928143999975873,ok
ProxySPEX,SOUM(n=6),6,64,0,MAE,0.23740213326086498,1.1928143999975873,ok
ProxySPEX,SOUM(n=6),6,64,0,SSE,1.7057049445191415,1.1928143999975873,ok
ProxySPEX,SOUM(n=6),6,64,0,SAE,1.661814932826055,1.1928143999975873,ok
ProxySPEX,SOUM(n=6),6,64,0,Precision@5,1.0,1.1928143999975873,ok
ProxySPEX,SOUM(n=6),6,64,0,Precision@10,1.0,1.1928143999975873,ok
ProxySPEX,SOUM(n=6),6,64,0,KendallTau,0.9999999999999999,1.1928143999975873,ok
ProxySPEX,SOUM(n=6),6,64,0,L2_Norm_Error,0.011418071727982409,1.1928143999975873,ok
OddSHAP,SOUM(n=6),6,64,0,MSE,2.479497236973967e-31,0.012098599996534176,ok
OddSHAP,SOUM(n=6),6,64,0,MAE,3.608224830031759e-16,0.012098599996534176,ok
OddSHAP,SOUM(n=6),6,64,0,SSE,1.735648065881777e-30,0.012098599996534176,ok
OddSHAP,SOUM(n=6),6,64,0,SAE,2.525757381022231e-15,0.012098599996534176,ok
OddSHAP,SOUM(n=6),6,64,0,Precision@5,1.0,0.012098599996534176,ok
OddSHAP,SOUM(n=6),6,64,0,Precision@10,1.0,0.012098599996534176,ok
OddSHAP,SOUM(n=6),6,64,0,KendallTau,0.9999999999999999,0.012098599996534176,ok
OddSHAP,SOUM(n=6),6,64,0,L2_Norm_Error,5.399992018022286e-31,0.012098599996534176,ok
ShaplEIG,SOUM(n=6),6,64,0,_,,0.0,skipped:incompatible_constructor(ImportError)
PolySHAPKAdd,SOUM(n=6),6,64,0,MSE,2.5103121160841627e-31,0.0012389000039547682,ok
PolySHAPKAdd,SOUM(n=6),6,64,0,MAE,3.2910182515674285e-16,0.0012389000039547682,ok
PolySHAPKAdd,SOUM(n=6),6,64,0,SSE,1.757218481258914e-30,0.0012389000039547682,ok
PolySHAPKAdd,SOUM(n=6),6,64,0,SAE,2.3037127760972e-15,0.0012389000039547682,ok
PolySHAPKAdd,SOUM(n=6),6,64,0,Precision@5,1.0,0.0012389000039547682,ok
PolySHAPKAdd,SOUM(n=6),6,64,0,Precision@10,1.0,0.0012389000039547682,ok
PolySHAPKAdd,SOUM(n=6),6,64,0,KendallTau,0.9999999999999999,0.0012389000039547682,ok
PolySHAPKAdd,SOUM(n=6),6,64,0,L2_Norm_Error,5.4671024381308625e-31,0.0012389000039547682,ok
PolySHAPPartial,SOUM(n=6),6,64,0,MSE,2.5103121160841627e-31,0.0007735000035609119,ok
PolySHAPPartial,SOUM(n=6),6,64,0,MAE,3.2910182515674285e-16,0.0007735000035609119,ok
PolySHAPPartial,SOUM(n=6),6,64,0,SSE,1.757218481258914e-30,0.0007735000035609119,ok
PolySHAPPartial,SOUM(n=6),6,64,0,SAE,2.3037127760972e-15,0.0007735000035609119,ok
PolySHAPPartial,SOUM(n=6),6,64,0,Precision@5,1.0,0.0007735000035609119,ok
PolySHAPPartial,SOUM(n=6),6,64,0,Precision@10,1.0,0.0007735000035609119,ok
PolySHAPPartial,SOUM(n=6),6,64,0,KendallTau,0.9999999999999999,0.0007735000035609119,ok
PolySHAPPartial,SOUM(n=6),6,64,0,L2_Norm_Error,5.4671024381308625e-31,0.0007735000035609119,ok
OptimizedKernelSHAP,SOUM(n=6),6,64,0,MSE,1.2479764970562818e-15,0.0010003999996115454,ok
OptimizedKernelSHAP,SOUM(n=6),6,64,0,MAE,2.3232010750387033e-08,0.0010003999996115454,ok
OptimizedKernelSHAP,SOUM(n=6),6,64,0,SSE,8.735835479393973e-15,0.0010003999996115454,ok
OptimizedKernelSHAP,SOUM(n=6),6,64,0,SAE,1.6262407525270923e-07,0.0010003999996115454,ok
OptimizedKernelSHAP,SOUM(n=6),6,64,0,Precision@5,1.0,0.0010003999996115454,ok
OptimizedKernelSHAP,SOUM(n=6),6,64,0,Precision@10,1.0,0.0010003999996115454,ok
OptimizedKernelSHAP,SOUM(n=6),6,64,0,KendallTau,0.9999999999999999,0.0010003999996115454,ok
OptimizedKernelSHAP,SOUM(n=6),6,64,0,L2_Norm_Error,2.7179151572710906e-15,0.0010003999996115454,ok
OwenSamplingSV,SOUM(n=6),6,3,42,MSE,0.21913318639326004,0.0009341000040876679,ok
OwenSamplingSV,SOUM(n=6),6,3,42,MAE,0.35778205765580917,0.0009341000040876679,ok
OwenSamplingSV,SOUM(n=6),6,3,42,SSE,1.5339323047528204,0.0009341000040876679,ok
OwenSamplingSV,SOUM(n=6),6,3,42,SAE,2.504474403590664,0.0009341000040876679,ok
OwenSamplingSV,SOUM(n=6),6,3,42,Precision@5,0.8,0.0009341000040876679,ok
OwenSamplingSV,SOUM(n=6),6,3,42,Precision@10,1.0,0.0009341000040876679,ok
OwenSamplingSV,SOUM(n=6),6,3,42,KendallTau,nan,0.0009341000040876679,ok
OwenSamplingSV,SOUM(n=6),6,3,42,L2_Norm_Error,1.0,0.0009341000040876679,ok
StratifiedSamplingSV,SOUM(n=6),6,3,42,MSE,0.21913318639326004,0.0008431999958702363,ok
StratifiedSamplingSV,SOUM(n=6),6,3,42,MAE,0.35778205765580917,0.0008431999958702363,ok
StratifiedSamplingSV,SOUM(n=6),6,3,42,SSE,1.5339323047528204,0.0008431999958702363,ok
StratifiedSamplingSV,SOUM(n=6),6,3,42,SAE,2.504474403590664,0.0008431999958702363,ok
StratifiedSamplingSV,SOUM(n=6),6,3,42,Precision@5,0.8,0.0008431999958702363,ok
StratifiedSamplingSV,SOUM(n=6),6,3,42,Precision@10,1.0,0.0008431999958702363,ok
StratifiedSamplingSV,SOUM(n=6),6,3,42,KendallTau,nan,0.0008431999958702363,ok
StratifiedSamplingSV,SOUM(n=6),6,3,42,L2_Norm_Error,1.0,0.0008431999958702363,ok
SVARM,SOUM(n=6),6,3,42,MSE,0.15829419030156652,0.003559999997378327,ok
SVARM,SOUM(n=6),6,3,42,MAE,0.2940881300829749,0.003559999997378327,ok
SVARM,SOUM(n=6),6,3,42,SSE,1.1080593321109657,0.003559999997378327,ok
SVARM,SOUM(n=6),6,3,42,SAE,2.0586169105808243,0.003559999997378327,ok
SVARM,SOUM(n=6),6,3,42,Precision@5,0.8,0.003559999997378327,ok
SVARM,SOUM(n=6),6,3,42,Precision@10,1.0,0.003559999997378327,ok
SVARM,SOUM(n=6),6,3,42,KendallTau,-0.5773502691896257,0.003559999997378327,ok
SVARM,SOUM(n=6),6,3,42,L2_Norm_Error,0.7223652104318382,0.003559999997378327,ok
UnbiasedKernelSHAP,SOUM(n=6),6,3,42,MSE,2.033301769994767,0.0009669000064604916,ok
UnbiasedKernelSHAP,SOUM(n=6),6,3,42,MAE,0.9693944430877348,0.0009669000064604916,ok
UnbiasedKernelSHAP,SOUM(n=6),6,3,42,SSE,14.233112389963368,0.0009669000064604916,ok
UnbiasedKernelSHAP,SOUM(n=6),6,3,42,SAE,6.785761101614144,0.0009669000064604916,ok
UnbiasedKernelSHAP,SOUM(n=6),6,3,42,Precision@5,0.8,0.0009669000064604916,ok
UnbiasedKernelSHAP,SOUM(n=6),6,3,42,Precision@10,1.0,0.0009669000064604916,ok
UnbiasedKernelSHAP,SOUM(n=6),6,3,42,KendallTau,-0.5773502691896257,0.0009669000064604916,ok
UnbiasedKernelSHAP,SOUM(n=6),6,3,42,L2_Norm_Error,9.278839976094583,0.0009669000064604916,ok
PermutationSamplingSV,SOUM(n=6),6,3,42,MSE,0.21913318639326004,0.0005566000036196783,ok
PermutationSamplingSV,SOUM(n=6),6,3,42,MAE,0.35778205765580917,0.0005566000036196783,ok
PermutationSamplingSV,SOUM(n=6),6,3,42,SSE,1.5339323047528204,0.0005566000036196783,ok
PermutationSamplingSV,SOUM(n=6),6,3,42,SAE,2.504474403590664,0.0005566000036196783,ok
PermutationSamplingSV,SOUM(n=6),6,3,42,Precision@5,0.8,0.0005566000036196783,ok
PermutationSamplingSV,SOUM(n=6),6,3,42,Precision@10,1.0,0.0005566000036196783,ok
PermutationSamplingSV,SOUM(n=6),6,3,42,KendallTau,nan,0.0005566000036196783,ok
PermutationSamplingSV,SOUM(n=6),6,3,42,L2_Norm_Error,1.0,0.0005566000036196783,ok
KernelSHAP,SOUM(n=6),6,3,42,MSE,0.10788217140856858,0.0008118000041577034,ok
KernelSHAP,SOUM(n=6),6,3,42,MAE,0.28522041163265444,0.0008118000041577034,ok
KernelSHAP,SOUM(n=6),6,3,42,SSE,0.75517519985998,0.0008118000041577034,ok
KernelSHAP,SOUM(n=6),6,3,42,SAE,1.996542881428581,0.0008118000041577034,ok
KernelSHAP,SOUM(n=6),6,3,42,Precision@5,0.8,0.0008118000041577034,ok
KernelSHAP,SOUM(n=6),6,3,42,Precision@10,1.0,0.0008118000041577034,ok
KernelSHAP,SOUM(n=6),6,3,42,KendallTau,0.2760262237369417,0.0008118000041577034,ok
KernelSHAP,SOUM(n=6),6,3,42,L2_Norm_Error,0.49231325106075646,0.0008118000041577034,ok
LeverageSHAP,SOUM(n=6),6,3,42,MSE,0.10642618073592158,0.0005063999997219071,ok
LeverageSHAP,SOUM(n=6),6,3,42,MAE,0.2644175720500865,0.0005063999997219071,ok
LeverageSHAP,SOUM(n=6),6,3,42,SSE,0.7449832651514511,0.0005063999997219071,ok
LeverageSHAP,SOUM(n=6),6,3,42,SAE,1.8509230043506055,0.0005063999997219071,ok
LeverageSHAP,SOUM(n=6),6,3,42,Precision@5,0.8,0.0005063999997219071,ok
LeverageSHAP,SOUM(n=6),6,3,42,Precision@10,1.0,0.0005063999997219071,ok
LeverageSHAP,SOUM(n=6),6,3,42,KendallTau,0.18257418583505536,0.0005063999997219071,ok
LeverageSHAP,SOUM(n=6),6,3,42,L2_Norm_Error,0.48566893261401034,0.0005063999997219071,ok
kADDSHAP,SOUM(n=6),6,3,42,MSE,0.10788217140856873,0.00078600000415463,ok
kADDSHAP,SOUM(n=6),6,3,42,MAE,0.2852204116326546,0.00078600000415463,ok
kADDSHAP,SOUM(n=6),6,3,42,SSE,0.7551751998599812,0.00078600000415463,ok
kADDSHAP,SOUM(n=6),6,3,42,SAE,1.9965428814285824,0.00078600000415463,ok
kADDSHAP,SOUM(n=6),6,3,42,Precision@5,0.8,0.00078600000415463,ok
kADDSHAP,SOUM(n=6),6,3,42,Precision@10,1.0,0.00078600000415463,ok
kADDSHAP,SOUM(n=6),6,3,42,KendallTau,-0.14907119849998599,0.00078600000415463,ok
kADDSHAP,SOUM(n=6),6,3,42,L2_Norm_Error,0.4923132510607572,0.00078600000415463,ok
SPEX,SOUM(n=6),6,3,42,_,,0.1777111000046716,skipped:refused_regime(ValueError)
RegressionMSR,SOUM(n=6),6,3,42,MSE,0.1778929823208887,0.04135899999528192,ok
RegressionMSR,SOUM(n=6),6,3,42,MAE,0.30580495813676023,0.04135899999528192,ok
RegressionMSR,SOUM(n=6),6,3,42,SSE,1.2452508762462209,0.04135899999528192,ok
RegressionMSR,SOUM(n=6),6,3,42,SAE,2.1406347069573215,0.04135899999528192,ok
RegressionMSR,SOUM(n=6),6,3,42,Precision@5,0.8,0.04135899999528192,ok
RegressionMSR,SOUM(n=6),6,3,42,Precision@10,1.0,0.04135899999528192,ok
RegressionMSR,SOUM(n=6),6,3,42,KendallTau,0.7745966692414834,0.04135899999528192,ok
RegressionMSR,SOUM(n=6),6,3,42,L2_Norm_Error,0.8118030191996524,0.04135899999528192,ok
ProxySPEX,SOUM(n=6),6,3,42,_,,0.0016887999954633415,skipped:refused_regime(ValueError)
OddSHAP,SOUM(n=6),6,3,42,_,,5.999994755256921e-06,skipped:refused_regime(ValueError)
ShaplEIG,SOUM(n=6),6,3,42,_,,0.0,skipped:incompatible_constructor(ImportError)
PolySHAPKAdd,SOUM(n=6),6,3,42,MSE,0.10788217140856855,0.0009764999995240942,ok
PolySHAPKAdd,SOUM(n=6),6,3,42,MAE,0.2852204116326545,0.0009764999995240942,ok
PolySHAPKAdd,SOUM(n=6),6,3,42,SSE,0.7551751998599798,0.0009764999995240942,ok
PolySHAPKAdd,SOUM(n=6),6,3,42,SAE,1.9965428814285813,0.0009764999995240942,ok
PolySHAPKAdd,SOUM(n=6),6,3,42,Precision@5,0.8,0.0009764999995240942,ok
PolySHAPKAdd,SOUM(n=6),6,3,42,Precision@10,1.0,0.0009764999995240942,ok
PolySHAPKAdd,SOUM(n=6),6,3,42,KendallTau,0.14907119849998599,0.0009764999995240942,ok
PolySHAPKAdd,SOUM(n=6),6,3,42,L2_Norm_Error,0.4923132510607563,0.0009764999995240942,ok
PolySHAPPartial,SOUM(n=6),6,3,42,MSE,0.10788217140856855,0.0009046999985002913,ok
PolySHAPPartial,SOUM(n=6),6,3,42,MAE,0.2852204116326545,0.0009046999985002913,ok
PolySHAPPartial,SOUM(n=6),6,3,42,SSE,0.7551751998599798,0.0009046999985002913,ok
PolySHAPPartial,SOUM(n=6),6,3,42,SAE,1.9965428814285813,0.0009046999985002913,ok
PolySHAPPartial,SOUM(n=6),6,3,42,Precision@5,0.8,0.0009046999985002913,ok
PolySHAPPartial,SOUM(n=6),6,3,42,Precision@10,1.0,0.0009046999985002913,ok
PolySHAPPartial,SOUM(n=6),6,3,42,KendallTau,0.14907119849998599,0.0009046999985002913,ok
PolySHAPPartial,SOUM(n=6),6,3,42,L2_Norm_Error,0.4923132510607563,0.0009046999985002913,ok
OptimizedKernelSHAP,SOUM(n=6),6,3,42,MSE,0.10788217140856858,0.0012276999987079762,ok
OptimizedKernelSHAP,SOUM(n=6),6,3,42,MAE,0.28522041163265444,0.0012276999987079762,ok
OptimizedKernelSHAP,SOUM(n=6),6,3,42,SSE,0.75517519985998,0.0012276999987079762,ok
OptimizedKernelSHAP,SOUM(n=6),6,3,42,SAE,1.996542881428581,0.0012276999987079762,ok
OptimizedKernelSHAP,SOUM(n=6),6,3,42,Precision@5,0.8,0.0012276999987079762,ok
OptimizedKernelSHAP,SOUM(n=6),6,3,42,Precision@10,1.0,0.0012276999987079762,ok
OptimizedKernelSHAP,SOUM(n=6),6,3,42,KendallTau,0.2760262237369417,0.0012276999987079762,ok
OptimizedKernelSHAP,SOUM(n=6),6,3,42,L2_Norm_Error,0.49231325106075646,0.0012276999987079762,ok
OwenSamplingSV,SOUM(n=6),6,16,42,MSE,0.1545738475312053,0.007151099998736754,ok
OwenSamplingSV,SOUM(n=6),6,16,42,MAE,0.31494002665892856,0.007151099998736754,ok
OwenSamplingSV,SOUM(n=6),6,16,42,SSE,1.082016932718437,0.007151099998736754,ok
OwenSamplingSV,SOUM(n=6),6,16,42,SAE,2.2045801866125,0.007151099998736754,ok
OwenSamplingSV,SOUM(n=6),6,16,42,Precision@5,0.8,0.007151099998736754,ok
OwenSamplingSV,SOUM(n=6),6,16,42,Precision@10,1.0,0.007151099998736754,ok
OwenSamplingSV,SOUM(n=6),6,16,42,KendallTau,0.4472135954999579,0.007151099998736754,ok
OwenSamplingSV,SOUM(n=6),6,16,42,L2_Norm_Error,0.7053876689120219,0.007151099998736754,ok
StratifiedSamplingSV,SOUM(n=6),6,16,42,MSE,0.1545738475312053,0.007168199997977354,ok
StratifiedSamplingSV,SOUM(n=6),6,16,42,MAE,0.31494002665892856,0.007168199997977354,ok
StratifiedSamplingSV,SOUM(n=6),6,16,42,SSE,1.082016932718437,0.007168199997977354,ok
StratifiedSamplingSV,SOUM(n=6),6,16,42,SAE,2.2045801866125,0.007168199997977354,ok
StratifiedSamplingSV,SOUM(n=6),6,16,42,Precision@5,0.8,0.007168199997977354,ok
StratifiedSamplingSV,SOUM(n=6),6,16,42,Precision@10,1.0,0.007168199997977354,ok
StratifiedSamplingSV,SOUM(n=6),6,16,42,KendallTau,0.4472135954999579,0.007168199997977354,ok
StratifiedSamplingSV,SOUM(n=6),6,16,42,L2_Norm_Error,0.7053876689120219,0.007168199997977354,ok
SVARM,SOUM(n=6),6,16,42,MSE,0.02589151262907603,0.009361700002045836,ok
SVARM,SOUM(n=6),6,16,42,MAE,0.13108619257486978,0.009361700002045836,ok
SVARM,SOUM(n=6),6,16,42,SSE,0.18124058840353222,0.009361700002045836,ok
SVARM,SOUM(n=6),6,16,42,SAE,0.9176033480240884,0.009361700002045836,ok
SVARM,SOUM(n=6),6,16,42,Precision@5,0.8,0.009361700002045836,ok
SVARM,SOUM(n=6),6,16,42,Precision@10,1.0,0.009361700002045836,ok
SVARM,SOUM(n=6),6,16,42,KendallTau,0.7333333333333333,0.009361700002045836,ok
SVARM,SOUM(n=6),6,16,42,L2_Norm_Error,0.11815422873745235,0.009361700002045836,ok
UnbiasedKernelSHAP,SOUM(n=6),6,16,42,MSE,0.09269829445898238,0.0024722000016481616,ok
UnbiasedKernelSHAP,SOUM(n=6),6,16,42,MAE,0.2514055938609991,0.0024722000016481616,ok
UnbiasedKernelSHAP,SOUM(n=6),6,16,42,SSE,0.6488880612128767,0.0024722000016481616,ok
UnbiasedKernelSHAP,SOUM(n=6),6,16,42,SAE,1.7598391570269936,0.0024722000016481616,ok
UnbiasedKernelSHAP,SOUM(n=6),6,16,42,Precision@5,1.0,0.0024722000016481616,ok
UnbiasedKernelSHAP,SOUM(n=6),6,16,42,Precision@10,1.0,0.0024722000016481616,ok
UnbiasedKernelSHAP,SOUM(n=6),6,16,42,KendallTau,0.4666666666666666,0.0024722000016481616,ok
UnbiasedKernelSHAP,SOUM(n=6),6,16,42,L2_Norm_Error,0.4230226191875131,0.0024722000016481616,ok
PermutationSamplingSV,SOUM(n=6),6,16,42,MSE,0.1828411635608639,0.0014856999987387098,ok
PermutationSamplingSV,SOUM(n=6),6,16,42,MAE,0.31218699143636186,0.0014856999987387098,ok
PermutationSamplingSV,SOUM(n=6),6,16,42,SSE,1.2798881449260473,0.0014856999987387098,ok
PermutationSamplingSV,SOUM(n=6),6,16,42,SAE,2.185308940054533,0.0014856999987387098,ok
PermutationSamplingSV,SOUM(n=6),6,16,42,Precision@5,0.8,0.0014856999987387098,ok
PermutationSamplingSV,SOUM(n=6),6,16,42,Precision@10,1.0,0.0014856999987387098,ok
PermutationSamplingSV,SOUM(n=6),6,16,42,KendallTau,0.6,0.0014856999987387098,ok
PermutationSamplingSV,SOUM(n=6),6,16,42,L2_Norm_Error,0.8343837214721741,0.0014856999987387098,ok
KernelSHAP,SOUM(n=6),6,16,42,MSE,0.11866145094709331,0.00215609999577282,ok
KernelSHAP,SOUM(n=6),6,16,42,MAE,0.30421283353402423,0.00215609999577282,ok
KernelSHAP,SOUM(n=6),6,16,42,SSE,0.8306301566296531,0.00215609999577282,ok
KernelSHAP,SOUM(n=6),6,16,42,SAE,2.1294898347381697,0.00215609999577282,ok
KernelSHAP,SOUM(n=6),6,16,42,Precision@5,0.8,0.00215609999577282,ok
KernelSHAP,SOUM(n=6),6,16,42,Precision@10,1.0,0.00215609999577282,ok
KernelSHAP,SOUM(n=6),6,16,42,KendallTau,0.8666666666666666,0.00215609999577282,ok
KernelSHAP,SOUM(n=6),6,16,42,L2_Norm_Error,0.5415037900016727,0.00215609999577282,ok
LeverageSHAP,SOUM(n=6),6,16,42,MSE,0.05470368526783354,0.0009313000045949593,ok
LeverageSHAP,SOUM(n=6),6,16,42,MAE,0.18127048649852154,0.0009313000045949593,ok
LeverageSHAP,SOUM(n=6),6,16,42,SSE,0.3829257968748348,0.0009313000045949593,ok
LeverageSHAP,SOUM(n=6),6,16,42,SAE,1.2688934054896508,0.0009313000045949593,ok
LeverageSHAP,SOUM(n=6),6,16,42,Precision@5,0.8,0.0009313000045949593,ok
LeverageSHAP,SOUM(n=6),6,16,42,Precision@10,1.0,0.0009313000045949593,ok
LeverageSHAP,SOUM(n=6),6,16,42,KendallTau,0.7333333333333333,0.0009313000045949593,ok
LeverageSHAP,SOUM(n=6),6,16,42,L2_Norm_Error,0.2496366988871389,0.0009313000045949593,ok
kADDSHAP,SOUM(n=6),6,16,42,MSE,0.11866144172643892,0.002067599998554215,ok
kADDSHAP,SOUM(n=6),6,16,42,MAE,0.304212824431846,0.002067599998554215,ok
kADDSHAP,SOUM(n=6),6,16,42,SSE,0.8306300920850724,0.002067599998554215,ok
kADDSHAP,SOUM(n=6),6,16,42,SAE,2.129489771022922,0.002067599998554215,ok
kADDSHAP,SOUM(n=6),6,16,42,Precision@5,0.8,0.002067599998554215,ok
kADDSHAP,SOUM(n=6),6,16,42,Precision@10,1.0,0.002067599998554215,ok
kADDSHAP,SOUM(n=6),6,16,42,KendallTau,0.8666666666666666,0.002067599998554215,ok
kADDSHAP,SOUM(n=6),6,16,42,L2_Norm_Error,0.5415037479238181,0.002067599998554215,ok
SPEX,SOUM(n=6),6,16,42,_,,0.18089039999904344,skipped:refused_regime(ValueError)
RegressionMSR,SOUM(n=6),6,16,42,MSE,0.004906598756473501,0.026632000000972766,ok
RegressionMSR,SOUM(n=6),6,16,42,MAE,0.04529393907627861,0.026632000000972766,ok
RegressionMSR,SOUM(n=6),6,16,42,SSE,0.03434619129531451,0.026632000000972766,ok
RegressionMSR,SOUM(n=6),6,16,42,SAE,0.31705757353395025,0.026632000000972766,ok
RegressionMSR,SOUM(n=6),6,16,42,Precision@5,1.0,0.026632000000972766,ok
RegressionMSR,SOUM(n=6),6,16,42,Precision@10,1.0,0.026632000000972766,ok
RegressionMSR,SOUM(n=6),6,16,42,KendallTau,0.9999999999999999,0.026632000000972766,ok
RegressionMSR,SOUM(n=6),6,16,42,L2_Norm_Error,0.02239094332187566,0.026632000000972766,ok
ProxySPEX,SOUM(n=6),6,16,42,MSE,0.4162384056040813,0.326783800002886,ok
ProxySPEX,SOUM(n=6),6,16,42,MAE,0.5255851817586957,0.326783800002886,ok
ProxySPEX,SOUM(n=6),6,16,42,SSE,2.9136688392285692,0.326783800002886,ok
ProxySPEX,SOUM(n=6),6,16,42,SAE,3.67909627231087,0.326783800002886,ok
ProxySPEX,SOUM(n=6),6,16,42,Precision@5,0.8,0.326783800002886,ok
ProxySPEX,SOUM(n=6),6,16,42,Precision@10,1.0,0.326783800002886,ok
ProxySPEX,SOUM(n=6),6,16,42,KendallTau,nan,0.326783800002886,ok
ProxySPEX,SOUM(n=6),6,16,42,L2_Norm_Error,1.0,0.326783800002886,ok
OddSHAP,SOUM(n=6),6,16,42,MSE,0.21539067332201406,0.004220700000587385,ok
OddSHAP,SOUM(n=6),6,16,42,MAE,0.3528319473355129,0.004220700000587385,ok
OddSHAP,SOUM(n=6),6,16,42,SSE,1.5077347132540984,0.004220700000587385,ok
OddSHAP,SOUM(n=6),6,16,42,SAE,2.46982363134859,0.004220700000587385,ok
OddSHAP,SOUM(n=6),6,16,42,Precision@5,0.8,0.004220700000587385,ok
OddSHAP,SOUM(n=6),6,16,42,Precision@10,1.0,0.004220700000587385,ok
OddSHAP,SOUM(n=6),6,16,42,KendallTau,0.43033148291193524,0.004220700000587385,ok
OddSHAP,SOUM(n=6),6,16,42,L2_Norm_Error,0.9829212857584719,0.004220700000587385,ok
ShaplEIG,SOUM(n=6),6,16,42,_,,0.0,skipped:incompatible_constructor(ImportError)
PolySHAPKAdd,SOUM(n=6),6,16,42,MSE,0.11866145519619518,0.001272099994821474,ok
PolySHAPKAdd,SOUM(n=6),6,16,42,MAE,0.30421283561898976,0.001272099994821474,ok
PolySHAPKAdd,SOUM(n=6),6,16,42,SSE,0.8306301863733663,0.001272099994821474,ok
PolySHAPKAdd,SOUM(n=6),6,16,42,SAE,2.1294898493329284,0.001272099994821474,ok
PolySHAPKAdd,SOUM(n=6),6,16,42,Precision@5,0.8,0.001272099994821474,ok
PolySHAPKAdd,SOUM(n=6),6,16,42,Precision@10,1.0,0.001272099994821474,ok
PolySHAPKAdd,SOUM(n=6),6,16,42,KendallTau,0.8666666666666666,0.001272099994821474,ok
PolySHAPKAdd,SOUM(n=6),6,16,42,L2_Norm_Error,0.5415038093921719,0.001272099994821474,ok
PolySHAPPartial,SOUM(n=6),6,16,42,MSE,0.11866145519619518,0.001239600002008956,ok
PolySHAPPartial,SOUM(n=6),6,16,42,MAE,0.30421283561898976,0.001239600002008956,ok
PolySHAPPartial,SOUM(n=6),6,16,42,SSE,0.8306301863733663,0.001239600002008956,ok
PolySHAPPartial,SOUM(n=6),6,16,42,SAE,2.1294898493329284,0.001239600002008956,ok
PolySHAPPartial,SOUM(n=6),6,16,42,Precision@5,0.8,0.001239600002008956,ok
PolySHAPPartial,SOUM(n=6),6,16,42,Precision@10,1.0,0.001239600002008956,ok
PolySHAPPartial,SOUM(n=6),6,16,42,KendallTau,0.8666666666666666,0.001239600002008956,ok
PolySHAPPartial,SOUM(n=6),6,16,42,L2_Norm_Error,0.5415038093921719,0.001239600002008956,ok
OptimizedKernelSHAP,SOUM(n=6),6,16,42,MSE,0.007993615385896461,0.0014044999988982454,ok
OptimizedKernelSHAP,SOUM(n=6),6,16,42,MAE,0.06004678843716819,0.0014044999988982454,ok
OptimizedKernelSHAP,SOUM(n=6),6,16,42,SSE,0.05595530770127523,0.0014044999988982454,ok
OptimizedKernelSHAP,SOUM(n=6),6,16,42,SAE,0.4203275190601773,0.0014044999988982454,ok
OptimizedKernelSHAP,SOUM(n=6),6,16,42,Precision@5,1.0,0.0014044999988982454,ok
OptimizedKernelSHAP,SOUM(n=6),6,16,42,Precision@10,1.0,0.0014044999988982454,ok
OptimizedKernelSHAP,SOUM(n=6),6,16,42,KendallTau,0.8666666666666666,0.0014044999988982454,ok
OptimizedKernelSHAP,SOUM(n=6),6,16,42,L2_Norm_Error,0.03647834231530311,0.0014044999988982454,ok
OwenSamplingSV,SOUM(n=6),6,32,42,MSE,0.13176192985093654,0.00904640000226209,ok
OwenSamplingSV,SOUM(n=6),6,32,42,MAE,0.29614307151041774,0.00904640000226209,ok
OwenSamplingSV,SOUM(n=6),6,32,42,SSE,0.9223335089565557,0.00904640000226209,ok
OwenSamplingSV,SOUM(n=6),6,32,42,SAE,2.073001500572924,0.00904640000226209,ok
OwenSamplingSV,SOUM(n=6),6,32,42,Precision@5,0.8,0.00904640000226209,ok
OwenSamplingSV,SOUM(n=6),6,32,42,Precision@10,1.0,0.00904640000226209,ok
OwenSamplingSV,SOUM(n=6),6,32,42,KendallTau,0.4472135954999579,0.00904640000226209,ok
OwenSamplingSV,SOUM(n=6),6,32,42,L2_Norm_Error,0.6012869708126928,0.00904640000226209,ok
StratifiedSamplingSV,SOUM(n=6),6,32,42,MSE,0.15432885379700728,0.00890820000495296,ok
StratifiedSamplingSV,SOUM(n=6),6,32,42,MAE,0.33083418323170205,0.00890820000495296,ok
StratifiedSamplingSV,SOUM(n=6),6,32,42,SSE,1.080301976579051,0.00890820000495296,ok
StratifiedSamplingSV,SOUM(n=6),6,32,42,SAE,2.3158392826219143,0.00890820000495296,ok
StratifiedSamplingSV,SOUM(n=6),6,32,42,Precision@5,0.8,0.00890820000495296,ok
StratifiedSamplingSV,SOUM(n=6),6,32,42,Precision@10,1.0,0.00890820000495296,ok
StratifiedSamplingSV,SOUM(n=6),6,32,42,KendallTau,0.5520524474738834,0.00890820000495296,ok
StratifiedSamplingSV,SOUM(n=6),6,32,42,L2_Norm_Error,0.7042696559892401,0.00890820000495296,ok
SVARM,SOUM(n=6),6,32,42,MSE,0.0040508717985374655,0.006347399998048786,ok
SVARM,SOUM(n=6),6,32,42,MAE,0.05490946622682732,0.006347399998048786,ok
SVARM,SOUM(n=6),6,32,42,SSE,0.028356102589762257,0.006347399998048786,ok
SVARM,SOUM(n=6),6,32,42,SAE,0.38436626358779125,0.006347399998048786,ok
SVARM,SOUM(n=6),6,32,42,Precision@5,1.0,0.006347399998048786,ok
SVARM,SOUM(n=6),6,32,42,Precision@10,1.0,0.006347399998048786,ok
SVARM,SOUM(n=6),6,32,42,KendallTau,0.8666666666666666,0.006347399998048786,ok
SVARM,SOUM(n=6),6,32,42,L2_Norm_Error,0.018485889176401166,0.006347399998048786,ok
UnbiasedKernelSHAP,SOUM(n=6),6,32,42,MSE,0.03792404107988063,0.002104300001519732,ok
UnbiasedKernelSHAP,SOUM(n=6),6,32,42,MAE,0.15464033506645541,0.002104300001519732,ok
UnbiasedKernelSHAP,SOUM(n=6),6,32,42,SSE,0.2654682875591644,0.002104300001519732,ok
UnbiasedKernelSHAP,SOUM(n=6),6,32,42,SAE,1.082482345465188,0.002104300001519732,ok
UnbiasedKernelSHAP,SOUM(n=6),6,32,42,Precision@5,1.0,0.002104300001519732,ok
UnbiasedKernelSHAP,SOUM(n=6),6,32,42,Precision@10,1.0,0.002104300001519732,ok
UnbiasedKernelSHAP,SOUM(n=6),6,32,42,KendallTau,0.7333333333333333,0.002104300001519732,ok
UnbiasedKernelSHAP,SOUM(n=6),6,32,42,L2_Norm_Error,0.17306388732841915,0.002104300001519732,ok
PermutationSamplingSV,SOUM(n=6),6,32,42,MSE,0.018874978176035288,0.0012720000013359822,ok
PermutationSamplingSV,SOUM(n=6),6,32,42,MAE,0.10208892982560965,0.0012720000013359822,ok
PermutationSamplingSV,SOUM(n=6),6,32,42,SSE,0.13212484723224702,0.0012720000013359822,ok
PermutationSamplingSV,SOUM(n=6),6,32,42,SAE,0.7146225087792675,0.0012720000013359822,ok
PermutationSamplingSV,SOUM(n=6),6,32,42,Precision@5,0.8,0.0012720000013359822,ok
PermutationSamplingSV,SOUM(n=6),6,32,42,Precision@10,1.0,0.0012720000013359822,ok
PermutationSamplingSV,SOUM(n=6),6,32,42,KendallTau,0.9999999999999999,0.0012720000013359822,ok
PermutationSamplingSV,SOUM(n=6),6,32,42,L2_Norm_Error,0.08613473151511583,0.0012720000013359822,ok
KernelSHAP,SOUM(n=6),6,32,42,MSE,0.02112861074773851,0.0017552999997860752,ok
KernelSHAP,SOUM(n=6),6,32,42,MAE,0.10219229641296439,0.0017552999997860752,ok
KernelSHAP,SOUM(n=6),6,32,42,SSE,0.14790027523416957,0.0017552999997860752,ok
KernelSHAP,SOUM(n=6),6,32,42,SAE,0.7153460748907507,0.0017552999997860752,ok
KernelSHAP,SOUM(n=6),6,32,42,Precision@5,1.0,0.0017552999997860752,ok
KernelSHAP,SOUM(n=6),6,32,42,Precision@10,1.0,0.0017552999997860752,ok
KernelSHAP,SOUM(n=6),6,32,42,KendallTau,0.7333333333333333,0.0017552999997860752,ok
KernelSHAP,SOUM(n=6),6,32,42,L2_Norm_Error,0.09641903673056966,0.0017552999997860752,ok
LeverageSHAP,SOUM(n=6),6,32,42,MSE,0.0023635141078431443,0.0006799999973736703,ok
LeverageSHAP,SOUM(n=6),6,32,42,MAE,0.03675770021732267,0.0006799999973736703,ok
LeverageSHAP,SOUM(n=6),6,32,42,SSE,0.01654459875490201,0.0006799999973736703,ok
LeverageSHAP,SOUM(n=6),6,32,42,SAE,0.2573039015212587,0.0006799999973736703,ok
LeverageSHAP,SOUM(n=6),6,32,42,Precision@5,0.8,0.0006799999973736703,ok
LeverageSHAP,SOUM(n=6),6,32,42,Precision@10,1.0,0.0006799999973736703,ok
LeverageSHAP,SOUM(n=6),6,32,42,KendallTau,0.8666666666666666,0.0006799999973736703,ok
LeverageSHAP,SOUM(n=6),6,32,42,L2_Norm_Error,0.01078574243702888,0.0006799999973736703,ok
kADDSHAP,SOUM(n=6),6,32,42,MSE,0.021128607537447962,0.0017332999996142462,ok
kADDSHAP,SOUM(n=6),6,32,42,MAE,0.10219229414161457,0.0017332999996142462,ok
kADDSHAP,SOUM(n=6),6,32,42,SSE,0.14790025276213573,0.0017332999996142462,ok
kADDSHAP,SOUM(n=6),6,32,42,SAE,0.715346058991302,0.0017332999996142462,ok
kADDSHAP,SOUM(n=6),6,32,42,Precision@5,1.0,0.0017332999996142462,ok
kADDSHAP,SOUM(n=6),6,32,42,Precision@10,1.0,0.0017332999996142462,ok
kADDSHAP,SOUM(n=6),6,32,42,KendallTau,0.7333333333333333,0.0017332999996142462,ok
kADDSHAP,SOUM(n=6),6,32,42,L2_Norm_Error,0.09641902208061819,0.0017332999996142462,ok
SPEX,SOUM(n=6),6,32,42,_,,0.18634490000113146,skipped:refused_regime(ValueError)
RegressionMSR,SOUM(n=6),6,32,42,MSE,0.0036580743246782425,0.03152319999935571,ok
RegressionMSR,SOUM(n=6),6,32,42,MAE,0.03848886386119589,0.03152319999935571,ok
RegressionMSR,SOUM(n=6),6,32,42,SSE,0.025606520272747697,0.03152319999935571,ok
RegressionMSR,SOUM(n=6),6,32,42,SAE,0.26942204702837125,0.03152319999935571,ok
RegressionMSR,SOUM(n=6),6,32,42,Precision@5,1.0,0.03152319999935571,ok
RegressionMSR,SOUM(n=6),6,32,42,Precision@10,1.0,0.03152319999935571,ok
RegressionMSR,SOUM(n=6),6,32,42,KendallTau,0.9999999999999999,0.03152319999935571,ok
RegressionMSR,SOUM(n=6),6,32,42,L2_Norm_Error,0.016693383530294682,0.03152319999935571,ok
ProxySPEX,SOUM(n=6),6,32,42,MSE,0.4162384056040813,0.33917880000080913,ok
ProxySPEX,SOUM(n=6),6,32,42,MAE,0.5255851817586957,0.33917880000080913,ok
ProxySPEX,SOUM(n=6),6,32,42,SSE,2.9136688392285692,0.33917880000080913,ok
ProxySPEX,SOUM(n=6),6,32,42,SAE,3.67909627231087,0.33917880000080913,ok
ProxySPEX,SOUM(n=6),6,32,42,Precision@5,0.8,0.33917880000080913,ok
ProxySPEX,SOUM(n=6),6,32,42,Precision@10,1.0,0.33917880000080913,ok
ProxySPEX,SOUM(n=6),6,32,42,KendallTau,nan,0.33917880000080913,ok
ProxySPEX,SOUM(n=6),6,32,42,L2_Norm_Error,1.0,0.33917880000080913,ok
OddSHAP,SOUM(n=6),6,32,42,MSE,0.19972559677469343,0.004999500000849366,ok
OddSHAP,SOUM(n=6),6,32,42,MAE,0.3528319473355129,0.004999500000849366,ok
OddSHAP,SOUM(n=6),6,32,42,SSE,1.398079177422854,0.004999500000849366,ok
OddSHAP,SOUM(n=6),6,32,42,SAE,2.46982363134859,0.004999500000849366,ok
OddSHAP,SOUM(n=6),6,32,42,Precision@5,0.8,0.004999500000849366,ok
OddSHAP,SOUM(n=6),6,32,42,Precision@10,1.0,0.004999500000849366,ok
OddSHAP,SOUM(n=6),6,32,42,KendallTau,-0.13801311186847084,0.004999500000849366,ok
OddSHAP,SOUM(n=6),6,32,42,L2_Norm_Error,0.9114347309141143,0.004999500000849366,ok
ShaplEIG,SOUM(n=6),6,32,42,_,,0.0,skipped:incompatible_constructor(ImportError)
PolySHAPKAdd,SOUM(n=6),6,32,42,MSE,0.021128611027950966,0.001650600002903957,ok
PolySHAPKAdd,SOUM(n=6),6,32,42,MAE,0.10219229538109868,0.001650600002903957,ok
PolySHAPKAdd,SOUM(n=6),6,32,42,SSE,0.14790027719565677,0.001650600002903957,ok
PolySHAPKAdd,SOUM(n=6),6,32,42,SAE,0.7153460676676908,0.001650600002903957,ok
PolySHAPKAdd,SOUM(n=6),6,32,42,Precision@5,1.0,0.001650600002903957,ok
PolySHAPKAdd,SOUM(n=6),6,32,42,Precision@10,1.0,0.001650600002903957,ok
PolySHAPKAdd,SOUM(n=6),6,32,42,KendallTau,0.7333333333333333,0.001650600002903957,ok
PolySHAPKAdd,SOUM(n=6),6,32,42,L2_Norm_Error,0.09641903800930093,0.001650600002903957,ok
PolySHAPPartial,SOUM(n=6),6,32,42,MSE,0.021128611027950966,0.0015885999964666553,ok
PolySHAPPartial,SOUM(n=6),6,32,42,MAE,0.10219229538109868,0.0015885999964666553,ok
PolySHAPPartial,SOUM(n=6),6,32,42,SSE,0.14790027719565677,0.0015885999964666553,ok
PolySHAPPartial,SOUM(n=6),6,32,42,SAE,0.7153460676676908,0.0015885999964666553,ok
PolySHAPPartial,SOUM(n=6),6,32,42,Precision@5,1.0,0.0015885999964666553,ok
PolySHAPPartial,SOUM(n=6),6,32,42,Precision@10,1.0,0.0015885999964666553,ok
PolySHAPPartial,SOUM(n=6),6,32,42,KendallTau,0.7333333333333333,0.0015885999964666553,ok
PolySHAPPartial,SOUM(n=6),6,32,42,L2_Norm_Error,0.09641903800930093,0.0015885999964666553,ok
OptimizedKernelSHAP,SOUM(n=6),6,32,42,MSE,0.0007711047732339366,0.002044100001512561,ok
OptimizedKernelSHAP,SOUM(n=6),6,32,42,MAE,0.02309398321496463,0.002044100001512561,ok
OptimizedKernelSHAP,SOUM(n=6),6,32,42,SSE,0.005397733412637556,0.002044100001512561,ok
OptimizedKernelSHAP,SOUM(n=6),6,32,42,SAE,0.1616578825047524,0.002044100001512561,ok
OptimizedKernelSHAP,SOUM(n=6),6,32,42,Precision@5,1.0,0.002044100001512561,ok
OptimizedKernelSHAP,SOUM(n=6),6,32,42,Precision@10,1.0,0.002044100001512561,ok
OptimizedKernelSHAP,SOUM(n=6),6,32,42,KendallTau,0.9999999999999999,0.002044100001512561,ok
OptimizedKernelSHAP,SOUM(n=6),6,32,42,L2_Norm_Error,0.003518886326282406,0.002044100001512561,ok
OwenSamplingSV,SOUM(n=6),6,64,42,MSE,0.09426648095792098,0.018563700003142003,ok
OwenSamplingSV,SOUM(n=6),6,64,42,MAE,0.25670802849212576,0.018563700003142003,ok
OwenSamplingSV,SOUM(n=6),6,64,42,SSE,0.6598653667054468,0.018563700003142003,ok
OwenSamplingSV,SOUM(n=6),6,64,42,SAE,1.7969561994448804,0.018563700003142003,ok
OwenSamplingSV,SOUM(n=6),6,64,42,Precision@5,0.8,0.018563700003142003,ok
OwenSamplingSV,SOUM(n=6),6,64,42,Precision@10,1.0,0.018563700003142003,ok
OwenSamplingSV,SOUM(n=6),6,64,42,KendallTau,0.6,0.018563700003142003,ok
OwenSamplingSV,SOUM(n=6),6,64,42,L2_Norm_Error,0.4301789359679587,0.018563700003142003,ok
StratifiedSamplingSV,SOUM(n=6),6,64,42,MSE,0.01227356374015619,0.017757000001438428,ok
StratifiedSamplingSV,SOUM(n=6),6,64,42,MAE,0.05311845284423291,0.017757000001438428,ok
StratifiedSamplingSV,SOUM(n=6),6,64,42,SSE,0.08591494618109333,0.017757000001438428,ok
StratifiedSamplingSV,SOUM(n=6),6,64,42,SAE,0.3718291699096304,0.017757000001438428,ok
StratifiedSamplingSV,SOUM(n=6),6,64,42,Precision@5,1.0,0.017757000001438428,ok
StratifiedSamplingSV,SOUM(n=6),6,64,42,Precision@10,1.0,0.017757000001438428,ok
StratifiedSamplingSV,SOUM(n=6),6,64,42,KendallTau,0.7333333333333333,0.017757000001438428,ok
StratifiedSamplingSV,SOUM(n=6),6,64,42,L2_Norm_Error,0.05600960740893827,0.017757000001438428,ok
SVARM,SOUM(n=6),6,64,42,MSE,1.3564049465470104e-32,0.007024800004728604,ok
SVARM,SOUM(n=6),6,64,42,MAE,8.524926796228881e-17,0.007024800004728604,ok
SVARM,SOUM(n=6),6,64,42,SSE,9.494834625829073e-32,0.007024800004728604,ok
SVARM,SOUM(n=6),6,64,42,SAE,5.967448757360216e-16,0.007024800004728604,ok
SVARM,SOUM(n=6),6,64,42,Precision@5,1.0,0.007024800004728604,ok
SVARM,SOUM(n=6),6,64,42,Precision@10,1.0,0.007024800004728604,ok
SVARM,SOUM(n=6),6,64,42,KendallTau,0.9999999999999999,0.007024800004728604,ok
SVARM,SOUM(n=6),6,64,42,L2_Norm_Error,6.189865482596431e-32,0.007024800004728604,ok
UnbiasedKernelSHAP,SOUM(n=6),6,64,42,MSE,1.3564049465470104e-32,0.00221649999730289,ok
UnbiasedKernelSHAP,SOUM(n=6),6,64,42,MAE,8.524926796228881e-17,0.00221649999730289,ok
UnbiasedKernelSHAP,SOUM(n=6),6,64,42,SSE,9.494834625829073e-32,0.00221649999730289,ok
UnbiasedKernelSHAP,SOUM(n=6),6,64,42,SAE,5.967448757360216e-16,0.00221649999730289,ok
UnbiasedKernelSHAP,SOUM(n=6),6,64,42,Precision@5,1.0,0.00221649999730289,ok
UnbiasedKernelSHAP,SOUM(n=6),6,64,42,Precision@10,1.0,0.00221649999730289,ok
UnbiasedKernelSHAP,SOUM(n=6),6,64,42,KendallTau,0.9999999999999999,0.00221649999730289,ok
UnbiasedKernelSHAP,SOUM(n=6),6,64,42,L2_Norm_Error,6.189865482596431e-32,0.00221649999730289,ok
PermutationSamplingSV,SOUM(n=6),6,64,42,MSE,0.011146434978808056,0.003424700000323355,ok
PermutationSamplingSV,SOUM(n=6),6,64,42,MAE,0.07736631200927854,0.003424700000323355,ok
PermutationSamplingSV,SOUM(n=6),6,64,42,SSE,0.07802504485165639,0.003424700000323355,ok
PermutationSamplingSV,SOUM(n=6),6,64,42,SAE,0.5415641840649498,0.003424700000323355,ok
PermutationSamplingSV,SOUM(n=6),6,64,42,Precision@5,1.0,0.003424700000323355,ok
PermutationSamplingSV,SOUM(n=6),6,64,42,Precision@10,1.0,0.003424700000323355,ok
PermutationSamplingSV,SOUM(n=6),6,64,42,KendallTau,0.9999999999999999,0.003424700000323355,ok
PermutationSamplingSV,SOUM(n=6),6,64,42,L2_Norm_Error,0.05086602883966867,0.003424700000323355,ok
KernelSHAP,SOUM(n=6),6,64,42,MSE,2.107374215689563e-15,0.0018595000001369044,ok
KernelSHAP,SOUM(n=6),6,64,42,MAE,3.616712334381893e-08,0.0018595000001369044,ok
KernelSHAP,SOUM(n=6),6,64,42,SSE,1.475161950982694e-14,0.0018595000001369044,ok
KernelSHAP,SOUM(n=6),6,64,42,SAE,2.5316986340673253e-07,0.0018595000001369044,ok
KernelSHAP,SOUM(n=6),6,64,42,Precision@5,1.0,0.0018595000001369044,ok
KernelSHAP,SOUM(n=6),6,64,42,Precision@10,1.0,0.0018595000001369044,ok
KernelSHAP,SOUM(n=6),6,64,42,KendallTau,0.9999999999999999,0.0018595000001369044,ok
KernelSHAP,SOUM(n=6),6,64,42,L2_Norm_Error,9.616864749584913e-15,0.0018595000001369044,ok
LeverageSHAP,SOUM(n=6),6,64,42,MSE,6.20664490786389e-29,0.0017127000028267503,ok
LeverageSHAP,SOUM(n=6),6,64,42,MAE,6.090366306515144e-15,0.0017127000028267503,ok
LeverageSHAP,SOUM(n=6),6,64,42,SSE,4.3446514355047225e-28,0.0017127000028267503,ok
LeverageSHAP,SOUM(n=6),6,64,42,SAE,4.263256414560601e-14,0.0017127000028267503,ok
LeverageSHAP,SOUM(n=6),6,64,42,Precision@5,1.0,0.0017127000028267503,ok
LeverageSHAP,SOUM(n=6),6,64,42,Precision@10,1.0,0.0017127000028267503,ok
LeverageSHAP,SOUM(n=6),6,64,42,KendallTau,0.9999999999999999,0.0017127000028267503,ok
LeverageSHAP,SOUM(n=6),6,64,42,L2_Norm_Error,2.8323619119585756e-28,0.0017127000028267503,ok
kADDSHAP,SOUM(n=6),6,64,42,MSE,6.5998757138845e-16,0.0016335000036633573,ok
kADDSHAP,SOUM(n=6),6,64,42,MAE,1.739322678146709e-08,0.0016335000036633573,ok
kADDSHAP,SOUM(n=6),6,64,42,SSE,4.61991299971915e-15,0.0016335000036633573,ok
kADDSHAP,SOUM(n=6),6,64,42,SAE,1.2175258747026962e-07,0.0016335000036633573,ok
kADDSHAP,SOUM(n=6),6,64,42,Precision@5,1.0,0.0016335000036633573,ok
kADDSHAP,SOUM(n=6),6,64,42,Precision@10,1.0,0.0016335000036633573,ok
kADDSHAP,SOUM(n=6),6,64,42,KendallTau,0.9999999999999999,0.0016335000036633573,ok
kADDSHAP,SOUM(n=6),6,64,42,L2_Norm_Error,3.011810224874042e-15,0.0016335000036633573,ok
SPEX,SOUM(n=6),6,64,42,_,,0.18016560000251047,skipped:refused_regime(ValueError)
RegressionMSR,SOUM(n=6),6,64,42,MSE,4.475874967222289e-15,0.04337189999932889,ok
RegressionMSR,SOUM(n=6),6,64,42,MAE,5.7208234266866876e-08,0.04337189999932889,ok
RegressionMSR,SOUM(n=6),6,64,42,SSE,3.133112477055602e-14,0.04337189999932889,ok
RegressionMSR,SOUM(n=6),6,64,42,SAE,4.0045763986806815e-07,0.04337189999932889,ok
RegressionMSR,SOUM(n=6),6,64,42,Precision@5,1.0,0.04337189999932889,ok
RegressionMSR,SOUM(n=6),6,64,42,Precision@10,1.0,0.04337189999932889,ok
RegressionMSR,SOUM(n=6),6,64,42,KendallTau,0.9999999999999999,0.04337189999932889,ok
RegressionMSR,SOUM(n=6),6,64,42,L2_Norm_Error,2.042536340976583e-14,0.04337189999932889,ok
ProxySPEX,SOUM(n=6),6,64,42,MSE,0.20194620932537075,1.2020505999971647,ok
ProxySPEX,SOUM(n=6),6,64,42,MAE,0.2263924123500367,1.2020505999971647,ok
ProxySPEX,SOUM(n=6),6,64,42,SSE,1.4136234652775952,1.2020505999971647,ok
ProxySPEX,SOUM(n=6),6,64,42,SAE,1.584746886450257,1.2020505999971647,ok
ProxySPEX,SOUM(n=6),6,64,42,Precision@5,1.0,1.2020505999971647,ok
ProxySPEX,SOUM(n=6),6,64,42,Precision@10,1.0,1.2020505999971647,ok
ProxySPEX,SOUM(n=6),6,64,42,KendallTau,0.8280786712108251,1.2020505999971647,ok
ProxySPEX,SOUM(n=6),6,64,42,L2_Norm_Error,0.02209154256471995,1.2020505999971647,ok
OddSHAP,SOUM(n=6),6,64,42,MSE,4.0059342843254506e-32,0.01186539999616798,ok
OddSHAP,SOUM(n=6),6,64,42,MAE,1.3481279584734043e-16,0.01186539999616798,ok
OddSHAP,SOUM(n=6),6,64,42,SSE,2.8041539990278154e-31,0.01186539999616798,ok
OddSHAP,SOUM(n=6),6,64,42,SAE,9.43689570931383e-16,0.01186539999616798,ok
OddSHAP,SOUM(n=6),6,64,42,Precision@5,1.0,0.01186539999616798,ok
OddSHAP,SOUM(n=6),6,64,42,Precision@10,1.0,0.01186539999616798,ok
OddSHAP,SOUM(n=6),6,64,42,KendallTau,0.9999999999999999,0.01186539999616798,ok
OddSHAP,SOUM(n=6),6,64,42,L2_Norm_Error,1.828081976198865e-31,0.01186539999616798,ok
ShaplEIG,SOUM(n=6),6,64,42,_,,0.0,skipped:incompatible_constructor(ImportError)
PolySHAPKAdd,SOUM(n=6),6,64,42,MSE,1.1181398991413895e-31,0.000804300005256664,ok
PolySHAPKAdd,SOUM(n=6),6,64,42,MAE,2.5376526277146434e-16,0.000804300005256664,ok
PolySHAPKAdd,SOUM(n=6),6,64,42,SSE,7.8269792939897265e-31,0.000804300005256664,ok
PolySHAPKAdd,SOUM(n=6),6,64,42,SAE,1.7763568394002505e-15,0.000804300005256664,ok
PolySHAPKAdd,SOUM(n=6),6,64,42,Precision@5,1.0,0.000804300005256664,ok
PolySHAPKAdd,SOUM(n=6),6,64,42,Precision@10,1.0,0.000804300005256664,ok
PolySHAPKAdd,SOUM(n=6),6,64,42,KendallTau,0.9999999999999999,0.000804300005256664,ok
PolySHAPKAdd,SOUM(n=6),6,64,42,L2_Norm_Error,5.102558483016612e-31,0.000804300005256664,ok
PolySHAPPartial,SOUM(n=6),6,64,42,MSE,1.1181398991413895e-31,0.0007759000000078231,ok
PolySHAPPartial,SOUM(n=6),6,64,42,MAE,2.5376526277146434e-16,0.0007759000000078231,ok
PolySHAPPartial,SOUM(n=6),6,64,42,SSE,7.8269792939897265e-31,0.0007759000000078231,ok
PolySHAPPartial,SOUM(n=6),6,64,42,SAE,1.7763568394002505e-15,0.0007759000000078231,ok
PolySHAPPartial,SOUM(n=6),6,64,42,Precision@5,1.0,0.0007759000000078231,ok
PolySHAPPartial,SOUM(n=6),6,64,42,Precision@10,1.0,0.0007759000000078231,ok
PolySHAPPartial,SOUM(n=6),6,64,42,KendallTau,0.9999999999999999,0.0007759000000078231,ok
PolySHAPPartial,SOUM(n=6),6,64,42,L2_Norm_Error,5.102558483016612e-31,0.0007759000000078231,ok
OptimizedKernelSHAP,SOUM(n=6),6,64,42,MSE,2.107374215689563e-15,0.0009821999992709607,ok
OptimizedKernelSHAP,SOUM(n=6),6,64,42,MAE,3.616712334381893e-08,0.0009821999992709607,ok
OptimizedKernelSHAP,SOUM(n=6),6,64,42,SSE,1.475161950982694e-14,0.0009821999992709607,ok
OptimizedKernelSHAP,SOUM(n=6),6,64,42,SAE,2.5316986340673253e-07,0.0009821999992709607,ok
OptimizedKernelSHAP,SOUM(n=6),6,64,42,Precision@5,1.0,0.0009821999992709607,ok
OptimizedKernelSHAP,SOUM(n=6),6,64,42,Precision@10,1.0,0.0009821999992709607,ok
OptimizedKernelSHAP,SOUM(n=6),6,64,42,KendallTau,0.9999999999999999,0.0009821999992709607,ok
OptimizedKernelSHAP,SOUM(n=6),6,64,42,L2_Norm_Error,9.616864749584913e-15,0.0009821999992709607,ok
OwenSamplingSV,SOUM(n=6),6,3,1337,MSE,0.6618545681224198,0.0009353000059491023,ok
OwenSamplingSV,SOUM(n=6),6,3,1337,MAE,0.5441789484574254,0.0009353000059491023,ok
OwenSamplingSV,SOUM(n=6),6,3,1337,SSE,4.6329819768569385,0.0009353000059491023,ok
OwenSamplingSV,SOUM(n=6),6,3,1337,SAE,3.8092526392019783,0.0009353000059491023,ok
OwenSamplingSV,SOUM(n=6),6,3,1337,Precision@5,1.0,0.0009353000059491023,ok
OwenSamplingSV,SOUM(n=6),6,3,1337,Precision@10,1.0,0.0009353000059491023,ok
OwenSamplingSV,SOUM(n=6),6,3,1337,KendallTau,0.11547005383792515,0.0009353000059491023,ok
OwenSamplingSV,SOUM(n=6),6,3,1337,L2_Norm_Error,0.9486540218039635,0.0009353000059491023,ok
StratifiedSamplingSV,SOUM(n=6),6,3,1337,MSE,0.6618545681224198,0.0008433000039076433,ok
StratifiedSamplingSV,SOUM(n=6),6,3,1337,MAE,0.5441789484574254,0.0008433000039076433,ok
StratifiedSamplingSV,SOUM(n=6),6,3,1337,SSE,4.6329819768569385,0.0008433000039076433,ok
StratifiedSamplingSV,SOUM(n=6),6,3,1337,SAE,3.8092526392019783,0.0008433000039076433,ok
StratifiedSamplingSV,SOUM(n=6),6,3,1337,Precision@5,1.0,0.0008433000039076433,ok
StratifiedSamplingSV,SOUM(n=6),6,3,1337,Precision@10,1.0,0.0008433000039076433,ok
StratifiedSamplingSV,SOUM(n=6),6,3,1337,KendallTau,0.11547005383792515,0.0008433000039076433,ok
StratifiedSamplingSV,SOUM(n=6),6,3,1337,L2_Norm_Error,0.9486540218039635,0.0008433000039076433,ok
SVARM,SOUM(n=6),6,3,1337,MSE,0.6953355523302182,0.003064900003664661,ok
SVARM,SOUM(n=6),6,3,1337,MAE,0.5595767240707941,0.003064900003664661,ok
SVARM,SOUM(n=6),6,3,1337,SSE,4.867348866311527,0.003064900003664661,ok
SVARM,SOUM(n=6),6,3,1337,SAE,3.917037068495558,0.003064900003664661,ok
SVARM,SOUM(n=6),6,3,1337,Precision@5,0.8,0.003064900003664661,ok
SVARM,SOUM(n=6),6,3,1337,Precision@10,1.0,0.003064900003664661,ok
SVARM,SOUM(n=6),6,3,1337,KendallTau,-0.5773502691896257,0.003064900003664661,ok
SVARM,SOUM(n=6),6,3,1337,L2_Norm_Error,0.9966432204171671,0.003064900003664661,ok
UnbiasedKernelSHAP,SOUM(n=6),6,3,1337,MSE,0.7001162705074097,0.0009721999958856031,ok
UnbiasedKernelSHAP,SOUM(n=6),6,3,1337,MAE,0.5611598371579846,0.0009721999958856031,ok
UnbiasedKernelSHAP,SOUM(n=6),6,3,1337,SSE,4.9008138935518675,0.0009721999958856031,ok
UnbiasedKernelSHAP,SOUM(n=6),6,3,1337,SAE,3.9281188601058923,0.0009721999958856031,ok
UnbiasedKernelSHAP,SOUM(n=6),6,3,1337,Precision@5,0.8,0.0009721999958856031,ok
UnbiasedKernelSHAP,SOUM(n=6),6,3,1337,Precision@10,1.0,0.0009721999958856031,ok
UnbiasedKernelSHAP,SOUM(n=6),6,3,1337,KendallTau,-0.5773502691896257,0.0009721999958856031,ok
UnbiasedKernelSHAP,SOUM(n=6),6,3,1337,L2_Norm_Error,1.0034955528544423,0.0009721999958856031,ok
PermutationSamplingSV,SOUM(n=6),6,3,1337,MSE,0.6976775019240787,0.0007863999999244697,ok
PermutationSamplingSV,SOUM(n=6),6,3,1337,MAE,0.5920055972287049,0.0007863999999244697,ok
PermutationSamplingSV,SOUM(n=6),6,3,1337,SSE,4.883742513468551,0.0007863999999244697,ok
PermutationSamplingSV,SOUM(n=6),6,3,1337,SAE,4.1440391806009345,0.0007863999999244697,ok
PermutationSamplingSV,SOUM(n=6),6,3,1337,Precision@5,1.0,0.0007863999999244697,ok
PermutationSamplingSV,SOUM(n=6),6,3,1337,Precision@10,1.0,0.0007863999999244697,ok
PermutationSamplingSV,SOUM(n=6),6,3,1337,KendallTau,nan,0.0007863999999244697,ok
PermutationSamplingSV,SOUM(n=6),6,3,1337,L2_Norm_Error,1.0,0.0007863999999244697,ok
KernelSHAP,SOUM(n=6),6,3,1337,MSE,0.6466361149688398,0.0008757000032346696,ok
KernelSHAP,SOUM(n=6),6,3,1337,MAE,0.5441301447377214,0.0008757000032346696,ok
KernelSHAP,SOUM(n=6),6,3,1337,SSE,4.526452804781878,0.0008757000032346696,ok
KernelSHAP,SOUM(n=6),6,3,1337,SAE,3.8089110131640496,0.0008757000032346696,ok
KernelSHAP,SOUM(n=6),6,3,1337,Precision@5,0.8,0.0008757000032346696,ok
KernelSHAP,SOUM(n=6),6,3,1337,Precision@10,1.0,0.0008757000032346696,ok
KernelSHAP,SOUM(n=6),6,3,1337,KendallTau,0.13801311186847084,0.0008757000032346696,ok
KernelSHAP,SOUM(n=6),6,3,1337,L2_Norm_Error,0.9268410020181599,0.0008757000032346696,ok
LeverageSHAP,SOUM(n=6),6,3,1337,MSE,0.5995717511320579,0.0006235999971977435,ok
LeverageSHAP,SOUM(n=6),6,3,1337,MAE,0.5775006309444037,0.0006235999971977435,ok
LeverageSHAP,SOUM(n=6),6,3,1337,SSE,4.197002257924405,0.0006235999971977435,ok
LeverageSHAP,SOUM(n=6),6,3,1337,SAE,4.042504416610826,0.0006235999971977435,ok
LeverageSHAP,SOUM(n=6),6,3,1337,Precision@5,1.0,0.0006235999971977435,ok
LeverageSHAP,SOUM(n=6),6,3,1337,Precision@10,1.0,0.0006235999971977435,ok
LeverageSHAP,SOUM(n=6),6,3,1337,KendallTau,0.0,0.0006235999971977435,ok
LeverageSHAP,SOUM(n=6),6,3,1337,L2_Norm_Error,0.8593823786470661,0.0006235999971977435,ok
kADDSHAP,SOUM(n=6),6,3,1337,MSE,0.6466361149688398,0.0008096999954432249,ok
kADDSHAP,SOUM(n=6),6,3,1337,MAE,0.5441301447377215,0.0008096999954432249,ok
kADDSHAP,SOUM(n=6),6,3,1337,SSE,4.526452804781878,0.0008096999954432249,ok
kADDSHAP,SOUM(n=6),6,3,1337,SAE,3.80891101316405,0.0008096999954432249,ok
kADDSHAP,SOUM(n=6),6,3,1337,Precision@5,0.8,0.0008096999954432249,ok
kADDSHAP,SOUM(n=6),6,3,1337,Precision@10,1.0,0.0008096999954432249,ok
kADDSHAP,SOUM(n=6),6,3,1337,KendallTau,0.29814239699997197,0.0008096999954432249,ok
kADDSHAP,SOUM(n=6),6,3,1337,L2_Norm_Error,0.9268410020181599,0.0008096999954432249,ok
SPEX,SOUM(n=6),6,3,1337,_,,0.1845826999997371,skipped:refused_regime(ValueError)
RegressionMSR,SOUM(n=6),6,3,1337,MSE,0.6464317824054376,0.04177470000286121,ok
RegressionMSR,SOUM(n=6),6,3,1337,MAE,0.5441009667561599,0.04177470000286121,ok
RegressionMSR,SOUM(n=6),6,3,1337,SSE,4.525022476838063,0.04177470000286121,ok
RegressionMSR,SOUM(n=6),6,3,1337,SAE,3.808706767293119,0.04177470000286121,ok
RegressionMSR,SOUM(n=6),6,3,1337,Precision@5,1.0,0.04177470000286121,ok
RegressionMSR,SOUM(n=6),6,3,1337,Precision@10,1.0,0.04177470000286121,ok
RegressionMSR,SOUM(n=6),6,3,1337,KendallTau,0.6024640760767093,0.04177470000286121,ok
RegressionMSR,SOUM(n=6),6,3,1337,L2_Norm_Error,0.9265481266382907,0.04177470000286121,ok
ProxySPEX,SOUM(n=6),6,3,1337,_,,0.0018437999970046803,skipped:refused_regime(ValueError)
OddSHAP,SOUM(n=6),6,3,1337,_,,7.100003131199628e-06,skipped:refused_regime(ValueError)
ShaplEIG,SOUM(n=6),6,3,1337,_,,0.0,skipped:incompatible_constructor(ImportError)
PolySHAPKAdd,SOUM(n=6),6,3,1337,MSE,0.6466361149688398,0.0010094000026583672,ok
PolySHAPKAdd,SOUM(n=6),6,3,1337,MAE,0.5441301447377214,0.0010094000026583672,ok
PolySHAPKAdd,SOUM(n=6),6,3,1337,SSE,4.526452804781878,0.0010094000026583672,ok
PolySHAPKAdd,SOUM(n=6),6,3,1337,SAE,3.8089110131640496,0.0010094000026583672,ok
PolySHAPKAdd,SOUM(n=6),6,3,1337,Precision@5,0.8,0.0010094000026583672,ok
PolySHAPKAdd,SOUM(n=6),6,3,1337,Precision@10,1.0,0.0010094000026583672,ok
PolySHAPKAdd,SOUM(n=6),6,3,1337,KendallTau,0.41403933560541256,0.0010094000026583672,ok
PolySHAPKAdd,SOUM(n=6),6,3,1337,L2_Norm_Error,0.9268410020181599,0.0010094000026583672,ok
PolySHAPPartial,SOUM(n=6),6,3,1337,MSE,0.6466361149688398,0.0008912999983294867,ok
PolySHAPPartial,SOUM(n=6),6,3,1337,MAE,0.5441301447377214,0.0008912999983294867,ok
PolySHAPPartial,SOUM(n=6),6,3,1337,SSE,4.526452804781878,0.0008912999983294867,ok
PolySHAPPartial,SOUM(n=6),6,3,1337,SAE,3.8089110131640496,0.0008912999983294867,ok
PolySHAPPartial,SOUM(n=6),6,3,1337,Precision@5,0.8,0.0008912999983294867,ok
PolySHAPPartial,SOUM(n=6),6,3,1337,Precision@10,1.0,0.0008912999983294867,ok
PolySHAPPartial,SOUM(n=6),6,3,1337,KendallTau,0.41403933560541256,0.0008912999983294867,ok
PolySHAPPartial,SOUM(n=6),6,3,1337,L2_Norm_Error,0.9268410020181599,0.0008912999983294867,ok
OptimizedKernelSHAP,SOUM(n=6),6,3,1337,MSE,0.6466361149688398,0.0012810999978682958,ok
OptimizedKernelSHAP,SOUM(n=6),6,3,1337,MAE,0.5441301447377214,0.0012810999978682958,ok
OptimizedKernelSHAP,SOUM(n=6),6,3,1337,SSE,4.526452804781878,0.0012810999978682958,ok
OptimizedKernelSHAP,SOUM(n=6),6,3,1337,SAE,3.8089110131640496,0.0012810999978682958,ok
OptimizedKernelSHAP,SOUM(n=6),6,3,1337,Precision@5,0.8,0.0012810999978682958,ok
OptimizedKernelSHAP,SOUM(n=6),6,3,1337,Precision@10,1.0,0.0012810999978682958,ok
OptimizedKernelSHAP,SOUM(n=6),6,3,1337,KendallTau,0.13801311186847084,0.0012810999978682958,ok
OptimizedKernelSHAP,SOUM(n=6),6,3,1337,L2_Norm_Error,0.9268410020181599,0.0012810999978682958,ok
OwenSamplingSV,SOUM(n=6),6,16,1337,MSE,0.032172326006607264,0.007980300004419405,ok
OwenSamplingSV,SOUM(n=6),6,16,1337,MAE,0.15190106458819316,0.007980300004419405,ok
OwenSamplingSV,SOUM(n=6),6,16,1337,SSE,0.22520628204625087,0.007980300004419405,ok
OwenSamplingSV,SOUM(n=6),6,16,1337,SAE,1.0633074521173522,0.007980300004419405,ok
OwenSamplingSV,SOUM(n=6),6,16,1337,Precision@5,1.0,0.007980300004419405,ok
OwenSamplingSV,SOUM(n=6),6,16,1337,Precision@10,1.0,0.007980300004419405,ok
OwenSamplingSV,SOUM(n=6),6,16,1337,KendallTau,0.8280786712108251,0.007980300004419405,ok
OwenSamplingSV,SOUM(n=6),6,16,1337,L2_Norm_Error,0.046113463481166204,0.007980300004419405,ok
StratifiedSamplingSV,SOUM(n=6),6,16,1337,MSE,0.03217232600660727,0.00851929999771528,ok
StratifiedSamplingSV,SOUM(n=6),6,16,1337,MAE,0.15190106458819316,0.00851929999771528,ok
StratifiedSamplingSV,SOUM(n=6),6,16,1337,SSE,0.2252062820462509,0.00851929999771528,ok
StratifiedSamplingSV,SOUM(n=6),6,16,1337,SAE,1.0633074521173522,0.00851929999771528,ok
StratifiedSamplingSV,SOUM(n=6),6,16,1337,Precision@5,1.0,0.00851929999771528,ok
StratifiedSamplingSV,SOUM(n=6),6,16,1337,Precision@10,1.0,0.00851929999771528,ok
StratifiedSamplingSV,SOUM(n=6),6,16,1337,KendallTau,0.8280786712108251,0.00851929999771528,ok
StratifiedSamplingSV,SOUM(n=6),6,16,1337,L2_Norm_Error,0.04611346348116621,0.00851929999771528,ok
SVARM,SOUM(n=6),6,16,1337,MSE,0.23706901027206634,0.010602400005154777,ok
SVARM,SOUM(n=6),6,16,1337,MAE,0.38427013494106566,0.010602400005154777,ok
SVARM,SOUM(n=6),6,16,1337,SSE,1.6594830719044644,0.010602400005154777,ok
SVARM,SOUM(n=6),6,16,1337,SAE,2.6898909445874595,0.010602400005154777,ok
SVARM,SOUM(n=6),6,16,1337,Precision@5,0.8,0.010602400005154777,ok
SVARM,SOUM(n=6),6,16,1337,Precision@10,1.0,0.010602400005154777,ok
SVARM,SOUM(n=6),6,16,1337,KendallTau,0.3333333333333333,0.010602400005154777,ok
SVARM,SOUM(n=6),6,16,1337,L2_Norm_Error,0.3397974130142786,0.010602400005154777,ok
UnbiasedKernelSHAP,SOUM(n=6),6,16,1337,MSE,0.16765346237302906,0.0034001000021817163,ok
UnbiasedKernelSHAP,SOUM(n=6),6,16,1337,MAE,0.31013345347567123,0.0034001000021817163,ok
UnbiasedKernelSHAP,SOUM(n=6),6,16,1337,SSE,1.1735742366112034,0.0034001000021817163,ok
UnbiasedKernelSHAP,SOUM(n=6),6,16,1337,SAE,2.1709341743296986,0.0034001000021817163,ok
UnbiasedKernelSHAP,SOUM(n=6),6,16,1337,Precision@5,0.8,0.0034001000021817163,ok
UnbiasedKernelSHAP,SOUM(n=6),6,16,1337,Precision@10,1.0,0.0034001000021817163,ok
UnbiasedKernelSHAP,SOUM(n=6),6,16,1337,KendallTau,0.4666666666666666,0.0034001000021817163,ok
UnbiasedKernelSHAP,SOUM(n=6),6,16,1337,L2_Norm_Error,0.2403022340704246,0.0034001000021817163,ok
PermutationSamplingSV,SOUM(n=6),6,16,1337,MSE,0.053426535771731364,0.0015423000004375353,ok
PermutationSamplingSV,SOUM(n=6),6,16,1337,MAE,0.16535301938444955,0.0015423000004375353,ok
PermutationSamplingSV,SOUM(n=6),6,16,1337,SSE,0.37398575040211957,0.0015423000004375353,ok
PermutationSamplingSV,SOUM(n=6),6,16,1337,SAE,1.157471135691147,0.0015423000004375353,ok
PermutationSamplingSV,SOUM(n=6),6,16,1337,Precision@5,1.0,0.0015423000004375353,ok
PermutationSamplingSV,SOUM(n=6),6,16,1337,Precision@10,1.0,0.0015423000004375353,ok
PermutationSamplingSV,SOUM(n=6),6,16,1337,KendallTau,0.9999999999999999,0.0015423000004375353,ok
PermutationSamplingSV,SOUM(n=6),6,16,1337,L2_Norm_Error,0.07657769617680067,0.0015423000004375353,ok
KernelSHAP,SOUM(n=6),6,16,1337,MSE,0.0078305964053597,0.0037582999939331785,ok
KernelSHAP,SOUM(n=6),6,16,1337,MAE,0.07483663741776495,0.0037582999939331785,ok
KernelSHAP,SOUM(n=6),6,16,1337,SSE,0.054814174837517896,0.0037582999939331785,ok
KernelSHAP,SOUM(n=6),6,16,1337,SAE,0.5238564619243546,0.0037582999939331785,ok
KernelSHAP,SOUM(n=6),6,16,1337,Precision@5,0.8,0.0037582999939331785,ok
KernelSHAP,SOUM(n=6),6,16,1337,Precision@10,1.0,0.0037582999939331785,ok
KernelSHAP,SOUM(n=6),6,16,1337,KendallTau,0.7333333333333333,0.0037582999939331785,ok
KernelSHAP,SOUM(n=6),6,16,1337,L2_Norm_Error,0.01122380524492221,0.0037582999939331785,ok
LeverageSHAP,SOUM(n=6),6,16,1337,MSE,0.014713757522223809,0.0013689999977941625,ok
LeverageSHAP,SOUM(n=6),6,16,1337,MAE,0.09370130443786527,0.0013689999977941625,ok
LeverageSHAP,SOUM(n=6),6,16,1337,SSE,0.10299630265556665,0.0013689999977941625,ok
LeverageSHAP,SOUM(n=6),6,16,1337,SAE,0.6559091310650569,0.0013689999977941625,ok
LeverageSHAP,SOUM(n=6),6,16,1337,Precision@5,0.8,0.0013689999977941625,ok
LeverageSHAP,SOUM(n=6),6,16,1337,Precision@10,1.0,0.0013689999977941625,ok
LeverageSHAP,SOUM(n=6),6,16,1337,KendallTau,0.7333333333333333,0.0013689999977941625,ok
LeverageSHAP,SOUM(n=6),6,16,1337,L2_Norm_Error,0.021089625911177738,0.0013689999977941625,ok
kADDSHAP,SOUM(n=6),6,16,1337,MSE,0.007830596855267007,0.0032491000019945204,ok
kADDSHAP,SOUM(n=6),6,16,1337,MAE,0.07483663890784256,0.0032491000019945204,ok
kADDSHAP,SOUM(n=6),6,16,1337,SSE,0.05481417798686904,0.0032491000019945204,ok
kADDSHAP,SOUM(n=6),6,16,1337,SAE,0.523856472354898,0.0032491000019945204,ok
kADDSHAP,SOUM(n=6),6,16,1337,Precision@5,0.8,0.0032491000019945204,ok
kADDSHAP,SOUM(n=6),6,16,1337,Precision@10,1.0,0.0032491000019945204,ok
kADDSHAP,SOUM(n=6),6,16,1337,KendallTau,0.7333333333333333,0.0032491000019945204,ok
kADDSHAP,SOUM(n=6),6,16,1337,L2_Norm_Error,0.0112238058897865,0.0032491000019945204,ok
SPEX,SOUM(n=6),6,16,1337,_,,0.18415590000222437,skipped:refused_regime(ValueError)
RegressionMSR,SOUM(n=6),6,16,1337,MSE,0.03008504683039075,0.030219199994462542,ok
RegressionMSR,SOUM(n=6),6,16,1337,MAE,0.13132677643194807,0.030219199994462542,ok
RegressionMSR,SOUM(n=6),6,16,1337,SSE,0.21059532781273524,0.030219199994462542,ok
RegressionMSR,SOUM(n=6),6,16,1337,SAE,0.9192874350236364,0.030219199994462542,ok
RegressionMSR,SOUM(n=6),6,16,1337,Precision@5,0.8,0.030219199994462542,ok
RegressionMSR,SOUM(n=6),6,16,1337,Precision@10,1.0,0.030219199994462542,ok
RegressionMSR,SOUM(n=6),6,16,1337,KendallTau,0.6,0.030219199994462542,ok
RegressionMSR,SOUM(n=6),6,16,1337,L2_Norm_Error,0.04312170988375171,0.030219199994462542,ok
ProxySPEX,SOUM(n=6),6,16,1337,MSE,0.7464513073528608,0.3338831000000937,ok
ProxySPEX,SOUM(n=6),6,16,1337,MAE,0.6754782663475609,0.3338831000000937,ok
ProxySPEX,SOUM(n=6),6,16,1337,SSE,5.2251591514700255,0.3338831000000937,ok
ProxySPEX,SOUM(n=6),6,16,1337,SAE,4.728347864432926,0.3338831000000937,ok
ProxySPEX,SOUM(n=6),6,16,1337,Precision@5,1.0,0.3338831000000937,ok
ProxySPEX,SOUM(n=6),6,16,1337,Precision@10,1.0,0.3338831000000937,ok
ProxySPEX,SOUM(n=6),6,16,1337,KendallTau,nan,0.3338831000000937,ok
ProxySPEX,SOUM(n=6),6,16,1337,L2_Norm_Error,1.0,0.3338831000000937,ok
OddSHAP,SOUM(n=6),6,16,1337,MSE,0.8148050733288342,0.003976700005296152,ok
OddSHAP,SOUM(n=6),6,16,1337,MAE,0.6957830574013231,0.003976700005296152,ok
OddSHAP,SOUM(n=6),6,16,1337,SSE,5.7036355133018395,0.003976700005296152,ok
OddSHAP,SOUM(n=6),6,16,1337,SAE,4.870481401809261,0.003976700005296152,ok
OddSHAP,SOUM(n=6),6,16,1337,Precision@5,1.0,0.003976700005296152,ok
OddSHAP,SOUM(n=6),6,16,1337,Precision@10,1.0,0.003976700005296152,ok
OddSHAP,SOUM(n=6),6,16,1337,KendallTau,0.08606629658238703,0.003976700005296152,ok
OddSHAP,SOUM(n=6),6,16,1337,L2_Norm_Error,1.1678821104045023,0.003976700005296152,ok
ShaplEIG,SOUM(n=6),6,16,1337,_,,0.0,skipped:incompatible_constructor(ImportError)
PolySHAPKAdd,SOUM(n=6),6,16,1337,MSE,0.007830594394452637,0.0014716000005137175,ok
PolySHAPKAdd,SOUM(n=6),6,16,1337,MAE,0.07483662785381741,0.0014716000005137175,ok
PolySHAPKAdd,SOUM(n=6),6,16,1337,SSE,0.05481416076116846,0.0014716000005137175,ok
PolySHAPKAdd,SOUM(n=6),6,16,1337,SAE,0.5238563949767219,0.0014716000005137175,ok
PolySHAPKAdd,SOUM(n=6),6,16,1337,Precision@5,0.8,0.0014716000005137175,ok
PolySHAPKAdd,SOUM(n=6),6,16,1337,Precision@10,1.0,0.0014716000005137175,ok
PolySHAPKAdd,SOUM(n=6),6,16,1337,KendallTau,0.7333333333333333,0.0014716000005137175,ok
PolySHAPKAdd,SOUM(n=6),6,16,1337,L2_Norm_Error,0.011223802362634825,0.0014716000005137175,ok
PolySHAPPartial,SOUM(n=6),6,16,1337,MSE,0.007830594394452637,0.0014759999976377003,ok
PolySHAPPartial,SOUM(n=6),6,16,1337,MAE,0.07483662785381741,0.0014759999976377003,ok
PolySHAPPartial,SOUM(n=6),6,16,1337,SSE,0.05481416076116846,0.0014759999976377003,ok
PolySHAPPartial,SOUM(n=6),6,16,1337,SAE,0.5238563949767219,0.0014759999976377003,ok
PolySHAPPartial,SOUM(n=6),6,16,1337,Precision@5,0.8,0.0014759999976377003,ok
PolySHAPPartial,SOUM(n=6),6,16,1337,Precision@10,1.0,0.0014759999976377003,ok
PolySHAPPartial,SOUM(n=6),6,16,1337,KendallTau,0.7333333333333333,0.0014759999976377003,ok
PolySHAPPartial,SOUM(n=6),6,16,1337,L2_Norm_Error,0.011223802362634825,0.0014759999976377003,ok
OptimizedKernelSHAP,SOUM(n=6),6,16,1337,MSE,0.011286105689591196,0.0011392999949748628,ok
OptimizedKernelSHAP,SOUM(n=6),6,16,1337,MAE,0.09097748370508155,0.0011392999949748628,ok
OptimizedKernelSHAP,SOUM(n=6),6,16,1337,SSE,0.07900273982713837,0.0011392999949748628,ok
OptimizedKernelSHAP,SOUM(n=6),6,16,1337,SAE,0.6368423859355709,0.0011392999949748628,ok
OptimizedKernelSHAP,SOUM(n=6),6,16,1337,Precision@5,0.8,0.0011392999949748628,ok
OptimizedKernelSHAP,SOUM(n=6),6,16,1337,Precision@10,1.0,0.0011392999949748628,ok
OptimizedKernelSHAP,SOUM(n=6),6,16,1337,KendallTau,0.7333333333333333,0.0011392999949748628,ok
OptimizedKernelSHAP,SOUM(n=6),6,16,1337,L2_Norm_Error,0.016176679996797935,0.0011392999949748628,ok
OwenSamplingSV,SOUM(n=6),6,32,1337,MSE,0.03217232600660727,0.009135499996773433,ok
OwenSamplingSV,SOUM(n=6),6,32,1337,MAE,0.15190106458819316,0.009135499996773433,ok
OwenSamplingSV,SOUM(n=6),6,32,1337,SSE,0.2252062820462509,0.009135499996773433,ok
OwenSamplingSV,SOUM(n=6),6,32,1337,SAE,1.0633074521173522,0.009135499996773433,ok
OwenSamplingSV,SOUM(n=6),6,32,1337,Precision@5,1.0,0.009135499996773433,ok
OwenSamplingSV,SOUM(n=6),6,32,1337,Precision@10,1.0,0.009135499996773433,ok
OwenSamplingSV,SOUM(n=6),6,32,1337,KendallTau,0.8280786712108251,0.009135499996773433,ok
OwenSamplingSV,SOUM(n=6),6,32,1337,L2_Norm_Error,0.04611346348116621,0.009135499996773433,ok
StratifiedSamplingSV,SOUM(n=6),6,32,1337,MSE,0.044942741891990254,0.009648200000810903,ok
StratifiedSamplingSV,SOUM(n=6),6,32,1337,MAE,0.15390739024639583,0.009648200000810903,ok
StratifiedSamplingSV,SOUM(n=6),6,32,1337,SSE,0.31459919324393176,0.009648200000810903,ok
StratifiedSamplingSV,SOUM(n=6),6,32,1337,SAE,1.0773517317247707,0.009648200000810903,ok
StratifiedSamplingSV,SOUM(n=6),6,32,1337,Precision@5,0.8,0.009648200000810903,ok
StratifiedSamplingSV,SOUM(n=6),6,32,1337,Precision@10,1.0,0.009648200000810903,ok
StratifiedSamplingSV,SOUM(n=6),6,32,1337,KendallTau,0.9999999999999999,0.009648200000810903,ok
StratifiedSamplingSV,SOUM(n=6),6,32,1337,L2_Norm_Error,0.06441764535626508,0.009648200000810903,ok
SVARM,SOUM(n=6),6,32,1337,MSE,0.03131237227293932,0.006508499995106831,ok
SVARM,SOUM(n=6),6,32,1337,MAE,0.1500565873802773,0.006508499995106831,ok
SVARM,SOUM(n=6),6,32,1337,SSE,0.21918660591057526,0.006508499995106831,ok
SVARM,SOUM(n=6),6,32,1337,SAE,1.0503961116619411,0.006508499995106831,ok
SVARM,SOUM(n=6),6,32,1337,Precision@5,0.8,0.006508499995106831,ok
SVARM,SOUM(n=6),6,32,1337,Precision@10,1.0,0.006508499995106831,ok
SVARM,SOUM(n=6),6,32,1337,KendallTau,0.6,0.006508499995106831,ok
SVARM,SOUM(n=6),6,32,1337,L2_Norm_Error,0.044880868576935615,0.006508499995106831,ok
UnbiasedKernelSHAP,SOUM(n=6),6,32,1337,MSE,0.053007691356331856,0.001965500006917864,ok
UnbiasedKernelSHAP,SOUM(n=6),6,32,1337,MAE,0.18428085974783448,0.001965500006917864,ok
UnbiasedKernelSHAP,SOUM(n=6),6,32,1337,SSE,0.37105383949432297,0.001965500006917864,ok
UnbiasedKernelSHAP,SOUM(n=6),6,32,1337,SAE,1.2899660182348414,0.001965500006917864,ok
UnbiasedKernelSHAP,SOUM(n=6),6,32,1337,Precision@5,0.8,0.001965500006917864,ok
UnbiasedKernelSHAP,SOUM(n=6),6,32,1337,Precision@10,1.0,0.001965500006917864,ok
UnbiasedKernelSHAP,SOUM(n=6),6,32,1337,KendallTau,0.6,0.001965500006917864,ok
UnbiasedKernelSHAP,SOUM(n=6),6,32,1337,L2_Norm_Error,0.07597735516788981,0.001965500006917864,ok
PermutationSamplingSV,SOUM(n=6),6,32,1337,MSE,0.021119991939161,0.0013596999997389503,ok
PermutationSamplingSV,SOUM(n=6),6,32,1337,MAE,0.11226434107582126,0.0013596999997389503,ok
PermutationSamplingSV,SOUM(n=6),6,32,1337,SSE,0.147839943574127,0.0013596999997389503,ok
PermutationSamplingSV,SOUM(n=6),6,32,1337,SAE,0.7858503875307488,0.0013596999997389503,ok
PermutationSamplingSV,SOUM(n=6),6,32,1337,Precision@5,0.8,0.0013596999997389503,ok
PermutationSamplingSV,SOUM(n=6),6,32,1337,Precision@10,1.0,0.0013596999997389503,ok
PermutationSamplingSV,SOUM(n=6),6,32,1337,KendallTau,0.8666666666666666,0.0013596999997389503,ok
PermutationSamplingSV,SOUM(n=6),6,32,1337,L2_Norm_Error,0.030271854661954225,0.0013596999997389503,ok
KernelSHAP,SOUM(n=6),6,32,1337,MSE,0.005945831884079987,0.001788900000974536,ok
KernelSHAP,SOUM(n=6),6,32,1337,MAE,0.05822201187445807,0.001788900000974536,ok
KernelSHAP,SOUM(n=6),6,32,1337,SSE,0.041620823188559905,0.001788900000974536,ok
KernelSHAP,SOUM(n=6),6,32,1337,SAE,0.4075540831212065,0.001788900000974536,ok
KernelSHAP,SOUM(n=6),6,32,1337,Precision@5,1.0,0.001788900000974536,ok
KernelSHAP,SOUM(n=6),6,32,1337,Precision@10,1.0,0.001788900000974536,ok
KernelSHAP,SOUM(n=6),6,32,1337,KendallTau,0.7333333333333333,0.001788900000974536,ok
KernelSHAP,SOUM(n=6),6,32,1337,L2_Norm_Error,0.008522321370092012,0.001788900000974536,ok
LeverageSHAP,SOUM(n=6),6,32,1337,MSE,0.0023810926040654457,0.001337299996521324,ok
LeverageSHAP,SOUM(n=6),6,32,1337,MAE,0.0446574965824617,0.001337299996521324,ok
LeverageSHAP,SOUM(n=6),6,32,1337,SSE,0.01666764822845812,0.001337299996521324,ok
LeverageSHAP,SOUM(n=6),6,32,1337,SAE,0.3126024760772319,0.001337299996521324,ok
LeverageSHAP,SOUM(n=6),6,32,1337,Precision@5,0.8,0.001337299996521324,ok
LeverageSHAP,SOUM(n=6),6,32,1337,Precision@10,1.0,0.001337299996521324,ok
LeverageSHAP,SOUM(n=6),6,32,1337,KendallTau,0.7333333333333333,0.001337299996521324,ok
LeverageSHAP,SOUM(n=6),6,32,1337,L2_Norm_Error,0.003412884316175866,0.001337299996521324,ok
kADDSHAP,SOUM(n=6),6,32,1337,MSE,0.005945835776481219,0.003889699997671414,ok
kADDSHAP,SOUM(n=6),6,32,1337,MAE,0.058222014813979865,0.003889699997671414,ok
kADDSHAP,SOUM(n=6),6,32,1337,SSE,0.041620850435368534,0.003889699997671414,ok
kADDSHAP,SOUM(n=6),6,32,1337,SAE,0.40755410369785905,0.003889699997671414,ok
kADDSHAP,SOUM(n=6),6,32,1337,Precision@5,1.0,0.003889699997671414,ok
kADDSHAP,SOUM(n=6),6,32,1337,Precision@10,1.0,0.003889699997671414,ok
kADDSHAP,SOUM(n=6),6,32,1337,KendallTau,0.7333333333333333,0.003889699997671414,ok
kADDSHAP,SOUM(n=6),6,32,1337,L2_Norm_Error,0.008522326949175789,0.003889699997671414,ok
SPEX,SOUM(n=6),6,32,1337,_,,0.17373319999751402,skipped:refused_regime(ValueError)
RegressionMSR,SOUM(n=6),6,32,1337,MSE,0.017769457757164524,0.03415649999806192,ok
RegressionMSR,SOUM(n=6),6,32,1337,MAE,0.11626134590272866,0.03415649999806192,ok
RegressionMSR,SOUM(n=6),6,32,1337,SSE,0.12438620430015167,0.03415649999806192,ok
RegressionMSR,SOUM(n=6),6,32,1337,SAE,0.8138294213191006,0.03415649999806192,ok
RegressionMSR,SOUM(n=6),6,32,1337,Precision@5,0.8,0.03415649999806192,ok
RegressionMSR,SOUM(n=6),6,32,1337,Precision@10,1.0,0.03415649999806192,ok
RegressionMSR,SOUM(n=6),6,32,1337,KendallTau,0.7333333333333333,0.03415649999806192,ok
RegressionMSR,SOUM(n=6),6,32,1337,L2_Norm_Error,0.025469443558319295,0.03415649999806192,ok
ProxySPEX,SOUM(n=6),6,32,1337,MSE,0.7464513073528608,0.329076800000621,ok
ProxySPEX,SOUM(n=6),6,32,1337,MAE,0.6754782663475609,0.329076800000621,ok
ProxySPEX,SOUM(n=6),6,32,1337,SSE,5.2251591514700255,0.329076800000621,ok
ProxySPEX,SOUM(n=6),6,32,1337,SAE,4.728347864432926,0.329076800000621,ok
ProxySPEX,SOUM(n=6),6,32,1337,Precision@5,1.0,0.329076800000621,ok
ProxySPEX,SOUM(n=6),6,32,1337,Precision@10,1.0,0.329076800000621,ok
ProxySPEX,SOUM(n=6),6,32,1337,KendallTau,nan,0.329076800000621,ok
ProxySPEX,SOUM(n=6),6,32,1337,L2_Norm_Error,1.0,0.329076800000621,ok
OddSHAP,SOUM(n=6),6,32,1337,MSE,0.08885557697102349,0.0048940999986371025,ok
OddSHAP,SOUM(n=6),6,32,1337,MAE,0.22776305515365333,0.0048940999986371025,ok
OddSHAP,SOUM(n=6),6,32,1337,SSE,0.6219890387971644,0.0048940999986371025,ok
OddSHAP,SOUM(n=6),6,32,1337,SAE,1.5943413860755733,0.0048940999986371025,ok
OddSHAP,SOUM(n=6),6,32,1337,Precision@5,1.0,0.0048940999986371025,ok
OddSHAP,SOUM(n=6),6,32,1337,Precision@10,1.0,0.0048940999986371025,ok
OddSHAP,SOUM(n=6),6,32,1337,KendallTau,0.5520524474738834,0.0048940999986371025,ok
OddSHAP,SOUM(n=6),6,32,1337,L2_Norm_Error,0.12735909747121638,0.0048940999986371025,ok
ShaplEIG,SOUM(n=6),6,32,1337,_,,0.0,skipped:incompatible_constructor(ImportError)
PolySHAPKAdd,SOUM(n=6),6,32,1337,MSE,0.005945832074194594,0.0016359000001102686,ok
PolySHAPKAdd,SOUM(n=6),6,32,1337,MAE,0.05822201063379075,0.0016359000001102686,ok
PolySHAPKAdd,SOUM(n=6),6,32,1337,SSE,0.04162082451936216,0.0016359000001102686,ok
PolySHAPKAdd,SOUM(n=6),6,32,1337,SAE,0.40755407443653524,0.0016359000001102686,ok
PolySHAPKAdd,SOUM(n=6),6,32,1337,Precision@5,1.0,0.0016359000001102686,ok
PolySHAPKAdd,SOUM(n=6),6,32,1337,Precision@10,1.0,0.0016359000001102686,ok
PolySHAPKAdd,SOUM(n=6),6,32,1337,KendallTau,0.7333333333333333,0.0016359000001102686,ok
PolySHAPKAdd,SOUM(n=6),6,32,1337,L2_Norm_Error,0.00852232164258841,0.0016359000001102686,ok
PolySHAPPartial,SOUM(n=6),6,32,1337,MSE,0.005945832074194594,0.0015773000050103292,ok
PolySHAPPartial,SOUM(n=6),6,32,1337,MAE,0.05822201063379075,0.0015773000050103292,ok
PolySHAPPartial,SOUM(n=6),6,32,1337,SSE,0.04162082451936216,0.0015773000050103292,ok
PolySHAPPartial,SOUM(n=6),6,32,1337,SAE,0.40755407443653524,0.0015773000050103292,ok
PolySHAPPartial,SOUM(n=6),6,32,1337,Precision@5,1.0,0.0015773000050103292,ok
PolySHAPPartial,SOUM(n=6),6,32,1337,Precision@10,1.0,0.0015773000050103292,ok
PolySHAPPartial,SOUM(n=6),6,32,1337,KendallTau,0.7333333333333333,0.0015773000050103292,ok
PolySHAPPartial,SOUM(n=6),6,32,1337,L2_Norm_Error,0.00852232164258841,0.0015773000050103292,ok
OptimizedKernelSHAP,SOUM(n=6),6,32,1337,MSE,0.005538837001665171,0.0013190000026952475,ok
OptimizedKernelSHAP,SOUM(n=6),6,32,1337,MAE,0.05928520422464608,0.0013190000026952475,ok
OptimizedKernelSHAP,SOUM(n=6),6,32,1337,SSE,0.038771859011656196,0.0013190000026952475,ok
OptimizedKernelSHAP,SOUM(n=6),6,32,1337,SAE,0.4149964295725226,0.0013190000026952475,ok
OptimizedKernelSHAP,SOUM(n=6),6,32,1337,Precision@5,0.8,0.0013190000026952475,ok
OptimizedKernelSHAP,SOUM(n=6),6,32,1337,Precision@10,1.0,0.0013190000026952475,ok
OptimizedKernelSHAP,SOUM(n=6),6,32,1337,KendallTau,0.7333333333333333,0.0013190000026952475,ok
OptimizedKernelSHAP,SOUM(n=6),6,32,1337,L2_Norm_Error,0.007938964616731912,0.0013190000026952475,ok
OwenSamplingSV,SOUM(n=6),6,64,1337,MSE,0.03149142521875403,0.018519999997806735,ok
OwenSamplingSV,SOUM(n=6),6,64,1337,MAE,0.1584957959436925,0.018519999997806735,ok
OwenSamplingSV,SOUM(n=6),6,64,1337,SSE,0.22043997653127823,0.018519999997806735,ok
OwenSamplingSV,SOUM(n=6),6,64,1337,SAE,1.1094705716058475,0.018519999997806735,ok
OwenSamplingSV,SOUM(n=6),6,64,1337,Precision@5,1.0,0.018519999997806735,ok
OwenSamplingSV,SOUM(n=6),6,64,1337,Precision@10,1.0,0.018519999997806735,ok
OwenSamplingSV,SOUM(n=6),6,64,1337,KendallTau,0.8280786712108251,0.018519999997806735,ok
OwenSamplingSV,SOUM(n=6),6,64,1337,L2_Norm_Error,0.045137509998395976,0.018519999997806735,ok
StratifiedSamplingSV,SOUM(n=6),6,64,1337,MSE,0.022640919190826107,0.018466399997123517,ok
StratifiedSamplingSV,SOUM(n=6),6,64,1337,MAE,0.12454993323352756,0.018466399997123517,ok
StratifiedSamplingSV,SOUM(n=6),6,64,1337,SSE,0.15848643433578274,0.018466399997123517,ok
StratifiedSamplingSV,SOUM(n=6),6,64,1337,SAE,0.8718495326346929,0.018466399997123517,ok
StratifiedSamplingSV,SOUM(n=6),6,64,1337,Precision@5,1.0,0.018466399997123517,ok
StratifiedSamplingSV,SOUM(n=6),6,64,1337,Precision@10,1.0,0.018466399997123517,ok
StratifiedSamplingSV,SOUM(n=6),6,64,1337,KendallTau,0.8666666666666666,0.018466399997123517,ok
StratifiedSamplingSV,SOUM(n=6),6,64,1337,L2_Norm_Error,0.0324518407550569,0.018466399997123517,ok
SVARM,SOUM(n=6),6,64,1337,MSE,1.497823231034873e-31,0.006232500003534369,ok
SVARM,SOUM(n=6),6,64,1337,MAE,2.4187001607905194e-16,0.006232500003534369,ok
SVARM,SOUM(n=6),6,64,1337,SSE,1.0484762617244112e-30,0.006232500003534369,ok
SVARM,SOUM(n=6),6,64,1337,SAE,1.6930901125533637e-15,0.006232500003534369,ok
SVARM,SOUM(n=6),6,64,1337,Precision@5,1.0,0.006232500003534369,ok
SVARM,SOUM(n=6),6,64,1337,Precision@10,1.0,0.006232500003534369,ok
SVARM,SOUM(n=6),6,64,1337,KendallTau,0.9999999999999999,0.006232500003534369,ok
SVARM,SOUM(n=6),6,64,1337,L2_Norm_Error,2.1468704765513083e-31,0.006232500003534369,ok
UnbiasedKernelSHAP,SOUM(n=6),6,64,1337,MSE,1.497823231034873e-31,0.0011970999985351227,ok
UnbiasedKernelSHAP,SOUM(n=6),6,64,1337,MAE,2.4187001607905194e-16,0.0011970999985351227,ok
UnbiasedKernelSHAP,SOUM(n=6),6,64,1337,SSE,1.0484762617244112e-30,0.0011970999985351227,ok
UnbiasedKernelSHAP,SOUM(n=6),6,64,1337,SAE,1.6930901125533637e-15,0.0011970999985351227,ok
UnbiasedKernelSHAP,SOUM(n=6),6,64,1337,Precision@5,1.0,0.0011970999985351227,ok
UnbiasedKernelSHAP,SOUM(n=6),6,64,1337,Precision@10,1.0,0.0011970999985351227,ok
UnbiasedKernelSHAP,SOUM(n=6),6,64,1337,KendallTau,0.9999999999999999,0.0011970999985351227,ok
UnbiasedKernelSHAP,SOUM(n=6),6,64,1337,L2_Norm_Error,2.1468704765513083e-31,0.0011970999985351227,ok
PermutationSamplingSV,SOUM(n=6),6,64,1337,MSE,0.006265065736616649,0.0016625999996904284,ok
PermutationSamplingSV,SOUM(n=6),6,64,1337,MAE,0.054318661179206695,0.0016625999996904284,ok
PermutationSamplingSV,SOUM(n=6),6,64,1337,SSE,0.04385546015631654,0.0016625999996904284,ok
PermutationSamplingSV,SOUM(n=6),6,64,1337,SAE,0.38023062825444687,0.0016625999996904284,ok
PermutationSamplingSV,SOUM(n=6),6,64,1337,Precision@5,1.0,0.0016625999996904284,ok
PermutationSamplingSV,SOUM(n=6),6,64,1337,Precision@10,1.0,0.0016625999996904284,ok
PermutationSamplingSV,SOUM(n=6),6,64,1337,KendallTau,0.8666666666666666,0.0016625999996904284,ok
PermutationSamplingSV,SOUM(n=6),6,64,1337,L2_Norm_Error,0.008979887869880621,0.0016625999996904284,ok
KernelSHAP,SOUM(n=6),6,64,1337,MSE,6.811679058938076e-16,0.0010547999991104007,ok
KernelSHAP,SOUM(n=6),6,64,1337,MAE,1.773210597799668e-08,0.0010547999991104007,ok
KernelSHAP,SOUM(n=6),6,64,1337,SSE,4.768175341256653e-15,0.0010547999991104007,ok
KernelSHAP,SOUM(n=6),6,64,1337,SAE,1.2412474184597677e-07,0.0010547999991104007,ok
KernelSHAP,SOUM(n=6),6,64,1337,Precision@5,1.0,0.0010547999991104007,ok
KernelSHAP,SOUM(n=6),6,64,1337,Precision@10,1.0,0.0010547999991104007,ok
KernelSHAP,SOUM(n=6),6,64,1337,KendallTau,0.9999999999999999,0.0010547999991104007,ok
KernelSHAP,SOUM(n=6),6,64,1337,L2_Norm_Error,9.763363502696584e-16,0.0010547999991104007,ok
LeverageSHAP,SOUM(n=6),6,64,1337,MSE,4.216851126520773e-29,0.0007786999995005317,ok
LeverageSHAP,SOUM(n=6),6,64,1337,MAE,5.555080205356587e-15,0.0007786999995005317,ok
LeverageSHAP,SOUM(n=6),6,64,1337,SSE,2.951795788564541e-28,0.0007786999995005317,ok
LeverageSHAP,SOUM(n=6),6,64,1337,SAE,3.888556143749611e-14,0.0007786999995005317,ok
LeverageSHAP,SOUM(n=6),6,64,1337,Precision@5,1.0,0.0007786999995005317,ok
LeverageSHAP,SOUM(n=6),6,64,1337,Precision@10,1.0,0.0007786999995005317,ok
LeverageSHAP,SOUM(n=6),6,64,1337,KendallTau,0.9999999999999999,0.0007786999995005317,ok
LeverageSHAP,SOUM(n=6),6,64,1337,L2_Norm_Error,6.044126569785319e-29,0.0007786999995005317,ok
kADDSHAP,SOUM(n=6),6,64,1337,MSE,2.653469765675699e-15,0.0009347000013804063,ok
kADDSHAP,SOUM(n=6),6,64,1337,MAE,3.4360328641870804e-08,0.0009347000013804063,ok
kADDSHAP,SOUM(n=6),6,64,1337,SSE,1.8574288359729892e-14,0.0009347000013804063,ok
kADDSHAP,SOUM(n=6),6,64,1337,SAE,2.4052230049309564e-07,0.0009347000013804063,ok
kADDSHAP,SOUM(n=6),6,64,1337,Precision@5,1.0,0.0009347000013804063,ok
kADDSHAP,SOUM(n=6),6,64,1337,Precision@10,1.0,0.0009347000013804063,ok
kADDSHAP,SOUM(n=6),6,64,1337,KendallTau,0.9999999999999999,0.0009347000013804063,ok
kADDSHAP,SOUM(n=6),6,64,1337,L2_Norm_Error,3.80328985578275e-15,0.0009347000013804063,ok
SPEX,SOUM(n=6),6,64,1337,_,,0.18388830000185408,skipped:refused_regime(ValueError)
RegressionMSR,SOUM(n=6),6,64,1337,MSE,6.958955418360846e-15,0.033840399999462534,ok
RegressionMSR,SOUM(n=6),6,64,1337,MAE,6.628896457147196e-08,0.033840399999462534,ok
RegressionMSR,SOUM(n=6),6,64,1337,SSE,4.8712687928525924e-14,0.033840399999462534,ok
RegressionMSR,SOUM(n=6),6,64,1337,SAE,4.6402275200030374e-07,0.033840399999462534,ok
RegressionMSR,SOUM(n=6),6,64,1337,Precision@5,1.0,0.033840399999462534,ok
RegressionMSR,SOUM(n=6),6,64,1337,Precision@10,1.0,0.033840399999462534,ok
RegressionMSR,SOUM(n=6),6,64,1337,KendallTau,0.9999999999999999,0.033840399999462534,ok
RegressionMSR,SOUM(n=6),6,64,1337,L2_Norm_Error,9.974458684949999e-15,0.033840399999462534,ok
ProxySPEX,SOUM(n=6),6,64,1337,MSE,0.05954738196753117,1.1329939999995986,ok
ProxySPEX,SOUM(n=6),6,64,1337,MAE,0.15945678723056897,1.1329939999995986,ok
ProxySPEX,SOUM(n=6),6,64,1337,SSE,0.4168316737727182,1.1329939999995986,ok
ProxySPEX,SOUM(n=6),6,64,1337,SAE,1.1161975106139828,1.1329939999995986,ok
ProxySPEX,SOUM(n=6),6,64,1337,Precision@5,1.0,1.1329939999995986,ok
ProxySPEX,SOUM(n=6),6,64,1337,Precision@10,1.0,1.1329939999995986,ok
ProxySPEX,SOUM(n=6),6,64,1337,KendallTau,0.9660917830792959,1.1329939999995986,ok
ProxySPEX,SOUM(n=6),6,64,1337,L2_Norm_Error,0.015442058127196765,1.1329939999995986,ok
OddSHAP,SOUM(n=6),6,64,1337,MSE,4.57490901646728e-31,0.013177300003007986,ok
OddSHAP,SOUM(n=6),6,64,1337,MAE,4.639146210040833e-16,0.013177300003007986,ok
OddSHAP,SOUM(n=6),6,64,1337,SSE,3.202436311527096e-30,0.013177300003007986,ok
OddSHAP,SOUM(n=6),6,64,1337,SAE,3.247402347028583e-15,0.013177300003007986,ok
OddSHAP,SOUM(n=6),6,64,1337,Precision@5,1.0,0.013177300003007986,ok
OddSHAP,SOUM(n=6),6,64,1337,Precision@10,1.0,0.013177300003007986,ok
OddSHAP,SOUM(n=6),6,64,1337,KendallTau,0.9999999999999999,0.013177300003007986,ok
OddSHAP,SOUM(n=6),6,64,1337,L2_Norm_Error,6.557340610597934e-31,0.013177300003007986,ok
ShaplEIG,SOUM(n=6),6,64,1337,_,,0.0,skipped:incompatible_constructor(ImportError)
PolySHAPKAdd,SOUM(n=6),6,64,1337,MSE,6.277431087305596e-31,0.0008291000049212016,ok
PolySHAPKAdd,SOUM(n=6),6,64,1337,MAE,5.868321701590113e-16,0.0008291000049212016,ok
PolySHAPKAdd,SOUM(n=6),6,64,1337,SSE,4.394201761113917e-30,0.0008291000049212016,ok
PolySHAPKAdd,SOUM(n=6),6,64,1337,SAE,4.107825191113079e-15,0.0008291000049212016,ok
PolySHAPKAdd,SOUM(n=6),6,64,1337,Precision@5,1.0,0.0008291000049212016,ok
PolySHAPKAdd,SOUM(n=6),6,64,1337,Precision@10,1.0,0.0008291000049212016,ok
PolySHAPKAdd,SOUM(n=6),6,64,1337,KendallTau,0.9999999999999999,0.0008291000049212016,ok
PolySHAPKAdd,SOUM(n=6),6,64,1337,L2_Norm_Error,8.997611460873375e-31,0.0008291000049212016,ok
PolySHAPPartial,SOUM(n=6),6,64,1337,MSE,6.277431087305596e-31,0.0008445999992545694,ok
PolySHAPPartial,SOUM(n=6),6,64,1337,MAE,5.868321701590113e-16,0.0008445999992545694,ok
PolySHAPPartial,SOUM(n=6),6,64,1337,SSE,4.394201761113917e-30,0.0008445999992545694,ok
PolySHAPPartial,SOUM(n=6),6,64,1337,SAE,4.107825191113079e-15,0.0008445999992545694,ok
PolySHAPPartial,SOUM(n=6),6,64,1337,Precision@5,1.0,0.0008445999992545694,ok
PolySHAPPartial,SOUM(n=6),6,64,1337,Precision@10,1.0,0.0008445999992545694,ok
PolySHAPPartial,SOUM(n=6),6,64,1337,KendallTau,0.9999999999999999,0.0008445999992545694,ok
PolySHAPPartial,SOUM(n=6),6,64,1337,L2_Norm_Error,8.997611460873375e-31,0.0008445999992545694,ok
OptimizedKernelSHAP,SOUM(n=6),6,64,1337,MSE,6.811679058938076e-16,0.000978600000962615,ok
OptimizedKernelSHAP,SOUM(n=6),6,64,1337,MAE,1.773210597799668e-08,0.000978600000962615,ok
OptimizedKernelSHAP,SOUM(n=6),6,64,1337,SSE,4.768175341256653e-15,0.000978600000962615,ok
OptimizedKernelSHAP,SOUM(n=6),6,64,1337,SAE,1.2412474184597677e-07,0.000978600000962615,ok
OptimizedKernelSHAP,SOUM(n=6),6,64,1337,Precision@5,1.0,0.000978600000962615,ok
OptimizedKernelSHAP,SOUM(n=6),6,64,1337,Precision@10,1.0,0.000978600000962615,ok
OptimizedKernelSHAP,SOUM(n=6),6,64,1337,KendallTau,0.9999999999999999,0.000978600000962615,ok
OptimizedKernelSHAP,SOUM(n=6),6,64,1337,L2_Norm_Error,9.763363502696584e-16,0.000978600000962615,ok
OwenSamplingSV,SOUM(n=8),8,12,0,MSE,0.30036900647576403,0.003260099998442456,ok
OwenSamplingSV,SOUM(n=8),8,12,0,MAE,0.36524765738535225,0.003260099998442456,ok
OwenSamplingSV,SOUM(n=8),8,12,0,SSE,2.703321058281876,0.003260099998442456,ok
OwenSamplingSV,SOUM(n=8),8,12,0,SAE,3.2872289164681705,0.003260099998442456,ok
OwenSamplingSV,SOUM(n=8),8,12,0,Precision@5,0.4,0.003260099998442456,ok
OwenSamplingSV,SOUM(n=8),8,12,0,Precision@10,1.0,0.003260099998442456,ok
OwenSamplingSV,SOUM(n=8),8,12,0,KendallTau,nan,0.003260099998442456,ok
OwenSamplingSV,SOUM(n=8),8,12,0,L2_Norm_Error,1.0,0.003260099998442456,ok
StratifiedSamplingSV,SOUM(n=8),8,12,0,MSE,0.04099866348652082,0.0033083999951486476,ok
StratifiedSamplingSV,SOUM(n=8),8,12,0,MAE,0.1376815395278586,0.0033083999951486476,ok
StratifiedSamplingSV,SOUM(n=8),8,12,0,SSE,0.3689879713786874,0.0033083999951486476,ok
StratifiedSamplingSV,SOUM(n=8),8,12,0,SAE,1.2391338557507274,0.0033083999951486476,ok
StratifiedSamplingSV,SOUM(n=8),8,12,0,Precision@5,0.6,0.0033083999951486476,ok
StratifiedSamplingSV,SOUM(n=8),8,12,0,Precision@10,1.0,0.0033083999951486476,ok
StratifiedSamplingSV,SOUM(n=8),8,12,0,KendallTau,0.8017837257372732,0.0033083999951486476,ok
StratifiedSamplingSV,SOUM(n=8),8,12,0,L2_Norm_Error,0.13649432066097308,0.0033083999951486476,ok
SVARM,SOUM(n=8),8,12,0,MSE,0.17396622326510267,0.008284899995487649,ok
SVARM,SOUM(n=8),8,12,0,MAE,0.2719349973330682,0.008284899995487649,ok
SVARM,SOUM(n=8),8,12,0,SSE,1.565696009385924,0.008284899995487649,ok
SVARM,SOUM(n=8),8,12,0,SAE,2.4474149759976136,0.008284899995487649,ok
SVARM,SOUM(n=8),8,12,0,Precision@5,0.8,0.008284899995487649,ok
SVARM,SOUM(n=8),8,12,0,Precision@10,1.0,0.008284899995487649,ok
SVARM,SOUM(n=8),8,12,0,KendallTau,0.21428571428571427,0.008284899995487649,ok
SVARM,SOUM(n=8),8,12,0,L2_Norm_Error,0.5791750131155412,0.008284899995487649,ok
UnbiasedKernelSHAP,SOUM(n=8),8,12,0,MSE,1.2212863633224498,0.0019086999964201823,ok
UnbiasedKernelSHAP,SOUM(n=8),8,12,0,MAE,0.8769978686940871,0.0019086999964201823,ok
UnbiasedKernelSHAP,SOUM(n=8),8,12,0,SSE,10.991577269902049,0.0019086999964201823,ok
UnbiasedKernelSHAP,SOUM(n=8),8,12,0,SAE,7.892980818246784,0.0019086999964201823,ok
UnbiasedKernelSHAP,SOUM(n=8),8,12,0,Precision@5,0.6,0.0019086999964201823,ok
UnbiasedKernelSHAP,SOUM(n=8),8,12,0,Precision@10,1.0,0.0019086999964201823,ok
UnbiasedKernelSHAP,SOUM(n=8),8,12,0,KendallTau,0.21428571428571427,0.0019086999964201823,ok
UnbiasedKernelSHAP,SOUM(n=8),8,12,0,L2_Norm_Error,4.065953334040118,0.0019086999964201823,ok
PermutationSamplingSV,SOUM(n=8),8,12,0,MSE,0.18671809419910262,0.0009258999998564832,ok
PermutationSamplingSV,SOUM(n=8),8,12,0,MAE,0.25526515291570057,0.0009258999998564832,ok
PermutationSamplingSV,SOUM(n=8),8,12,0,SSE,1.6804628477919237,0.0009258999998564832,ok
PermutationSamplingSV,SOUM(n=8),8,12,0,SAE,2.297386376241305,0.0009258999998564832,ok
PermutationSamplingSV,SOUM(n=8),8,12,0,Precision@5,0.8,0.0009258999998564832,ok
PermutationSamplingSV,SOUM(n=8),8,12,0,Precision@10,1.0,0.0009258999998564832,ok
PermutationSamplingSV,SOUM(n=8),8,12,0,KendallTau,0.5640760748177661,0.0009258999998564832,ok
PermutationSamplingSV,SOUM(n=8),8,12,0,L2_Norm_Error,0.6216290302047808,0.0009258999998564832,ok
KernelSHAP,SOUM(n=8),8,12,0,MSE,0.0892398945927409,0.0016222000049310736,ok
KernelSHAP,SOUM(n=8),8,12,0,MAE,0.20332606261829606,0.0016222000049310736,ok
KernelSHAP,SOUM(n=8),8,12,0,SSE,0.803159051334668,0.0016222000049310736,ok
KernelSHAP,SOUM(n=8),8,12,0,SAE,1.8299345635646644,0.0016222000049310736,ok
KernelSHAP,SOUM(n=8),8,12,0,Precision@5,1.0,0.0016222000049310736,ok
KernelSHAP,SOUM(n=8),8,12,0,Precision@10,1.0,0.0016222000049310736,ok
KernelSHAP,SOUM(n=8),8,12,0,KendallTau,0.8571428571428571,0.0016222000049310736,ok
KernelSHAP,SOUM(n=8),8,12,0,L2_Norm_Error,0.29710087481992403,0.0016222000049310736,ok
LeverageSHAP,SOUM(n=8),8,12,0,MSE,0.20829886210513363,0.0007161000030464493,ok
LeverageSHAP,SOUM(n=8),8,12,0,MAE,0.35954021266820324,0.0007161000030464493,ok
LeverageSHAP,SOUM(n=8),8,12,0,SSE,1.8746897589462026,0.0007161000030464493,ok
LeverageSHAP,SOUM(n=8),8,12,0,SAE,3.2358619140138294,0.0007161000030464493,ok
LeverageSHAP,SOUM(n=8),8,12,0,Precision@5,0.6,0.0007161000030464493,ok
LeverageSHAP,SOUM(n=8),8,12,0,Precision@10,1.0,0.0007161000030464493,ok
LeverageSHAP,SOUM(n=8),8,12,0,KendallTau,-0.1543033499620919,0.0007161000030464493,ok
LeverageSHAP,SOUM(n=8),8,12,0,L2_Norm_Error,0.6934765492255964,0.0007161000030464493,ok
kADDSHAP,SOUM(n=8),8,12,0,MSE,0.08923988665331883,0.0012486999985412695,ok
kADDSHAP,SOUM(n=8),8,12,0,MAE,0.20332606202968556,0.0012486999985412695,ok
kADDSHAP,SOUM(n=8),8,12,0,SSE,0.8031589798798695,0.0012486999985412695,ok
kADDSHAP,SOUM(n=8),8,12,0,SAE,1.82993455826717,0.0012486999985412695,ok
kADDSHAP,SOUM(n=8),8,12,0,Precision@5,1.0,0.0012486999985412695,ok
kADDSHAP,SOUM(n=8),8,12,0,Precision@10,1.0,0.0012486999985412695,ok
kADDSHAP,SOUM(n=8),8,12,0,KendallTau,0.8571428571428571,0.0012486999985412695,ok
kADDSHAP,SOUM(n=8),8,12,0,L2_Norm_Error,0.29710084838769607,0.0012486999985412695,ok
SPEX,SOUM(n=8),8,12,0,_,,0.19408900000416907,skipped:refused_regime(ValueError)
RegressionMSR,SOUM(n=8),8,12,0,MSE,0.06944485029611423,0.05702960000053281,ok
RegressionMSR,SOUM(n=8),8,12,0,MAE,0.18306463278310262,0.05702960000053281,ok
RegressionMSR,SOUM(n=8),8,12,0,SSE,0.6250036526650281,0.05702960000053281,ok
RegressionMSR,SOUM(n=8),8,12,0,SAE,1.6475816950479236,0.05702960000053281,ok
RegressionMSR,SOUM(n=8),8,12,0,Precision@5,0.6,0.05702960000053281,ok
RegressionMSR,SOUM(n=8),8,12,0,Precision@10,1.0,0.05702960000053281,ok
RegressionMSR,SOUM(n=8),8,12,0,KendallTau,0.5714285714285714,0.05702960000053281,ok
RegressionMSR,SOUM(n=8),8,12,0,L2_Norm_Error,0.23119845522982602,0.05702960000053281,ok
ProxySPEX,SOUM(n=8),8,12,0,MSE,0.48581404487823854,0.3572552999976324,ok
ProxySPEX,SOUM(n=8),8,12,0,MAE,0.5087920904607649,0.3572552999976324,ok
ProxySPEX,SOUM(n=8),8,12,0,SSE,4.372326403904147,0.3572552999976324,ok
ProxySPEX,SOUM(n=8),8,12,0,SAE,4.579128814146884,0.3572552999976324,ok
ProxySPEX,SOUM(n=8),8,12,0,Precision@5,0.4,0.3572552999976324,ok
ProxySPEX,SOUM(n=8),8,12,0,Precision@10,1.0,0.3572552999976324,ok
ProxySPEX,SOUM(n=8),8,12,0,KendallTau,nan,0.3572552999976324,ok
ProxySPEX,SOUM(n=8),8,12,0,L2_Norm_Error,1.0,0.3572552999976324,ok
OddSHAP,SOUM(n=8),8,12,0,MSE,0.7975714350112741,0.004656999997678213,ok
OddSHAP,SOUM(n=8),8,12,0,MAE,0.6075348641601137,0.004656999997678213,ok
OddSHAP,SOUM(n=8),8,12,0,SSE,7.178142915101467,0.004656999997678213,ok
OddSHAP,SOUM(n=8),8,12,0,SAE,5.467813777441023,0.004656999997678213,ok
OddSHAP,SOUM(n=8),8,12,0,Precision@5,0.4,0.004656999997678213,ok
OddSHAP,SOUM(n=8),8,12,0,Precision@10,1.0,0.004656999997678213,ok
OddSHAP,SOUM(n=8),8,12,0,KendallTau,-0.2620712091804796,0.004656999997678213,ok
OddSHAP,SOUM(n=8),8,12,0,L2_Norm_Error,2.6553053671189217,0.004656999997678213,ok
ShaplEIG,SOUM(n=8),8,12,0,_,,0.0,skipped:incompatible_constructor(ImportError)
PolySHAPKAdd,SOUM(n=8),8,12,0,MSE,0.0892398668852766,0.001377900000079535,ok
PolySHAPKAdd,SOUM(n=8),8,12,0,MAE,0.2033260429921467,0.001377900000079535,ok
PolySHAPKAdd,SOUM(n=8),8,12,0,SSE,0.8031588019674895,0.001377900000079535,ok
PolySHAPKAdd,SOUM(n=8),8,12,0,SAE,1.8299343869293203,0.001377900000079535,ok
PolySHAPKAdd,SOUM(n=8),8,12,0,Precision@5,1.0,0.001377900000079535,ok
PolySHAPKAdd,SOUM(n=8),8,12,0,Precision@10,1.0,0.001377900000079535,ok
PolySHAPKAdd,SOUM(n=8),8,12,0,KendallTau,0.8571428571428571,0.001377900000079535,ok
PolySHAPKAdd,SOUM(n=8),8,12,0,L2_Norm_Error,0.29710078257517275,0.001377900000079535,ok
PolySHAPPartial,SOUM(n=8),8,12,0,MSE,0.0892398668852766,0.0010419999962323345,ok
PolySHAPPartial,SOUM(n=8),8,12,0,MAE,0.2033260429921467,0.0010419999962323345,ok
PolySHAPPartial,SOUM(n=8),8,12,0,SSE,0.8031588019674895,0.0010419999962323345,ok
PolySHAPPartial,SOUM(n=8),8,12,0,SAE,1.8299343869293203,0.0010419999962323345,ok
PolySHAPPartial,SOUM(n=8),8,12,0,Precision@5,1.0,0.0010419999962323345,ok
PolySHAPPartial,SOUM(n=8),8,12,0,Precision@10,1.0,0.0010419999962323345,ok
PolySHAPPartial,SOUM(n=8),8,12,0,KendallTau,0.8571428571428571,0.0010419999962323345,ok
PolySHAPPartial,SOUM(n=8),8,12,0,L2_Norm_Error,0.29710078257517275,0.0010419999962323345,ok
OptimizedKernelSHAP,SOUM(n=8),8,12,0,MSE,0.021596970811089893,0.0011276000004727393,ok
OptimizedKernelSHAP,SOUM(n=8),8,12,0,MAE,0.11334414964588119,0.0011276000004727393,ok
OptimizedKernelSHAP,SOUM(n=8),8,12,0,SSE,0.19437273729980903,0.0011276000004727393,ok
OptimizedKernelSHAP,SOUM(n=8),8,12,0,SAE,1.0200973468129306,0.0011276000004727393,ok
OptimizedKernelSHAP,SOUM(n=8),8,12,0,Precision@5,0.8,0.0011276000004727393,ok
OptimizedKernelSHAP,SOUM(n=8),8,12,0,Precision@10,1.0,0.0011276000004727393,ok
OptimizedKernelSHAP,SOUM(n=8),8,12,0,KendallTau,0.7857142857142856,0.0011276000004727393,ok
OptimizedKernelSHAP,SOUM(n=8),8,12,0,L2_Norm_Error,0.07190146235288263,0.0011276000004727393,ok
OwenSamplingSV,SOUM(n=8),8,64,0,MSE,0.026801399605365372,0.01986380000016652,ok
OwenSamplingSV,SOUM(n=8),8,64,0,MAE,0.11475067412354073,0.01986380000016652,ok
OwenSamplingSV,SOUM(n=8),8,64,0,SSE,0.24121259644828835,0.01986380000016652,ok
OwenSamplingSV,SOUM(n=8),8,64,0,SAE,1.0327560671118665,0.01986380000016652,ok
OwenSamplingSV,SOUM(n=8),8,64,0,Precision@5,0.6,0.01986380000016652,ok
OwenSamplingSV,SOUM(n=8),8,64,0,Precision@10,1.0,0.01986380000016652,ok
OwenSamplingSV,SOUM(n=8),8,64,0,KendallTau,0.8017837257372732,0.01986380000016652,ok
OwenSamplingSV,SOUM(n=8),8,64,0,L2_Norm_Error,0.08922824601588153,0.01986380000016652,ok
StratifiedSamplingSV,SOUM(n=8),8,64,0,MSE,0.018955756874308703,0.018763799998851027,ok
StratifiedSamplingSV,SOUM(n=8),8,64,0,MAE,0.0766018434612835,0.018763799998851027,ok
StratifiedSamplingSV,SOUM(n=8),8,64,0,SSE,0.17060181186877832,0.018763799998851027,ok
StratifiedSamplingSV,SOUM(n=8),8,64,0,SAE,0.6894165911515515,0.018763799998851027,ok
StratifiedSamplingSV,SOUM(n=8),8,64,0,Precision@5,0.8,0.018763799998851027,ok
StratifiedSamplingSV,SOUM(n=8),8,64,0,Precision@10,1.0,0.018763799998851027,ok
StratifiedSamplingSV,SOUM(n=8),8,64,0,KendallTau,0.8864052604279183,0.018763799998851027,ok
StratifiedSamplingSV,SOUM(n=8),8,64,0,L2_Norm_Error,0.0631082317603837,0.018763799998851027,ok
SVARM,SOUM(n=8),8,64,0,MSE,0.024306384271131385,0.015053799994348083,ok
SVARM,SOUM(n=8),8,64,0,MAE,0.13030106727792143,0.015053799994348083,ok
SVARM,SOUM(n=8),8,64,0,SSE,0.21875745844018246,0.015053799994348083,ok
SVARM,SOUM(n=8),8,64,0,SAE,1.1727096055012929,0.015053799994348083,ok
SVARM,SOUM(n=8),8,64,0,Precision@5,0.8,0.015053799994348083,ok
SVARM,SOUM(n=8),8,64,0,Precision@10,1.0,0.015053799994348083,ok
SVARM,SOUM(n=8),8,64,0,KendallTau,0.9285714285714285,0.015053799994348083,ok
SVARM,SOUM(n=8),8,64,0,L2_Norm_Error,0.08092174541014974,0.015053799994348083,ok
UnbiasedKernelSHAP,SOUM(n=8),8,64,0,MSE,0.09124884759384128,0.006616899998334702,ok
UnbiasedKernelSHAP,SOUM(n=8),8,64,0,MAE,0.25162833433437687,0.006616899998334702,ok
UnbiasedKernelSHAP,SOUM(n=8),8,64,0,SSE,0.8212396283445714,0.006616899998334702,ok
UnbiasedKernelSHAP,SOUM(n=8),8,64,0,SAE,2.2646550090093918,0.006616899998334702,ok
UnbiasedKernelSHAP,SOUM(n=8),8,64,0,Precision@5,0.6,0.006616899998334702,ok
UnbiasedKernelSHAP,SOUM(n=8),8,64,0,Precision@10,1.0,0.006616899998334702,ok
UnbiasedKernelSHAP,SOUM(n=8),8,64,0,KendallTau,0.8571428571428571,0.006616899998334702,ok
UnbiasedKernelSHAP,SOUM(n=8),8,64,0,L2_Norm_Error,0.3037891580907963,0.006616899998334702,ok
PermutationSamplingSV,SOUM(n=8),8,64,0,MSE,0.012950966058097962,0.002864200003386941,ok
PermutationSamplingSV,SOUM(n=8),8,64,0,MAE,0.06769682507760227,0.002864200003386941,ok
PermutationSamplingSV,SOUM(n=8),8,64,0,SSE,0.11655869452288166,0.002864200003386941,ok
PermutationSamplingSV,SOUM(n=8),8,64,0,SAE,0.6092714256984204,0.002864200003386941,ok
PermutationSamplingSV,SOUM(n=8),8,64,0,Precision@5,1.0,0.002864200003386941,ok
PermutationSamplingSV,SOUM(n=8),8,64,0,Precision@10,1.0,0.002864200003386941,ok
PermutationSamplingSV,SOUM(n=8),8,64,0,KendallTau,0.7637626158259734,0.002864200003386941,ok
PermutationSamplingSV,SOUM(n=8),8,64,0,L2_Norm_Error,0.04311685220140363,0.002864200003386941,ok
KernelSHAP,SOUM(n=8),8,64,0,MSE,0.008214557505155571,0.005815799995616544,ok
KernelSHAP,SOUM(n=8),8,64,0,MAE,0.06869051232090419,0.005815799995616544,ok
KernelSHAP,SOUM(n=8),8,64,0,SSE,0.07393101754640014,0.005815799995616544,ok
KernelSHAP,SOUM(n=8),8,64,0,SAE,0.6182146108881377,0.005815799995616544,ok
KernelSHAP,SOUM(n=8),8,64,0,Precision@5,1.0,0.005815799995616544,ok
KernelSHAP,SOUM(n=8),8,64,0,Precision@10,1.0,0.005815799995616544,ok
KernelSHAP,SOUM(n=8),8,64,0,KendallTau,0.9285714285714285,0.005815799995616544,ok
KernelSHAP,SOUM(n=8),8,64,0,L2_Norm_Error,0.027348219450259368,0.005815799995616544,ok
LeverageSHAP,SOUM(n=8),8,64,0,MSE,0.0018955938389638221,0.001418500003637746,ok
LeverageSHAP,SOUM(n=8),8,64,0,MAE,0.03514981759436022,0.001418500003637746,ok
LeverageSHAP,SOUM(n=8),8,64,0,SSE,0.0170603445506744,0.001418500003637746,ok
LeverageSHAP,SOUM(n=8),8,64,0,SAE,0.31634835834924196,0.001418500003637746,ok
LeverageSHAP,SOUM(n=8),8,64,0,Precision@5,1.0,0.001418500003637746,ok
LeverageSHAP,SOUM(n=8),8,64,0,Precision@10,1.0,0.001418500003637746,ok
LeverageSHAP,SOUM(n=8),8,64,0,KendallTau,0.9285714285714285,0.001418500003637746,ok
LeverageSHAP,SOUM(n=8),8,64,0,L2_Norm_Error,0.006310883606817048,0.001418500003637746,ok
kADDSHAP,SOUM(n=8),8,64,0,MSE,0.008214554735867316,0.00595709999470273,ok
kADDSHAP,SOUM(n=8),8,64,0,MAE,0.0686905004448398,0.00595709999470273,ok
kADDSHAP,SOUM(n=8),8,64,0,SSE,0.07393099262280584,0.00595709999470273,ok
kADDSHAP,SOUM(n=8),8,64,0,SAE,0.6182145040035583,0.00595709999470273,ok
kADDSHAP,SOUM(n=8),8,64,0,Precision@5,1.0,0.00595709999470273,ok
kADDSHAP,SOUM(n=8),8,64,0,Precision@10,1.0,0.00595709999470273,ok
kADDSHAP,SOUM(n=8),8,64,0,KendallTau,0.9285714285714285,0.00595709999470273,ok
kADDSHAP,SOUM(n=8),8,64,0,L2_Norm_Error,0.027348210230638857,0.00595709999470273,ok
SPEX,SOUM(n=8),8,64,0,_,,0.20256869999866467,skipped:refused_regime(ValueError)
RegressionMSR,SOUM(n=8),8,64,0,MSE,0.0007449658520957184,0.03761230000236537,ok
RegressionMSR,SOUM(n=8),8,64,0,MAE,0.018894617684962534,0.03761230000236537,ok
RegressionMSR,SOUM(n=8),8,64,0,SSE,0.006704692668861466,0.03761230000236537,ok
RegressionMSR,SOUM(n=8),8,64,0,SAE,0.1700515591646628,0.03761230000236537,ok
RegressionMSR,SOUM(n=8),8,64,0,Precision@5,0.8,0.03761230000236537,ok
RegressionMSR,SOUM(n=8),8,64,0,Precision@10,1.0,0.03761230000236537,ok
RegressionMSR,SOUM(n=8),8,64,0,KendallTau,0.9999999999999998,0.03761230000236537,ok
RegressionMSR,SOUM(n=8),8,64,0,L2_Norm_Error,0.002480168845768806,0.03761230000236537,ok
ProxySPEX,SOUM(n=8),8,64,0,MSE,0.20242158089837248,1.1788030999960029,ok
ProxySPEX,SOUM(n=8),8,64,0,MAE,0.237581255675075,1.1788030999960029,ok
ProxySPEX,SOUM(n=8),8,64,0,SSE,1.8217942280853523,1.1788030999960029,ok
ProxySPEX,SOUM(n=8),8,64,0,SAE,2.138231301075675,1.1788030999960029,ok
ProxySPEX,SOUM(n=8),8,64,0,Precision@5,0.8,1.1788030999960029,ok
ProxySPEX,SOUM(n=8),8,64,0,Precision@10,1.0,1.1788030999960029,ok
ProxySPEX,SOUM(n=8),8,64,0,KendallTau,0.8571428571428571,1.1788030999960029,ok
ProxySPEX,SOUM(n=8),8,64,0,L2_Norm_Error,0.056518955451110214,1.1788030999960029,ok
OddSHAP,SOUM(n=8),8,64,0,MSE,0.00133730146277367,0.013402000004134607,ok
OddSHAP,SOUM(n=8),8,64,0,MAE,0.030167142361091852,0.013402000004134607,ok
OddSHAP,SOUM(n=8),8,64,0,SSE,0.01203571316496303,0.013402000004134607,ok
OddSHAP,SOUM(n=8),8,64,0,SAE,0.2715042812498267,0.013402000004134607,ok
OddSHAP,SOUM(n=8),8,64,0,Precision@5,1.0,0.013402000004134607,ok
OddSHAP,SOUM(n=8),8,64,0,Precision@10,1.0,0.013402000004134607,ok
OddSHAP,SOUM(n=8),8,64,0,KendallTau,0.9999999999999998,0.013402000004134607,ok
OddSHAP,SOUM(n=8),8,64,0,L2_Norm_Error,0.004452195246321374,0.013402000004134607,ok
ShaplEIG,SOUM(n=8),8,64,0,_,,0.0,skipped:incompatible_constructor(ImportError)
PolySHAPKAdd,SOUM(n=8),8,64,0,MSE,0.008214555409769808,0.0029085999995004386,ok
PolySHAPKAdd,SOUM(n=8),8,64,0,MAE,0.06869050659924562,0.0029085999995004386,ok
PolySHAPKAdd,SOUM(n=8),8,64,0,SSE,0.07393099868792828,0.0029085999995004386,ok
PolySHAPKAdd,SOUM(n=8),8,64,0,SAE,0.6182145593932106,0.0029085999995004386,ok
PolySHAPKAdd,SOUM(n=8),8,64,0,Precision@5,1.0,0.0029085999995004386,ok
PolySHAPKAdd,SOUM(n=8),8,64,0,Precision@10,1.0,0.0029085999995004386,ok
PolySHAPKAdd,SOUM(n=8),8,64,0,KendallTau,0.9285714285714285,0.0029085999995004386,ok
PolySHAPKAdd,SOUM(n=8),8,64,0,L2_Norm_Error,0.027348212474220847,0.0029085999995004386,ok
PolySHAPPartial,SOUM(n=8),8,64,0,MSE,0.008214555409769808,0.0028930000044056214,ok
PolySHAPPartial,SOUM(n=8),8,64,0,MAE,0.06869050659924562,0.0028930000044056214,ok
PolySHAPPartial,SOUM(n=8),8,64,0,SSE,0.07393099868792828,0.0028930000044056214,ok
PolySHAPPartial,SOUM(n=8),8,64,0,SAE,0.6182145593932106,0.0028930000044056214,ok
PolySHAPPartial,SOUM(n=8),8,64,0,Precision@5,1.0,0.0028930000044056214,ok
PolySHAPPartial,SOUM(n=8),8,64,0,Precision@10,1.0,0.0028930000044056214,ok
PolySHAPPartial,SOUM(n=8),8,64,0,KendallTau,0.9285714285714285,0.0028930000044056214,ok
PolySHAPPartial,SOUM(n=8),8,64,0,L2_Norm_Error,0.027348212474220847,0.0028930000044056214,ok
OptimizedKernelSHAP,SOUM(n=8),8,64,0,MSE,0.0014967979123171886,0.002129299995431211,ok
OptimizedKernelSHAP,SOUM(n=8),8,64,0,MAE,0.032950198244443354,0.002129299995431211,ok
OptimizedKernelSHAP,SOUM(n=8),8,64,0,SSE,0.013471181210854697,0.002129299995431211,ok
OptimizedKernelSHAP,SOUM(n=8),8,64,0,SAE,0.2965517841999902,0.002129299995431211,ok
OptimizedKernelSHAP,SOUM(n=8),8,64,0,Precision@5,1.0,0.002129299995431211,ok
OptimizedKernelSHAP,SOUM(n=8),8,64,0,Precision@10,1.0,0.002129299995431211,ok
OptimizedKernelSHAP,SOUM(n=8),8,64,0,KendallTau,0.9285714285714285,0.002129299995431211,ok
OptimizedKernelSHAP,SOUM(n=8),8,64,0,L2_Norm_Error,0.004983196934594388,0.002129299995431211,ok
OwenSamplingSV,SOUM(n=8),8,128,0,MSE,0.013036452827644268,0.037670199999411125,ok
OwenSamplingSV,SOUM(n=8),8,128,0,MAE,0.07667410378774694,0.037670199999411125,ok
OwenSamplingSV,SOUM(n=8),8,128,0,SSE,0.1173280754487984,0.037670199999411125,ok
OwenSamplingSV,SOUM(n=8),8,128,0,SAE,0.6900669340897225,0.037670199999411125,ok
OwenSamplingSV,SOUM(n=8),8,128,0,Precision@5,0.8,0.037670199999411125,ok
OwenSamplingSV,SOUM(n=8),8,128,0,Precision@10,1.0,0.037670199999411125,ok
OwenSamplingSV,SOUM(n=8),8,128,0,KendallTau,0.9092412093166348,0.037670199999411125,ok
OwenSamplingSV,SOUM(n=8),8,128,0,L2_Norm_Error,0.04340145802858042,0.037670199999411125,ok
StratifiedSamplingSV,SOUM(n=8),8,128,0,MSE,0.009542539558839625,0.04238159999658819,ok
StratifiedSamplingSV,SOUM(n=8),8,128,0,MAE,0.06767273830211436,0.04238159999658819,ok
StratifiedSamplingSV,SOUM(n=8),8,128,0,SSE,0.08588285602955663,0.04238159999658819,ok
StratifiedSamplingSV,SOUM(n=8),8,128,0,SAE,0.6090546447190293,0.04238159999658819,ok
StratifiedSamplingSV,SOUM(n=8),8,128,0,Precision@5,1.0,0.04238159999658819,ok
StratifiedSamplingSV,SOUM(n=8),8,128,0,Precision@10,1.0,0.04238159999658819,ok
StratifiedSamplingSV,SOUM(n=8),8,128,0,KendallTau,0.9819805060619657,0.04238159999658819,ok
StratifiedSamplingSV,SOUM(n=8),8,128,0,L2_Norm_Error,0.0317693881629215,0.04238159999658819,ok
SVARM,SOUM(n=8),8,128,0,MSE,0.005561332753939952,0.019546799994714092,ok
SVARM,SOUM(n=8),8,128,0,MAE,0.06747074518788075,0.019546799994714092,ok
SVARM,SOUM(n=8),8,128,0,SSE,0.05005199478545957,0.019546799994714092,ok
SVARM,SOUM(n=8),8,128,0,SAE,0.6072367066909268,0.019546799994714092,ok
SVARM,SOUM(n=8),8,128,0,Precision@5,1.0,0.019546799994714092,ok
SVARM,SOUM(n=8),8,128,0,Precision@10,1.0,0.019546799994714092,ok
SVARM,SOUM(n=8),8,128,0,KendallTau,0.9999999999999998,0.019546799994714092,ok
SVARM,SOUM(n=8),8,128,0,L2_Norm_Error,0.018515001994350848,0.019546799994714092,ok
UnbiasedKernelSHAP,SOUM(n=8),8,128,0,MSE,0.023120921316032706,0.008222800002840813,ok
UnbiasedKernelSHAP,SOUM(n=8),8,128,0,MAE,0.11628075965450371,0.008222800002840813,ok
UnbiasedKernelSHAP,SOUM(n=8),8,128,0,SSE,0.20808829184429437,0.008222800002840813,ok
UnbiasedKernelSHAP,SOUM(n=8),8,128,0,SAE,1.0465268368905334,0.008222800002840813,ok
UnbiasedKernelSHAP,SOUM(n=8),8,128,0,Precision@5,0.8,0.008222800002840813,ok
UnbiasedKernelSHAP,SOUM(n=8),8,128,0,Precision@10,1.0,0.008222800002840813,ok
UnbiasedKernelSHAP,SOUM(n=8),8,128,0,KendallTau,0.9285714285714285,0.008222800002840813,ok
UnbiasedKernelSHAP,SOUM(n=8),8,128,0,L2_Norm_Error,0.07697505673874604,0.008222800002840813,ok
PermutationSamplingSV,SOUM(n=8),8,128,0,MSE,0.004024316748378549,0.0020853000023635104,ok
PermutationSamplingSV,SOUM(n=8),8,128,0,MAE,0.035812767738627536,0.0020853000023635104,ok
PermutationSamplingSV,SOUM(n=8),8,128,0,SSE,0.03621885073540694,0.0020853000023635104,ok
PermutationSamplingSV,SOUM(n=8),8,128,0,SAE,0.3223149096476478,0.0020853000023635104,ok
PermutationSamplingSV,SOUM(n=8),8,128,0,Precision@5,1.0,0.0020853000023635104,ok
PermutationSamplingSV,SOUM(n=8),8,128,0,Precision@10,1.0,0.0020853000023635104,ok
PermutationSamplingSV,SOUM(n=8),8,128,0,KendallTau,0.9092412093166348,0.0020853000023635104,ok
PermutationSamplingSV,SOUM(n=8),8,128,0,L2_Norm_Error,0.013397909443440737,0.0020853000023635104,ok
KernelSHAP,SOUM(n=8),8,128,0,MSE,0.0007593373589755638,0.007216999998490792,ok
KernelSHAP,SOUM(n=8),8,128,0,MAE,0.020090791179007597,0.007216999998490792,ok
KernelSHAP,SOUM(n=8),8,128,0,SSE,0.006834036230780074,0.007216999998490792,ok
KernelSHAP,SOUM(n=8),8,128,0,SAE,0.18081712061106836,0.007216999998490792,ok
KernelSHAP,SOUM(n=8),8,128,0,Precision@5,1.0,0.007216999998490792,ok
KernelSHAP,SOUM(n=8),8,128,0,Precision@10,1.0,0.007216999998490792,ok
KernelSHAP,SOUM(n=8),8,128,0,KendallTau,0.9999999999999998,0.007216999998490792,ok
KernelSHAP,SOUM(n=8),8,128,0,L2_Norm_Error,0.002528015016878357,0.007216999998490792,ok
LeverageSHAP,SOUM(n=8),8,128,0,MSE,0.000336098040401245,0.001497400000516791,ok
LeverageSHAP,SOUM(n=8),8,128,0,MAE,0.015933095829535466,0.001497400000516791,ok
LeverageSHAP,SOUM(n=8),8,128,0,SSE,0.003024882363611205,0.001497400000516791,ok
LeverageSHAP,SOUM(n=8),8,128,0,SAE,0.1433978624658192,0.001497400000516791,ok
LeverageSHAP,SOUM(n=8),8,128,0,Precision@5,1.0,0.001497400000516791,ok
LeverageSHAP,SOUM(n=8),8,128,0,Precision@10,1.0,0.001497400000516791,ok
LeverageSHAP,SOUM(n=8),8,128,0,KendallTau,0.9285714285714285,0.001497400000516791,ok
LeverageSHAP,SOUM(n=8),8,128,0,L2_Norm_Error,0.0011189504681081799,0.001497400000516791,ok
kADDSHAP,SOUM(n=8),8,128,0,MSE,0.0007593384577035201,0.008984100000816397,ok
kADDSHAP,SOUM(n=8),8,128,0,MAE,0.02009079465007956,0.008984100000816397,ok
kADDSHAP,SOUM(n=8),8,128,0,SSE,0.006834046119331681,0.008984100000816397,ok
kADDSHAP,SOUM(n=8),8,128,0,SAE,0.18081715185071606,0.008984100000816397,ok
kADDSHAP,SOUM(n=8),8,128,0,Precision@5,1.0,0.008984100000816397,ok
kADDSHAP,SOUM(n=8),8,128,0,Precision@10,1.0,0.008984100000816397,ok
kADDSHAP,SOUM(n=8),8,128,0,KendallTau,0.9999999999999998,0.008984100000816397,ok
kADDSHAP,SOUM(n=8),8,128,0,L2_Norm_Error,0.0025280186748055495,0.008984100000816397,ok
SPEX,SOUM(n=8),8,128,0,_,,0.19448179999744752,skipped:refused_regime(ValueError)
RegressionMSR,SOUM(n=8),8,128,0,MSE,0.00056730359769466,0.0412746999936644,ok
RegressionMSR,SOUM(n=8),8,128,0,MAE,0.020077550950710763,0.0412746999936644,ok
RegressionMSR,SOUM(n=8),8,128,0,SSE,0.005105732379251941,0.0412746999936644,ok
RegressionMSR,SOUM(n=8),8,128,0,SAE,0.18069795855639686,0.0412746999936644,ok
RegressionMSR,SOUM(n=8),8,128,0,Precision@5,1.0,0.0412746999936644,ok
RegressionMSR,SOUM(n=8),8,128,0,Precision@10,1.0,0.0412746999936644,ok
RegressionMSR,SOUM(n=8),8,128,0,KendallTau,0.9999999999999998,0.0412746999936644,ok
RegressionMSR,SOUM(n=8),8,128,0,L2_Norm_Error,0.0018886888642435035,0.0412746999936644,ok
ProxySPEX,SOUM(n=8),8,128,0,MSE,0.20396600037023302,1.4890898000012385,ok
ProxySPEX,SOUM(n=8),8,128,0,MAE,0.22065682900621095,1.4890898000012385,ok
ProxySPEX,SOUM(n=8),8,128,0,SSE,1.8356940033320972,1.4890898000012385,ok
ProxySPEX,SOUM(n=8),8,128,0,SAE,1.9859114610558986,1.4890898000012385,ok
ProxySPEX,SOUM(n=8),8,128,0,Precision@5,0.8,1.4890898000012385,ok
ProxySPEX,SOUM(n=8),8,128,0,Precision@10,1.0,1.4890898000012385,ok
ProxySPEX,SOUM(n=8),8,128,0,KendallTau,0.8864052604279183,1.4890898000012385,ok
ProxySPEX,SOUM(n=8),8,128,0,L2_Norm_Error,0.06166069590556404,1.4890898000012385,ok
OddSHAP,SOUM(n=8),8,128,0,MSE,0.00035867420587276715,0.01859880000120029,ok
OddSHAP,SOUM(n=8),8,128,0,MAE,0.01588440455099462,0.01859880000120029,ok
OddSHAP,SOUM(n=8),8,128,0,SSE,0.003228067852854904,0.01859880000120029,ok
OddSHAP,SOUM(n=8),8,128,0,SAE,0.14295964095895158,0.01859880000120029,ok
OddSHAP,SOUM(n=8),8,128,0,Precision@5,1.0,0.01859880000120029,ok
OddSHAP,SOUM(n=8),8,128,0,Precision@10,1.0,0.01859880000120029,ok
OddSHAP,SOUM(n=8),8,128,0,KendallTau,0.9999999999999998,0.01859880000120029,ok
OddSHAP,SOUM(n=8),8,128,0,L2_Norm_Error,0.0011941119028261251,0.01859880000120029,ok
ShaplEIG,SOUM(n=8),8,128,0,_,,0.0,skipped:incompatible_constructor(ImportError)
PolySHAPKAdd,SOUM(n=8),8,128,0,MSE,0.0007593358271489664,0.007356000001891516,ok
PolySHAPKAdd,SOUM(n=8),8,128,0,MAE,0.02009076469209963,0.007356000001891516,ok
PolySHAPKAdd,SOUM(n=8),8,128,0,SSE,0.006834022444340697,0.007356000001891516,ok
PolySHAPKAdd,SOUM(n=8),8,128,0,SAE,0.1808168822288967,0.007356000001891516,ok
PolySHAPKAdd,SOUM(n=8),8,128,0,Precision@5,1.0,0.007356000001891516,ok
PolySHAPKAdd,SOUM(n=8),8,128,0,Precision@10,1.0,0.007356000001891516,ok
PolySHAPKAdd,SOUM(n=8),8,128,0,KendallTau,0.9999999999999998,0.007356000001891516,ok
PolySHAPKAdd,SOUM(n=8),8,128,0,L2_Norm_Error,0.002528009917062583,0.007356000001891516,ok
PolySHAPPartial,SOUM(n=8),8,128,0,MSE,0.0007593358271489664,0.007429400000546593,ok
PolySHAPPartial,SOUM(n=8),8,128,0,MAE,0.02009076469209963,0.007429400000546593,ok
PolySHAPPartial,SOUM(n=8),8,128,0,SSE,0.006834022444340697,0.007429400000546593,ok
PolySHAPPartial,SOUM(n=8),8,128,0,SAE,0.1808168822288967,0.007429400000546593,ok
PolySHAPPartial,SOUM(n=8),8,128,0,Precision@5,1.0,0.007429400000546593,ok
PolySHAPPartial,SOUM(n=8),8,128,0,Precision@10,1.0,0.007429400000546593,ok
PolySHAPPartial,SOUM(n=8),8,128,0,KendallTau,0.9999999999999998,0.007429400000546593,ok
PolySHAPPartial,SOUM(n=8),8,128,0,L2_Norm_Error,0.002528009917062583,0.007429400000546593,ok
OptimizedKernelSHAP,SOUM(n=8),8,128,0,MSE,0.0005281903310099293,0.004691299996920861,ok
OptimizedKernelSHAP,SOUM(n=8),8,128,0,MAE,0.01921720026068977,0.004691299996920861,ok
OptimizedKernelSHAP,SOUM(n=8),8,128,0,SSE,0.004753712979089364,0.004691299996920861,ok
OptimizedKernelSHAP,SOUM(n=8),8,128,0,SAE,0.17295480234620791,0.004691299996920861,ok
OptimizedKernelSHAP,SOUM(n=8),8,128,0,Precision@5,1.0,0.004691299996920861,ok
OptimizedKernelSHAP,SOUM(n=8),8,128,0,Precision@10,1.0,0.004691299996920861,ok
OptimizedKernelSHAP,SOUM(n=8),8,128,0,KendallTau,0.9999999999999998,0.004691299996920861,ok
OptimizedKernelSHAP,SOUM(n=8),8,128,0,L2_Norm_Error,0.001758471478822659,0.004691299996920861,ok
OwenSamplingSV,SOUM(n=8),8,256,0,MSE,0.011066082093807626,0.07541580000543036,ok
OwenSamplingSV,SOUM(n=8),8,256,0,MAE,0.06385785523588866,0.07541580000543036,ok
OwenSamplingSV,SOUM(n=8),8,256,0,SSE,0.09959473884426863,0.07541580000543036,ok
OwenSamplingSV,SOUM(n=8),8,256,0,SAE,0.5747206971229979,0.07541580000543036,ok
OwenSamplingSV,SOUM(n=8),8,256,0,Precision@5,0.8,0.07541580000543036,ok
OwenSamplingSV,SOUM(n=8),8,256,0,Precision@10,1.0,0.07541580000543036,ok
OwenSamplingSV,SOUM(n=8),8,256,0,KendallTau,0.9092412093166348,0.07541580000543036,ok
OwenSamplingSV,SOUM(n=8),8,256,0,L2_Norm_Error,0.036841624319520205,0.07541580000543036,ok
StratifiedSamplingSV,SOUM(n=8),8,256,0,MSE,0.0033145499058588996,0.0719877000010456,ok
StratifiedSamplingSV,SOUM(n=8),8,256,0,MAE,0.03511657631029604,0.0719877000010456,ok
StratifiedSamplingSV,SOUM(n=8),8,256,0,SSE,0.029830949152730095,0.0719877000010456,ok
StratifiedSamplingSV,SOUM(n=8),8,256,0,SAE,0.31604918679266436,0.0719877000010456,ok
StratifiedSamplingSV,SOUM(n=8),8,256,0,Precision@5,0.8,0.0719877000010456,ok
StratifiedSamplingSV,SOUM(n=8),8,256,0,Precision@10,1.0,0.0719877000010456,ok
StratifiedSamplingSV,SOUM(n=8),8,256,0,KendallTau,0.9819805060619657,0.0719877000010456,ok
StratifiedSamplingSV,SOUM(n=8),8,256,0,L2_Norm_Error,0.011034926488416983,0.0719877000010456,ok
SVARM,SOUM(n=8),8,256,0,MSE,5.625855359771158e-32,0.011464399998658337,ok
SVARM,SOUM(n=8),8,256,0,MAE,1.64991477270683e-16,0.011464399998658337,ok
SVARM,SOUM(n=8),8,256,0,SSE,5.063269823794043e-31,0.011464399998658337,ok
SVARM,SOUM(n=8),8,256,0,SAE,1.4849232954361469e-15,0.011464399998658337,ok
SVARM,SOUM(n=8),8,256,0,Precision@5,1.0,0.011464399998658337,ok
SVARM,SOUM(n=8),8,256,0,Precision@10,1.0,0.011464399998658337,ok
SVARM,SOUM(n=8),8,256,0,KendallTau,0.9999999999999998,0.011464399998658337,ok
SVARM,SOUM(n=8),8,256,0,L2_Norm_Error,1.8729813124794208e-31,0.011464399998658337,ok
UnbiasedKernelSHAP,SOUM(n=8),8,256,0,MSE,5.625855359771158e-32,0.002019200001086574,ok
UnbiasedKernelSHAP,SOUM(n=8),8,256,0,MAE,1.64991477270683e-16,0.002019200001086574,ok
UnbiasedKernelSHAP,SOUM(n=8),8,256,0,SSE,5.063269823794043e-31,0.002019200001086574,ok
UnbiasedKernelSHAP,SOUM(n=8),8,256,0,SAE,1.4849232954361469e-15,0.002019200001086574,ok
UnbiasedKernelSHAP,SOUM(n=8),8,256,0,Precision@5,1.0,0.002019200001086574,ok
UnbiasedKernelSHAP,SOUM(n=8),8,256,0,Precision@10,1.0,0.002019200001086574,ok
UnbiasedKernelSHAP,SOUM(n=8),8,256,0,KendallTau,0.9999999999999998,0.002019200001086574,ok
UnbiasedKernelSHAP,SOUM(n=8),8,256,0,L2_Norm_Error,1.8729813124794208e-31,0.002019200001086574,ok
PermutationSamplingSV,SOUM(n=8),8,256,0,MSE,0.0011292990323485816,0.0038152999986778013,ok
PermutationSamplingSV,SOUM(n=8),8,256,0,MAE,0.023741668746178272,0.0038152999986778013,ok
PermutationSamplingSV,SOUM(n=8),8,256,0,SSE,0.010163691291137235,0.0038152999986778013,ok
PermutationSamplingSV,SOUM(n=8),8,256,0,SAE,0.21367501871560446,0.0038152999986778013,ok
PermutationSamplingSV,SOUM(n=8),8,256,0,Precision@5,0.8,0.0038152999986778013,ok
PermutationSamplingSV,SOUM(n=8),8,256,0,Precision@10,1.0,0.0038152999986778013,ok
PermutationSamplingSV,SOUM(n=8),8,256,0,KendallTau,0.9819805060619657,0.0038152999986778013,ok
PermutationSamplingSV,SOUM(n=8),8,256,0,L2_Norm_Error,0.0037597055887978316,0.0038152999986778013,ok
KernelSHAP,SOUM(n=8),8,256,0,MSE,3.4418303583916776e-15,0.0017254999984288588,ok
KernelSHAP,SOUM(n=8),8,256,0,MAE,4.106437061926919e-08,0.0017254999984288588,ok
KernelSHAP,SOUM(n=8),8,256,0,SSE,3.09764732255251e-14,0.0017254999984288588,ok
KernelSHAP,SOUM(n=8),8,256,0,SAE,3.695793355734227e-07,0.0017254999984288588,ok
KernelSHAP,SOUM(n=8),8,256,0,Precision@5,1.0,0.0017254999984288588,ok
KernelSHAP,SOUM(n=8),8,256,0,Precision@10,1.0,0.0017254999984288588,ok
KernelSHAP,SOUM(n=8),8,256,0,KendallTau,0.9999999999999998,0.0017254999984288588,ok
KernelSHAP,SOUM(n=8),8,256,0,L2_Norm_Error,1.145867344562193e-14,0.0017254999984288588,ok
LeverageSHAP,SOUM(n=8),8,256,0,MSE,1.1051178613888398e-29,0.0017241000023204833,ok
LeverageSHAP,SOUM(n=8),8,256,0,MAE,2.9066255575255836e-15,0.0017241000023204833,ok
LeverageSHAP,SOUM(n=8),8,256,0,SSE,9.946060752499558e-29,0.0017241000023204833,ok
LeverageSHAP,SOUM(n=8),8,256,0,SAE,2.615963001773025e-14,0.0017241000023204833,ok
LeverageSHAP,SOUM(n=8),8,256,0,Precision@5,1.0,0.0017241000023204833,ok
LeverageSHAP,SOUM(n=8),8,256,0,Precision@10,1.0,0.0017241000023204833,ok
LeverageSHAP,SOUM(n=8),8,256,0,KendallTau,0.9999999999999998,0.0017241000023204833,ok
LeverageSHAP,SOUM(n=8),8,256,0,L2_Norm_Error,3.6792007083394245e-29,0.0017241000023204833,ok
kADDSHAP,SOUM(n=8),8,256,0,MSE,1.2978094037060691e-15,0.0016314000022248365,ok
kADDSHAP,SOUM(n=8),8,256,0,MAE,2.9148376471704725e-08,0.0016314000022248365,ok
kADDSHAP,SOUM(n=8),8,256,0,SSE,1.1680284633354621e-14,0.0016314000022248365,ok
kADDSHAP,SOUM(n=8),8,256,0,SAE,2.623353882453425e-07,0.0016314000022248365,ok
kADDSHAP,SOUM(n=8),8,256,0,Precision@5,1.0,0.0016314000022248365,ok
kADDSHAP,SOUM(n=8),8,256,0,Precision@10,1.0,0.0016314000022248365,ok
kADDSHAP,SOUM(n=8),8,256,0,KendallTau,0.9999999999999998,0.0016314000022248365,ok
kADDSHAP,SOUM(n=8),8,256,0,L2_Norm_Error,4.32071677079235e-15,0.0016314000022248365,ok
SPEX,SOUM(n=8),8,256,0,_,,0.19469860000390327,skipped:refused_regime(ValueError)
RegressionMSR,SOUM(n=8),8,256,0,MSE,3.0080814623281256e-14,0.03991130000213161,ok
RegressionMSR,SOUM(n=8),8,256,0,MAE,1.1898398922454732e-07,0.03991130000213161,ok
RegressionMSR,SOUM(n=8),8,256,0,SSE,2.707273316095313e-13,0.03991130000213161,ok
RegressionMSR,SOUM(n=8),8,256,0,SAE,1.070855903020926e-06,0.03991130000213161,ok
RegressionMSR,SOUM(n=8),8,256,0,Precision@5,1.0,0.03991130000213161,ok
RegressionMSR,SOUM(n=8),8,256,0,Precision@10,1.0,0.03991130000213161,ok
RegressionMSR,SOUM(n=8),8,256,0,KendallTau,0.9285714285714285,0.03991130000213161,ok
RegressionMSR,SOUM(n=8),8,256,0,L2_Norm_Error,1.0014620008974998e-13,0.03991130000213161,ok
ProxySPEX,SOUM(n=8),8,256,0,MSE,0.19566695244274712,2.3180351999981212,ok
ProxySPEX,SOUM(n=8),8,256,0,MAE,0.19240779087178062,2.3180351999981212,ok
ProxySPEX,SOUM(n=8),8,256,0,SSE,1.761002571984724,2.3180351999981212,ok
ProxySPEX,SOUM(n=8),8,256,0,SAE,1.7316701178460254,2.3180351999981212,ok
ProxySPEX,SOUM(n=8),8,256,0,Precision@5,0.8,2.3180351999981212,ok
ProxySPEX,SOUM(n=8),8,256,0,Precision@10,1.0,2.3180351999981212,ok
ProxySPEX,SOUM(n=8),8,256,0,KendallTau,0.8153742483272113,2.3180351999981212,ok
ProxySPEX,SOUM(n=8),8,256,0,L2_Norm_Error,0.03403118770543779,2.3180351999981212,ok
OddSHAP,SOUM(n=8),8,256,0,MSE,3.992773763038805e-30,0.02228770000510849,ok
OddSHAP,SOUM(n=8),8,256,0,MAE,1.3399775116656403e-15,0.02228770000510849,ok
OddSHAP,SOUM(n=8),8,256,0,SSE,3.593496386734924e-29,0.02228770000510849,ok
OddSHAP,SOUM(n=8),8,256,0,SAE,1.2059797604990763e-14,0.02228770000510849,ok
OddSHAP,SOUM(n=8),8,256,0,Precision@5,1.0,0.02228770000510849,ok
OddSHAP,SOUM(n=8),8,256,0,Precision@10,1.0,0.02228770000510849,ok
OddSHAP,SOUM(n=8),8,256,0,KendallTau,0.9999999999999998,0.02228770000510849,ok
OddSHAP,SOUM(n=8),8,256,0,L2_Norm_Error,1.3292895328602994e-29,0.02228770000510849,ok
ShaplEIG,SOUM(n=8),8,256,0,_,,0.0,skipped:incompatible_constructor(ImportError)
PolySHAPKAdd,SOUM(n=8),8,256,0,MSE,1.1823069936377198e-31,0.0014843000026303343,ok
PolySHAPKAdd,SOUM(n=8),8,256,0,MAE,2.4825820411756973e-16,0.0014843000026303343,ok
PolySHAPKAdd,SOUM(n=8),8,256,0,SSE,1.0640762942739478e-30,0.0014843000026303343,ok
PolySHAPKAdd,SOUM(n=8),8,256,0,SAE,2.2343238370581275e-15,0.0014843000026303343,ok
PolySHAPKAdd,SOUM(n=8),8,256,0,Precision@5,1.0,0.0014843000026303343,ok
PolySHAPKAdd,SOUM(n=8),8,256,0,Precision@10,1.0,0.0014843000026303343,ok
PolySHAPKAdd,SOUM(n=8),8,256,0,KendallTau,0.9285714285714285,0.0014843000026303343,ok
PolySHAPKAdd,SOUM(n=8),8,256,0,L2_Norm_Error,3.9361817236397105e-31,0.0014843000026303343,ok
PolySHAPPartial,SOUM(n=8),8,256,0,MSE,1.1823069936377198e-31,0.001422399996954482,ok
PolySHAPPartial,SOUM(n=8),8,256,0,MAE,2.4825820411756973e-16,0.001422399996954482,ok
PolySHAPPartial,SOUM(n=8),8,256,0,SSE,1.0640762942739478e-30,0.001422399996954482,ok
PolySHAPPartial,SOUM(n=8),8,256,0,SAE,2.2343238370581275e-15,0.001422399996954482,ok
PolySHAPPartial,SOUM(n=8),8,256,0,Precision@5,1.0,0.001422399996954482,ok
PolySHAPPartial,SOUM(n=8),8,256,0,Precision@10,1.0,0.001422399996954482,ok
PolySHAPPartial,SOUM(n=8),8,256,0,KendallTau,0.9285714285714285,0.001422399996954482,ok
PolySHAPPartial,SOUM(n=8),8,256,0,L2_Norm_Error,3.9361817236397105e-31,0.001422399996954482,ok
OptimizedKernelSHAP,SOUM(n=8),8,256,0,MSE,3.4418303583916776e-15,0.001714199999696575,ok
OptimizedKernelSHAP,SOUM(n=8),8,256,0,MAE,4.106437061926919e-08,0.001714199999696575,ok
OptimizedKernelSHAP,SOUM(n=8),8,256,0,SSE,3.09764732255251e-14,0.001714199999696575,ok
OptimizedKernelSHAP,SOUM(n=8),8,256,0,SAE,3.695793355734227e-07,0.001714199999696575,ok
OptimizedKernelSHAP,SOUM(n=8),8,256,0,Precision@5,1.0,0.001714199999696575,ok
OptimizedKernelSHAP,SOUM(n=8),8,256,0,Precision@10,1.0,0.001714199999696575,ok
OptimizedKernelSHAP,SOUM(n=8),8,256,0,KendallTau,0.9999999999999998,0.001714199999696575,ok
OptimizedKernelSHAP,SOUM(n=8),8,256,0,L2_Norm_Error,1.145867344562193e-14,0.001714199999696575,ok
OwenSamplingSV,SOUM(n=8),8,12,42,MSE,0.15629266709935544,0.0033419999963371083,ok
OwenSamplingSV,SOUM(n=8),8,12,42,MAE,0.3120599809637075,0.0033419999963371083,ok
OwenSamplingSV,SOUM(n=8),8,12,42,SSE,1.406634003894199,0.0033419999963371083,ok
OwenSamplingSV,SOUM(n=8),8,12,42,SAE,2.808539828673368,0.0033419999963371083,ok
OwenSamplingSV,SOUM(n=8),8,12,42,Precision@5,0.6,0.0033419999963371083,ok
OwenSamplingSV,SOUM(n=8),8,12,42,Precision@10,1.0,0.0033419999963371083,ok
OwenSamplingSV,SOUM(n=8),8,12,42,KendallTau,0.5765566601970551,0.0033419999963371083,ok
OwenSamplingSV,SOUM(n=8),8,12,42,L2_Norm_Error,0.7726954240153583,0.0033419999963371083,ok
StratifiedSamplingSV,SOUM(n=8),8,12,42,MSE,0.10494599621676044,0.003407700001844205,ok
StratifiedSamplingSV,SOUM(n=8),8,12,42,MAE,0.2511808590623823,0.003407700001844205,ok
StratifiedSamplingSV,SOUM(n=8),8,12,42,SSE,0.944513965950844,0.003407700001844205,ok
StratifiedSamplingSV,SOUM(n=8),8,12,42,SAE,2.2606277315614407,0.003407700001844205,ok
StratifiedSamplingSV,SOUM(n=8),8,12,42,Precision@5,0.8,0.003407700001844205,ok
StratifiedSamplingSV,SOUM(n=8),8,12,42,Precision@10,1.0,0.003407700001844205,ok
StratifiedSamplingSV,SOUM(n=8),8,12,42,KendallTau,0.7126966450997984,0.003407700001844205,ok
StratifiedSamplingSV,SOUM(n=8),8,12,42,L2_Norm_Error,0.5188425826393639,0.003407700001844205,ok
SVARM,SOUM(n=8),8,12,42,MSE,0.10688805663079108,0.007522199994127732,ok
SVARM,SOUM(n=8),8,12,42,MAE,0.2298425796391,0.007522199994127732,ok
SVARM,SOUM(n=8),8,12,42,SSE,0.9619925096771197,0.007522199994127732,ok
SVARM,SOUM(n=8),8,12,42,SAE,2.0685832167519,0.007522199994127732,ok
SVARM,SOUM(n=8),8,12,42,Precision@5,0.8,0.007522199994127732,ok
SVARM,SOUM(n=8),8,12,42,Precision@10,1.0,0.007522199994127732,ok
SVARM,SOUM(n=8),8,12,42,KendallTau,0.7142857142857142,0.007522199994127732,ok
SVARM,SOUM(n=8),8,12,42,L2_Norm_Error,0.5284439364516249,0.007522199994127732,ok
UnbiasedKernelSHAP,SOUM(n=8),8,12,42,MSE,0.21524793711032203,0.0015765999996801838,ok
UnbiasedKernelSHAP,SOUM(n=8),8,12,42,MAE,0.38632246005853343,0.0015765999996801838,ok
UnbiasedKernelSHAP,SOUM(n=8),8,12,42,SSE,1.9372314339928982,0.0015765999996801838,ok
UnbiasedKernelSHAP,SOUM(n=8),8,12,42,SAE,3.476902140526801,0.0015765999996801838,ok
UnbiasedKernelSHAP,SOUM(n=8),8,12,42,Precision@5,0.6,0.0015765999996801838,ok
UnbiasedKernelSHAP,SOUM(n=8),8,12,42,Precision@10,1.0,0.0015765999996801838,ok
UnbiasedKernelSHAP,SOUM(n=8),8,12,42,KendallTau,0.6910233190806425,0.0015765999996801838,ok
UnbiasedKernelSHAP,SOUM(n=8),8,12,42,L2_Norm_Error,1.0641644238380097,0.0015765999996801838,ok
PermutationSamplingSV,SOUM(n=8),8,12,42,MSE,0.19949526482579638,0.0009072999964701012,ok
PermutationSamplingSV,SOUM(n=8),8,12,42,MAE,0.32874972805091157,0.0009072999964701012,ok
PermutationSamplingSV,SOUM(n=8),8,12,42,SSE,1.7954573834321674,0.0009072999964701012,ok
PermutationSamplingSV,SOUM(n=8),8,12,42,SAE,2.9587475524582043,0.0009072999964701012,ok
PermutationSamplingSV,SOUM(n=8),8,12,42,Precision@5,0.6,0.0009072999964701012,ok
PermutationSamplingSV,SOUM(n=8),8,12,42,Precision@10,1.0,0.0009072999964701012,ok
PermutationSamplingSV,SOUM(n=8),8,12,42,KendallTau,0.5669467095138409,0.0009072999964701012,ok
PermutationSamplingSV,SOUM(n=8),8,12,42,L2_Norm_Error,0.9862847765316604,0.0009072999964701012,ok
KernelSHAP,SOUM(n=8),8,12,42,MSE,0.281458313143906,0.0012578000023495406,ok
KernelSHAP,SOUM(n=8),8,12,42,MAE,0.39246950198347075,0.0012578000023495406,ok
KernelSHAP,SOUM(n=8),8,12,42,SSE,2.5331248182951542,0.0012578000023495406,ok
KernelSHAP,SOUM(n=8),8,12,42,SAE,3.5322255178512365,0.0012578000023495406,ok
KernelSHAP,SOUM(n=8),8,12,42,Precision@5,0.8,0.0012578000023495406,ok
KernelSHAP,SOUM(n=8),8,12,42,Precision@10,1.0,0.0012578000023495406,ok
KernelSHAP,SOUM(n=8),8,12,42,KendallTau,0.4999999999999999,0.0012578000023495406,ok
KernelSHAP,SOUM(n=8),8,12,42,L2_Norm_Error,1.3915019472994514,0.0012578000023495406,ok
LeverageSHAP,SOUM(n=8),8,12,42,MSE,0.09208078638794055,0.00105489999987185,ok
LeverageSHAP,SOUM(n=8),8,12,42,MAE,0.25512886084972636,0.00105489999987185,ok
LeverageSHAP,SOUM(n=8),8,12,42,SSE,0.828727077491465,0.00105489999987185,ok
LeverageSHAP,SOUM(n=8),8,12,42,SAE,2.296159747647537,0.00105489999987185,ok
LeverageSHAP,SOUM(n=8),8,12,42,Precision@5,0.6,0.00105489999987185,ok
LeverageSHAP,SOUM(n=8),8,12,42,Precision@10,1.0,0.00105489999987185,ok
LeverageSHAP,SOUM(n=8),8,12,42,KendallTau,0.3571428571428571,0.00105489999987185,ok
LeverageSHAP,SOUM(n=8),8,12,42,L2_Norm_Error,0.4552382629472116,0.00105489999987185,ok
kADDSHAP,SOUM(n=8),8,12,42,MSE,0.2814583537419084,0.001251600006071385,ok
kADDSHAP,SOUM(n=8),8,12,42,MAE,0.3924695253412531,0.001251600006071385,ok
kADDSHAP,SOUM(n=8),8,12,42,SSE,2.5331251836771758,0.001251600006071385,ok
kADDSHAP,SOUM(n=8),8,12,42,SAE,3.532225728071278,0.001251600006071385,ok
kADDSHAP,SOUM(n=8),8,12,42,Precision@5,0.8,0.001251600006071385,ok
kADDSHAP,SOUM(n=8),8,12,42,Precision@10,1.0,0.001251600006071385,ok
kADDSHAP,SOUM(n=8),8,12,42,KendallTau,0.4999999999999999,0.001251600006071385,ok
kADDSHAP,SOUM(n=8),8,12,42,L2_Norm_Error,1.3915021480119436,0.001251600006071385,ok
SPEX,SOUM(n=8),8,12,42,_,,0.1921232000022428,skipped:refused_regime(ValueError)
RegressionMSR,SOUM(n=8),8,12,42,MSE,0.28788948186265184,0.04705580000154441,ok
RegressionMSR,SOUM(n=8),8,12,42,MAE,0.3085658725269661,0.04705580000154441,ok
RegressionMSR,SOUM(n=8),8,12,42,SSE,2.5910053367638666,0.04705580000154441,ok
RegressionMSR,SOUM(n=8),8,12,42,SAE,2.777092852742695,0.04705580000154441,ok
RegressionMSR,SOUM(n=8),8,12,42,Precision@5,0.8,0.04705580000154441,ok
RegressionMSR,SOUM(n=8),8,12,42,Precision@10,1.0,0.04705580000154441,ok
RegressionMSR,SOUM(n=8),8,12,42,KendallTau,0.2545875386086578,0.04705580000154441,ok
RegressionMSR,SOUM(n=8),8,12,42,L2_Norm_Error,1.4232970067367992,0.04705580000154441,ok
ProxySPEX,SOUM(n=8),8,12,42,MSE,0.3555734947183866,0.3196222000042326,ok
ProxySPEX,SOUM(n=8),8,12,42,MAE,0.4898557350371052,0.3196222000042326,ok
ProxySPEX,SOUM(n=8),8,12,42,SSE,3.20016145246548,0.3196222000042326,ok
ProxySPEX,SOUM(n=8),8,12,42,SAE,4.408701615333947,0.3196222000042326,ok
ProxySPEX,SOUM(n=8),8,12,42,Precision@5,0.6,0.3196222000042326,ok
ProxySPEX,SOUM(n=8),8,12,42,Precision@10,1.0,0.3196222000042326,ok
ProxySPEX,SOUM(n=8),8,12,42,KendallTau,nan,0.3196222000042326,ok
ProxySPEX,SOUM(n=8),8,12,42,L2_Norm_Error,1.0,0.3196222000042326,ok
OddSHAP,SOUM(n=8),8,12,42,MSE,0.36985851172949885,0.00411040000471985,ok
OddSHAP,SOUM(n=8),8,12,42,MAE,0.46648185589816205,0.00411040000471985,ok
OddSHAP,SOUM(n=8),8,12,42,SSE,3.32872660556549,0.00411040000471985,ok
OddSHAP,SOUM(n=8),8,12,42,SAE,4.198336703083458,0.00411040000471985,ok
OddSHAP,SOUM(n=8),8,12,42,Precision@5,0.6,0.00411040000471985,ok
OddSHAP,SOUM(n=8),8,12,42,Precision@10,1.0,0.00411040000471985,ok
OddSHAP,SOUM(n=8),8,12,42,KendallTau,-0.15724272550828775,0.00411040000471985,ok
OddSHAP,SOUM(n=8),8,12,42,L2_Norm_Error,1.8285437496874937,0.00411040000471985,ok
ShaplEIG,SOUM(n=8),8,12,42,_,,0.0,skipped:incompatible_constructor(ImportError)
PolySHAPKAdd,SOUM(n=8),8,12,42,MSE,0.28145834155340194,0.0010965999972540885,ok
PolySHAPKAdd,SOUM(n=8),8,12,42,MAE,0.39246951902343685,0.0010965999972540885,ok
PolySHAPKAdd,SOUM(n=8),8,12,42,SSE,2.5331250739806173,0.0010965999972540885,ok
PolySHAPKAdd,SOUM(n=8),8,12,42,SAE,3.5322256712109317,0.0010965999972540885,ok
PolySHAPKAdd,SOUM(n=8),8,12,42,Precision@5,0.8,0.0010965999972540885,ok
PolySHAPKAdd,SOUM(n=8),8,12,42,Precision@10,1.0,0.0010965999972540885,ok
PolySHAPKAdd,SOUM(n=8),8,12,42,KendallTau,0.4999999999999999,0.0010965999972540885,ok
PolySHAPKAdd,SOUM(n=8),8,12,42,L2_Norm_Error,1.3915020877531779,0.0010965999972540885,ok
PolySHAPPartial,SOUM(n=8),8,12,42,MSE,0.28145834155340194,0.0010257000030833296,ok
PolySHAPPartial,SOUM(n=8),8,12,42,MAE,0.39246951902343685,0.0010257000030833296,ok
PolySHAPPartial,SOUM(n=8),8,12,42,SSE,2.5331250739806173,0.0010257000030833296,ok
PolySHAPPartial,SOUM(n=8),8,12,42,SAE,3.5322256712109317,0.0010257000030833296,ok
PolySHAPPartial,SOUM(n=8),8,12,42,Precision@5,0.8,0.0010257000030833296,ok
PolySHAPPartial,SOUM(n=8),8,12,42,Precision@10,1.0,0.0010257000030833296,ok
PolySHAPPartial,SOUM(n=8),8,12,42,KendallTau,0.4999999999999999,0.0010257000030833296,ok
PolySHAPPartial,SOUM(n=8),8,12,42,L2_Norm_Error,1.3915020877531779,0.0010257000030833296,ok
OptimizedKernelSHAP,SOUM(n=8),8,12,42,MSE,0.068520690131254,0.0011340000055497512,ok
OptimizedKernelSHAP,SOUM(n=8),8,12,42,MAE,0.2019226685115454,0.0011340000055497512,ok
OptimizedKernelSHAP,SOUM(n=8),8,12,42,SSE,0.6166862111812861,0.0011340000055497512,ok
OptimizedKernelSHAP,SOUM(n=8),8,12,42,SAE,1.8173040166039085,0.0011340000055497512,ok
OptimizedKernelSHAP,SOUM(n=8),8,12,42,Precision@5,0.8,0.0011340000055497512,ok
OptimizedKernelSHAP,SOUM(n=8),8,12,42,Precision@10,1.0,0.0011340000055497512,ok
OptimizedKernelSHAP,SOUM(n=8),8,12,42,KendallTau,0.5714285714285714,0.0011340000055497512,ok
OptimizedKernelSHAP,SOUM(n=8),8,12,42,L2_Norm_Error,0.3387594869126951,0.0011340000055497512,ok
OwenSamplingSV,SOUM(n=8),8,64,42,MSE,0.06804715519079904,0.019594600002164952,ok
OwenSamplingSV,SOUM(n=8),8,64,42,MAE,0.18036912434003946,0.019594600002164952,ok
OwenSamplingSV,SOUM(n=8),8,64,42,SSE,0.6124243967171914,0.019594600002164952,ok
OwenSamplingSV,SOUM(n=8),8,64,42,SAE,1.623322119060355,0.019594600002164952,ok
OwenSamplingSV,SOUM(n=8),8,64,42,Precision@5,0.6,0.019594600002164952,ok
OwenSamplingSV,SOUM(n=8),8,64,42,Precision@10,1.0,0.019594600002164952,ok
OwenSamplingSV,SOUM(n=8),8,64,42,KendallTau,0.6172133998483676,0.019594600002164952,ok
OwenSamplingSV,SOUM(n=8),8,64,42,L2_Norm_Error,0.33641837719595874,0.019594600002164952,ok
StratifiedSamplingSV,SOUM(n=8),8,64,42,MSE,0.05909325250611494,0.01815790000546258,ok
StratifiedSamplingSV,SOUM(n=8),8,64,42,MAE,0.16700406585996969,0.01815790000546258,ok
StratifiedSamplingSV,SOUM(n=8),8,64,42,SSE,0.5318392725550345,0.01815790000546258,ok
StratifiedSamplingSV,SOUM(n=8),8,64,42,SAE,1.5030365927397271,0.01815790000546258,ok
StratifiedSamplingSV,SOUM(n=8),8,64,42,Precision@5,0.6,0.01815790000546258,ok
StratifiedSamplingSV,SOUM(n=8),8,64,42,Precision@10,1.0,0.01815790000546258,ok
StratifiedSamplingSV,SOUM(n=8),8,64,42,KendallTau,0.7181324987175317,0.01815790000546258,ok
StratifiedSamplingSV,SOUM(n=8),8,64,42,L2_Norm_Error,0.2921511715750063,0.01815790000546258,ok
SVARM,SOUM(n=8),8,64,42,MSE,0.006932797800959356,0.01159439999901224,ok
SVARM,SOUM(n=8),8,64,42,MAE,0.06806098306776301,0.01159439999901224,ok
SVARM,SOUM(n=8),8,64,42,SSE,0.06239518020863421,0.01159439999901224,ok
SVARM,SOUM(n=8),8,64,42,SAE,0.612548847609867,0.01159439999901224,ok
SVARM,SOUM(n=8),8,64,42,Precision@5,1.0,0.01159439999901224,ok
SVARM,SOUM(n=8),8,64,42,Precision@10,1.0,0.01159439999901224,ok
SVARM,SOUM(n=8),8,64,42,KendallTau,0.9999999999999998,0.01159439999901224,ok
SVARM,SOUM(n=8),8,64,42,L2_Norm_Error,0.03427506380078357,0.01159439999901224,ok
UnbiasedKernelSHAP,SOUM(n=8),8,64,42,MSE,0.02612125686802636,0.0034185000040451996,ok
UnbiasedKernelSHAP,SOUM(n=8),8,64,42,MAE,0.13069303451319433,0.0034185000040451996,ok
UnbiasedKernelSHAP,SOUM(n=8),8,64,42,SSE,0.23509131181223725,0.0034185000040451996,ok
UnbiasedKernelSHAP,SOUM(n=8),8,64,42,SAE,1.176237310618749,0.0034185000040451996,ok
UnbiasedKernelSHAP,SOUM(n=8),8,64,42,Precision@5,0.8,0.0034185000040451996,ok
UnbiasedKernelSHAP,SOUM(n=8),8,64,42,Precision@10,1.0,0.0034185000040451996,ok
UnbiasedKernelSHAP,SOUM(n=8),8,64,42,KendallTau,0.6428571428571428,0.0034185000040451996,ok
UnbiasedKernelSHAP,SOUM(n=8),8,64,42,L2_Norm_Error,0.12914089973666437,0.0034185000040451996,ok
PermutationSamplingSV,SOUM(n=8),8,64,42,MSE,0.00855508271336413,0.0013658999960171059,ok
PermutationSamplingSV,SOUM(n=8),8,64,42,MAE,0.07943287521909007,0.0013658999960171059,ok
PermutationSamplingSV,SOUM(n=8),8,64,42,SSE,0.07699574442027717,0.0013658999960171059,ok
PermutationSamplingSV,SOUM(n=8),8,64,42,SAE,0.7148958769718106,0.0013658999960171059,ok
PermutationSamplingSV,SOUM(n=8),8,64,42,Precision@5,1.0,0.0013658999960171059,ok
PermutationSamplingSV,SOUM(n=8),8,64,42,Precision@10,1.0,0.0013658999960171059,ok
PermutationSamplingSV,SOUM(n=8),8,64,42,KendallTau,0.8571428571428571,0.0013658999960171059,ok
PermutationSamplingSV,SOUM(n=8),8,64,42,L2_Norm_Error,0.04229547929134176,0.0013658999960171059,ok
KernelSHAP,SOUM(n=8),8,64,42,MSE,0.017838962387027892,0.003176400001393631,ok
KernelSHAP,SOUM(n=8),8,64,42,MAE,0.096251868196219,0.003176400001393631,ok
KernelSHAP,SOUM(n=8),8,64,42,SSE,0.16055066148325103,0.003176400001393631,ok
KernelSHAP,SOUM(n=8),8,64,42,SAE,0.866266813765971,0.003176400001393631,ok
KernelSHAP,SOUM(n=8),8,64,42,Precision@5,0.8,0.003176400001393631,ok
KernelSHAP,SOUM(n=8),8,64,42,Precision@10,1.0,0.003176400001393631,ok
KernelSHAP,SOUM(n=8),8,64,42,KendallTau,0.7857142857142856,0.003176400001393631,ok
KernelSHAP,SOUM(n=8),8,64,42,L2_Norm_Error,0.08819405837431891,0.003176400001393631,ok
LeverageSHAP,SOUM(n=8),8,64,42,MSE,0.0013226722806327653,0.0008511000050930306,ok
LeverageSHAP,SOUM(n=8),8,64,42,MAE,0.030060322999597044,0.0008511000050930306,ok
LeverageSHAP,SOUM(n=8),8,64,42,SSE,0.011904050525694888,0.0008511000050930306,ok
LeverageSHAP,SOUM(n=8),8,64,42,SAE,0.2705429069963734,0.0008511000050930306,ok
LeverageSHAP,SOUM(n=8),8,64,42,Precision@5,0.8,0.0008511000050930306,ok
LeverageSHAP,SOUM(n=8),8,64,42,Precision@10,1.0,0.0008511000050930306,ok
LeverageSHAP,SOUM(n=8),8,64,42,KendallTau,0.8571428571428571,0.0008511000050930306,ok
LeverageSHAP,SOUM(n=8),8,64,42,L2_Norm_Error,0.006539160394947991,0.0008511000050930306,ok
kADDSHAP,SOUM(n=8),8,64,42,MSE,0.017838960423708503,0.0031154999960563146,ok
kADDSHAP,SOUM(n=8),8,64,42,MAE,0.09625187129618908,0.0031154999960563146,ok
kADDSHAP,SOUM(n=8),8,64,42,SSE,0.16055064381337653,0.0031154999960563146,ok
kADDSHAP,SOUM(n=8),8,64,42,SAE,0.8662668416657017,0.0031154999960563146,ok
kADDSHAP,SOUM(n=8),8,64,42,Precision@5,0.8,0.0031154999960563146,ok
kADDSHAP,SOUM(n=8),8,64,42,Precision@10,1.0,0.0031154999960563146,ok
kADDSHAP,SOUM(n=8),8,64,42,KendallTau,0.7857142857142856,0.0031154999960563146,ok
kADDSHAP,SOUM(n=8),8,64,42,L2_Norm_Error,0.08819404866786285,0.0031154999960563146,ok
SPEX,SOUM(n=8),8,64,42,_,,0.19539249999797903,skipped:refused_regime(ValueError)
RegressionMSR,SOUM(n=8),8,64,42,MSE,0.002143029889916363,0.03707280000526225,ok
RegressionMSR,SOUM(n=8),8,64,42,MAE,0.03424683198100805,0.03707280000526225,ok
RegressionMSR,SOUM(n=8),8,64,42,SSE,0.01928726900924727,0.03707280000526225,ok
RegressionMSR,SOUM(n=8),8,64,42,SAE,0.30822148782907244,0.03707280000526225,ok
RegressionMSR,SOUM(n=8),8,64,42,Precision@5,1.0,0.03707280000526225,ok
RegressionMSR,SOUM(n=8),8,64,42,Precision@10,1.0,0.03707280000526225,ok
RegressionMSR,SOUM(n=8),8,64,42,KendallTau,0.9285714285714285,0.03707280000526225,ok
RegressionMSR,SOUM(n=8),8,64,42,L2_Norm_Error,0.010594926941862523,0.03707280000526225,ok
ProxySPEX,SOUM(n=8),8,64,42,MSE,0.16541475037314066,1.1923667000010028,ok
ProxySPEX,SOUM(n=8),8,64,42,MAE,0.21676590871712523,1.1923667000010028,ok
ProxySPEX,SOUM(n=8),8,64,42,SSE,1.488732753358266,1.1923667000010028,ok
ProxySPEX,SOUM(n=8),8,64,42,SAE,1.950893178454127,1.1923667000010028,ok
ProxySPEX,SOUM(n=8),8,64,42,Precision@5,0.8,1.1923667000010028,ok
ProxySPEX,SOUM(n=8),8,64,42,Precision@10,1.0,1.1923667000010028,ok
ProxySPEX,SOUM(n=8),8,64,42,KendallTau,0.8571428571428571,1.1923667000010028,ok
ProxySPEX,SOUM(n=8),8,64,42,L2_Norm_Error,0.05987405347257046,1.1923667000010028,ok
OddSHAP,SOUM(n=8),8,64,42,MSE,0.0018133352033202804,0.012926299998071045,ok
OddSHAP,SOUM(n=8),8,64,42,MAE,0.03264128061843256,0.012926299998071045,ok
OddSHAP,SOUM(n=8),8,64,42,SSE,0.016320016829882524,0.012926299998071045,ok
OddSHAP,SOUM(n=8),8,64,42,SAE,0.29377152556589303,0.012926299998071045,ok
OddSHAP,SOUM(n=8),8,64,42,Precision@5,1.0,0.012926299998071045,ok
OddSHAP,SOUM(n=8),8,64,42,Precision@10,1.0,0.012926299998071045,ok
OddSHAP,SOUM(n=8),8,64,42,KendallTau,0.9285714285714285,0.012926299998071045,ok
OddSHAP,SOUM(n=8),8,64,42,L2_Norm_Error,0.008964949154785516,0.012926299998071045,ok
ShaplEIG,SOUM(n=8),8,64,42,_,,0.0,skipped:incompatible_constructor(ImportError)
PolySHAPKAdd,SOUM(n=8),8,64,42,MSE,0.017838960992782735,0.0032436999972560443,ok
PolySHAPKAdd,SOUM(n=8),8,64,42,MAE,0.09625186798777427,0.0032436999972560443,ok
PolySHAPKAdd,SOUM(n=8),8,64,42,SSE,0.16055064893504462,0.0032436999972560443,ok
PolySHAPKAdd,SOUM(n=8),8,64,42,SAE,0.8662668118899685,0.0032436999972560443,ok
PolySHAPKAdd,SOUM(n=8),8,64,42,Precision@5,0.8,0.0032436999972560443,ok
PolySHAPKAdd,SOUM(n=8),8,64,42,Precision@10,1.0,0.0032436999972560443,ok
PolySHAPKAdd,SOUM(n=8),8,64,42,KendallTau,0.7857142857142856,0.0032436999972560443,ok
PolySHAPKAdd,SOUM(n=8),8,64,42,L2_Norm_Error,0.08819405148130934,0.0032436999972560443,ok
PolySHAPPartial,SOUM(n=8),8,64,42,MSE,0.017838960992782735,0.0028546999965328723,ok
PolySHAPPartial,SOUM(n=8),8,64,42,MAE,0.09625186798777427,0.0028546999965328723,ok
PolySHAPPartial,SOUM(n=8),8,64,42,SSE,0.16055064893504462,0.0028546999965328723,ok
PolySHAPPartial,SOUM(n=8),8,64,42,SAE,0.8662668118899685,0.0028546999965328723,ok
PolySHAPPartial,SOUM(n=8),8,64,42,Precision@5,0.8,0.0028546999965328723,ok
PolySHAPPartial,SOUM(n=8),8,64,42,Precision@10,1.0,0.0028546999965328723,ok
PolySHAPPartial,SOUM(n=8),8,64,42,KendallTau,0.7857142857142856,0.0028546999965328723,ok
PolySHAPPartial,SOUM(n=8),8,64,42,L2_Norm_Error,0.08819405148130934,0.0028546999965328723,ok
OptimizedKernelSHAP,SOUM(n=8),8,64,42,MSE,0.00036892417277405566,0.002080599995679222,ok
OptimizedKernelSHAP,SOUM(n=8),8,64,42,MAE,0.014079941925038256,0.002080599995679222,ok
OptimizedKernelSHAP,SOUM(n=8),8,64,42,SSE,0.003320317554966501,0.002080599995679222,ok
OptimizedKernelSHAP,SOUM(n=8),8,64,42,SAE,0.1267194773253443,0.002080599995679222,ok
OptimizedKernelSHAP,SOUM(n=8),8,64,42,Precision@5,1.0,0.002080599995679222,ok
OptimizedKernelSHAP,SOUM(n=8),8,64,42,Precision@10,1.0,0.002080599995679222,ok
OptimizedKernelSHAP,SOUM(n=8),8,64,42,KendallTau,0.9999999999999998,0.002080599995679222,ok
OptimizedKernelSHAP,SOUM(n=8),8,64,42,L2_Norm_Error,0.001823924470685163,0.002080599995679222,ok
OwenSamplingSV,SOUM(n=8),8,128,42,MSE,0.020990750002247538,0.03662899999471847,ok
OwenSamplingSV,SOUM(n=8),8,128,42,MAE,0.1202343698929316,0.03662899999471847,ok
OwenSamplingSV,SOUM(n=8),8,128,42,SSE,0.18891675002022784,0.03662899999471847,ok
OwenSamplingSV,SOUM(n=8),8,128,42,SAE,1.0821093290363843,0.03662899999471847,ok
OwenSamplingSV,SOUM(n=8),8,128,42,Precision@5,0.8,0.03662899999471847,ok
OwenSamplingSV,SOUM(n=8),8,128,42,Precision@10,1.0,0.03662899999471847,ok
OwenSamplingSV,SOUM(n=8),8,128,42,KendallTau,0.7142857142857142,0.03662899999471847,ok
OwenSamplingSV,SOUM(n=8),8,128,42,L2_Norm_Error,0.1037761833258391,0.03662899999471847,ok
StratifiedSamplingSV,SOUM(n=8),8,128,42,MSE,0.005418515975699473,0.03809719999844674,ok
StratifiedSamplingSV,SOUM(n=8),8,128,42,MAE,0.05543565857950036,0.03809719999844674,ok
StratifiedSamplingSV,SOUM(n=8),8,128,42,SSE,0.048766643781295256,0.03809719999844674,ok
StratifiedSamplingSV,SOUM(n=8),8,128,42,SAE,0.4989209272155033,0.03809719999844674,ok
StratifiedSamplingSV,SOUM(n=8),8,128,42,Precision@5,0.8,0.03809719999844674,ok
StratifiedSamplingSV,SOUM(n=8),8,128,42,Precision@10,1.0,0.03809719999844674,ok
StratifiedSamplingSV,SOUM(n=8),8,128,42,KendallTau,0.8571428571428571,0.03809719999844674,ok
StratifiedSamplingSV,SOUM(n=8),8,128,42,L2_Norm_Error,0.026788604846800033,0.03809719999844674,ok
SVARM,SOUM(n=8),8,128,42,MSE,0.003691106682332067,0.016533499998331536,ok
SVARM,SOUM(n=8),8,128,42,MAE,0.04319294065854172,0.016533499998331536,ok
SVARM,SOUM(n=8),8,128,42,SSE,0.0332199601409886,0.016533499998331536,ok
SVARM,SOUM(n=8),8,128,42,SAE,0.3887364659268755,0.016533499998331536,ok
SVARM,SOUM(n=8),8,128,42,Precision@5,1.0,0.016533499998331536,ok
SVARM,SOUM(n=8),8,128,42,Precision@10,1.0,0.016533499998331536,ok
SVARM,SOUM(n=8),8,128,42,KendallTau,0.9999999999999998,0.016533499998331536,ok
SVARM,SOUM(n=8),8,128,42,L2_Norm_Error,0.018248464857135074,0.016533499998331536,ok
UnbiasedKernelSHAP,SOUM(n=8),8,128,42,MSE,0.002179467498186912,0.008901400004106108,ok
UnbiasedKernelSHAP,SOUM(n=8),8,128,42,MAE,0.03247327733151675,0.008901400004106108,ok
UnbiasedKernelSHAP,SOUM(n=8),8,128,42,SSE,0.019615207483682208,0.008901400004106108,ok
UnbiasedKernelSHAP,SOUM(n=8),8,128,42,SAE,0.29225949598365075,0.008901400004106108,ok
UnbiasedKernelSHAP,SOUM(n=8),8,128,42,Precision@5,0.8,0.008901400004106108,ok
UnbiasedKernelSHAP,SOUM(n=8),8,128,42,Precision@10,1.0,0.008901400004106108,ok
UnbiasedKernelSHAP,SOUM(n=8),8,128,42,KendallTau,0.9285714285714285,0.008901400004106108,ok
UnbiasedKernelSHAP,SOUM(n=8),8,128,42,L2_Norm_Error,0.010775070858370256,0.008901400004106108,ok
PermutationSamplingSV,SOUM(n=8),8,128,42,MSE,0.0013534831854913913,0.0022653999985777773,ok
PermutationSamplingSV,SOUM(n=8),8,128,42,MAE,0.02889791601798885,0.0022653999985777773,ok
PermutationSamplingSV,SOUM(n=8),8,128,42,SSE,0.01218134866942252,0.0022653999985777773,ok
PermutationSamplingSV,SOUM(n=8),8,128,42,SAE,0.26008124416189965,0.0022653999985777773,ok
PermutationSamplingSV,SOUM(n=8),8,128,42,Precision@5,0.8,0.0022653999985777773,ok
PermutationSamplingSV,SOUM(n=8),8,128,42,Precision@10,1.0,0.0022653999985777773,ok
PermutationSamplingSV,SOUM(n=8),8,128,42,KendallTau,0.9285714285714285,0.0022653999985777773,ok
PermutationSamplingSV,SOUM(n=8),8,128,42,L2_Norm_Error,0.0066914864486002585,0.0022653999985777773,ok
KernelSHAP,SOUM(n=8),8,128,42,MSE,0.0023889591790393853,0.00811210000392748,ok
KernelSHAP,SOUM(n=8),8,128,42,MAE,0.04050725755868984,0.00811210000392748,ok
KernelSHAP,SOUM(n=8),8,128,42,SSE,0.021500632611354466,0.00811210000392748,ok
KernelSHAP,SOUM(n=8),8,128,42,SAE,0.3645653180282086,0.00811210000392748,ok
KernelSHAP,SOUM(n=8),8,128,42,Precision@5,0.8,0.00811210000392748,ok
KernelSHAP,SOUM(n=8),8,128,42,Precision@10,1.0,0.00811210000392748,ok
KernelSHAP,SOUM(n=8),8,128,42,KendallTau,0.8571428571428571,0.00811210000392748,ok
KernelSHAP,SOUM(n=8),8,128,42,L2_Norm_Error,0.011810776922949018,0.00811210000392748,ok
LeverageSHAP,SOUM(n=8),8,128,42,MSE,0.0008012703807089455,0.0012944999980391003,ok
LeverageSHAP,SOUM(n=8),8,128,42,MAE,0.021409197328576476,0.0012944999980391003,ok
LeverageSHAP,SOUM(n=8),8,128,42,SSE,0.007211433426380509,0.0012944999980391003,ok
LeverageSHAP,SOUM(n=8),8,128,42,SAE,0.1926827759571883,0.0012944999980391003,ok
LeverageSHAP,SOUM(n=8),8,128,42,Precision@5,1.0,0.0012944999980391003,ok
LeverageSHAP,SOUM(n=8),8,128,42,Precision@10,1.0,0.0012944999980391003,ok
LeverageSHAP,SOUM(n=8),8,128,42,KendallTau,0.9999999999999998,0.0012944999980391003,ok
LeverageSHAP,SOUM(n=8),8,128,42,L2_Norm_Error,0.003961401184479496,0.0012944999980391003,ok
kADDSHAP,SOUM(n=8),8,128,42,MSE,0.002388957304735812,0.007353900000452995,ok
kADDSHAP,SOUM(n=8),8,128,42,MAE,0.04050723698313747,0.007353900000452995,ok
kADDSHAP,SOUM(n=8),8,128,42,SSE,0.021500615742622308,0.007353900000452995,ok
kADDSHAP,SOUM(n=8),8,128,42,SAE,0.3645651328482372,0.007353900000452995,ok
kADDSHAP,SOUM(n=8),8,128,42,Precision@5,0.8,0.007353900000452995,ok
kADDSHAP,SOUM(n=8),8,128,42,Precision@10,1.0,0.007353900000452995,ok
kADDSHAP,SOUM(n=8),8,128,42,KendallTau,0.8571428571428571,0.007353900000452995,ok
kADDSHAP,SOUM(n=8),8,128,42,L2_Norm_Error,0.011810767656578298,0.007353900000452995,ok
SPEX,SOUM(n=8),8,128,42,_,,0.19393709999712883,skipped:refused_regime(ValueError)
RegressionMSR,SOUM(n=8),8,128,42,MSE,0.0008867914496003781,0.04723750000266591,ok
RegressionMSR,SOUM(n=8),8,128,42,MAE,0.024139022863501714,0.04723750000266591,ok
RegressionMSR,SOUM(n=8),8,128,42,SSE,0.007981123046403403,0.04723750000266591,ok
RegressionMSR,SOUM(n=8),8,128,42,SAE,0.21725120577151544,0.04723750000266591,ok
RegressionMSR,SOUM(n=8),8,128,42,Precision@5,0.8,0.04723750000266591,ok
RegressionMSR,SOUM(n=8),8,128,42,Precision@10,1.0,0.04723750000266591,ok
RegressionMSR,SOUM(n=8),8,128,42,KendallTau,0.9285714285714285,0.04723750000266591,ok
RegressionMSR,SOUM(n=8),8,128,42,L2_Norm_Error,0.004384208855598859,0.04723750000266591,ok
ProxySPEX,SOUM(n=8),8,128,42,MSE,0.1589718866622896,1.5276660999952583,ok
ProxySPEX,SOUM(n=8),8,128,42,MAE,0.18646273148619016,1.5276660999952583,ok
ProxySPEX,SOUM(n=8),8,128,42,SSE,1.4307469799606063,1.5276660999952583,ok
ProxySPEX,SOUM(n=8),8,128,42,SAE,1.6781645833757115,1.5276660999952583,ok
ProxySPEX,SOUM(n=8),8,128,42,Precision@5,0.8,1.5276660999952583,ok
ProxySPEX,SOUM(n=8),8,128,42,Precision@10,1.0,1.5276660999952583,ok
ProxySPEX,SOUM(n=8),8,128,42,KendallTau,0.7857142857142856,1.5276660999952583,ok
ProxySPEX,SOUM(n=8),8,128,42,L2_Norm_Error,0.028021175155736266,1.5276660999952583,ok
OddSHAP,SOUM(n=8),8,128,42,MSE,0.0005626410420767816,0.01696030000312021,ok
OddSHAP,SOUM(n=8),8,128,42,MAE,0.0183090867450051,0.01696030000312021,ok
OddSHAP,SOUM(n=8),8,128,42,SSE,0.005063769378691034,0.01696030000312021,ok
OddSHAP,SOUM(n=8),8,128,42,SAE,0.1647817807050459,0.01696030000312021,ok
OddSHAP,SOUM(n=8),8,128,42,Precision@5,1.0,0.01696030000312021,ok
OddSHAP,SOUM(n=8),8,128,42,Precision@10,1.0,0.01696030000312021,ok
OddSHAP,SOUM(n=8),8,128,42,KendallTau,0.9999999999999998,0.01696030000312021,ok
OddSHAP,SOUM(n=8),8,128,42,L2_Norm_Error,0.0027816414336290693,0.01696030000312021,ok
ShaplEIG,SOUM(n=8),8,128,42,_,,0.0,skipped:incompatible_constructor(ImportError)
PolySHAPKAdd,SOUM(n=8),8,128,42,MSE,0.0023889589219524324,0.007836799995857291,ok
PolySHAPKAdd,SOUM(n=8),8,128,42,MAE,0.04050725595689711,0.007836799995857291,ok
PolySHAPKAdd,SOUM(n=8),8,128,42,SSE,0.02150063029757189,0.007836799995857291,ok
PolySHAPKAdd,SOUM(n=8),8,128,42,SAE,0.36456530361207395,0.007836799995857291,ok
PolySHAPKAdd,SOUM(n=8),8,128,42,Precision@5,0.8,0.007836799995857291,ok
PolySHAPKAdd,SOUM(n=8),8,128,42,Precision@10,1.0,0.007836799995857291,ok
PolySHAPKAdd,SOUM(n=8),8,128,42,KendallTau,0.8571428571428571,0.007836799995857291,ok
PolySHAPKAdd,SOUM(n=8),8,128,42,L2_Norm_Error,0.011810775651936655,0.007836799995857291,ok
PolySHAPPartial,SOUM(n=8),8,128,42,MSE,0.0023889589219524324,0.007515700002841186,ok
PolySHAPPartial,SOUM(n=8),8,128,42,MAE,0.04050725595689711,0.007515700002841186,ok
PolySHAPPartial,SOUM(n=8),8,128,42,SSE,0.02150063029757189,0.007515700002841186,ok
PolySHAPPartial,SOUM(n=8),8,128,42,SAE,0.36456530361207395,0.007515700002841186,ok
PolySHAPPartial,SOUM(n=8),8,128,42,Precision@5,0.8,0.007515700002841186,ok
PolySHAPPartial,SOUM(n=8),8,128,42,Precision@10,1.0,0.007515700002841186,ok
PolySHAPPartial,SOUM(n=8),8,128,42,KendallTau,0.8571428571428571,0.007515700002841186,ok
PolySHAPPartial,SOUM(n=8),8,128,42,L2_Norm_Error,0.011810775651936655,0.007515700002841186,ok
OptimizedKernelSHAP,SOUM(n=8),8,128,42,MSE,0.0006068642493297082,0.006228400001418777,ok
OptimizedKernelSHAP,SOUM(n=8),8,128,42,MAE,0.021531061087081787,0.006228400001418777,ok
OptimizedKernelSHAP,SOUM(n=8),8,128,42,SSE,0.005461778243967374,0.006228400001418777,ok
OptimizedKernelSHAP,SOUM(n=8),8,128,42,SAE,0.19377954978373607,0.006228400001418777,ok
OptimizedKernelSHAP,SOUM(n=8),8,128,42,Precision@5,1.0,0.006228400001418777,ok
OptimizedKernelSHAP,SOUM(n=8),8,128,42,Precision@10,1.0,0.006228400001418777,ok
OptimizedKernelSHAP,SOUM(n=8),8,128,42,KendallTau,0.9999999999999998,0.006228400001418777,ok
OptimizedKernelSHAP,SOUM(n=8),8,128,42,L2_Norm_Error,0.0030002765782830188,0.006228400001418777,ok
OwenSamplingSV,SOUM(n=8),8,256,42,MSE,0.003886643063244829,0.07997949999844423,ok
OwenSamplingSV,SOUM(n=8),8,256,42,MAE,0.053072499138444765,0.07997949999844423,ok
OwenSamplingSV,SOUM(n=8),8,256,42,SSE,0.03497978756920346,0.07997949999844423,ok
OwenSamplingSV,SOUM(n=8),8,256,42,SAE,0.47765249224600287,0.07997949999844423,ok
OwenSamplingSV,SOUM(n=8),8,256,42,Precision@5,0.8,0.07997949999844423,ok
OwenSamplingSV,SOUM(n=8),8,256,42,Precision@10,1.0,0.07997949999844423,ok
OwenSamplingSV,SOUM(n=8),8,256,42,KendallTau,0.8571428571428571,0.07997949999844423,ok
OwenSamplingSV,SOUM(n=8),8,256,42,L2_Norm_Error,0.019215177304775163,0.07997949999844423,ok
StratifiedSamplingSV,SOUM(n=8),8,256,42,MSE,0.0056668733717918154,0.07293570000183536,ok
StratifiedSamplingSV,SOUM(n=8),8,256,42,MAE,0.050977825530872836,0.07293570000183536,ok
StratifiedSamplingSV,SOUM(n=8),8,256,42,SSE,0.05100186034612634,0.07293570000183536,ok
StratifiedSamplingSV,SOUM(n=8),8,256,42,SAE,0.4588004297778555,0.07293570000183536,ok
StratifiedSamplingSV,SOUM(n=8),8,256,42,Precision@5,0.8,0.07293570000183536,ok
StratifiedSamplingSV,SOUM(n=8),8,256,42,Precision@10,1.0,0.07293570000183536,ok
StratifiedSamplingSV,SOUM(n=8),8,256,42,KendallTau,0.8571428571428571,0.07293570000183536,ok
StratifiedSamplingSV,SOUM(n=8),8,256,42,L2_Norm_Error,0.028016459147596685,0.07293570000183536,ok
SVARM,SOUM(n=8),8,256,42,MSE,1.4913117536038497e-31,0.010407299996586516,ok
SVARM,SOUM(n=8),8,256,42,MAE,2.297544870404838e-16,0.010407299996586516,ok
SVARM,SOUM(n=8),8,256,42,SSE,1.3421805782434647e-30,0.010407299996586516,ok
SVARM,SOUM(n=8),8,256,42,SAE,2.067790383364354e-15,0.010407299996586516,ok
SVARM,SOUM(n=8),8,256,42,Precision@5,1.0,0.010407299996586516,ok
SVARM,SOUM(n=8),8,256,42,Precision@10,1.0,0.010407299996586516,ok
SVARM,SOUM(n=8),8,256,42,KendallTau,0.9999999999999998,0.010407299996586516,ok
SVARM,SOUM(n=8),8,256,42,L2_Norm_Error,7.372897200976658e-31,0.010407299996586516,ok
UnbiasedKernelSHAP,SOUM(n=8),8,256,42,MSE,1.4913117536038497e-31,0.0025100999991991557,ok
UnbiasedKernelSHAP,SOUM(n=8),8,256,42,MAE,2.297544870404838e-16,0.0025100999991991557,ok
UnbiasedKernelSHAP,SOUM(n=8),8,256,42,SSE,1.3421805782434647e-30,0.0025100999991991557,ok
UnbiasedKernelSHAP,SOUM(n=8),8,256,42,SAE,2.067790383364354e-15,0.0025100999991991557,ok
UnbiasedKernelSHAP,SOUM(n=8),8,256,42,Precision@5,1.0,0.0025100999991991557,ok
UnbiasedKernelSHAP,SOUM(n=8),8,256,42,Precision@10,1.0,0.0025100999991991557,ok
UnbiasedKernelSHAP,SOUM(n=8),8,256,42,KendallTau,0.9999999999999998,0.0025100999991991557,ok
UnbiasedKernelSHAP,SOUM(n=8),8,256,42,L2_Norm_Error,7.372897200976658e-31,0.0025100999991991557,ok
PermutationSamplingSV,SOUM(n=8),8,256,42,MSE,0.0017061947619602588,0.0038370999973267317,ok
PermutationSamplingSV,SOUM(n=8),8,256,42,MAE,0.03244488255128854,0.0038370999973267317,ok
PermutationSamplingSV,SOUM(n=8),8,256,42,SSE,0.015355752857642329,0.0038370999973267317,ok
PermutationSamplingSV,SOUM(n=8),8,256,42,SAE,0.2920039429615968,0.0038370999973267317,ok
PermutationSamplingSV,SOUM(n=8),8,256,42,Precision@5,0.8,0.0038370999973267317,ok
PermutationSamplingSV,SOUM(n=8),8,256,42,Precision@10,1.0,0.0038370999973267317,ok
PermutationSamplingSV,SOUM(n=8),8,256,42,KendallTau,0.9285714285714285,0.0038370999973267317,ok
PermutationSamplingSV,SOUM(n=8),8,256,42,L2_Norm_Error,0.00843525745329803,0.0038370999973267317,ok
KernelSHAP,SOUM(n=8),8,256,42,MSE,2.7522430069040315e-15,0.0017653000031714328,ok
KernelSHAP,SOUM(n=8),8,256,42,MAE,3.384974500080733e-08,0.0017653000031714328,ok
KernelSHAP,SOUM(n=8),8,256,42,SSE,2.4770187062136285e-14,0.0017653000031714328,ok
KernelSHAP,SOUM(n=8),8,256,42,SAE,3.04647705007266e-07,0.0017653000031714328,ok
KernelSHAP,SOUM(n=8),8,256,42,Precision@5,1.0,0.0017653000031714328,ok
KernelSHAP,SOUM(n=8),8,256,42,Precision@10,1.0,0.0017653000031714328,ok
KernelSHAP,SOUM(n=8),8,256,42,KendallTau,0.9999999999999998,0.0017653000031714328,ok
KernelSHAP,SOUM(n=8),8,256,42,L2_Norm_Error,1.3606816088569944e-14,0.0017653000031714328,ok
LeverageSHAP,SOUM(n=8),8,256,42,MSE,2.893208999656281e-29,0.0016552000015508384,ok
LeverageSHAP,SOUM(n=8),8,256,42,MAE,4.175672153729061e-15,0.0016552000015508384,ok
LeverageSHAP,SOUM(n=8),8,256,42,SSE,2.603888099690653e-28,0.0016552000015508384,ok
LeverageSHAP,SOUM(n=8),8,256,42,SAE,3.758104938356155e-14,0.0016552000015508384,ok
LeverageSHAP,SOUM(n=8),8,256,42,Precision@5,1.0,0.0016552000015508384,ok
LeverageSHAP,SOUM(n=8),8,256,42,Precision@10,1.0,0.0016552000015508384,ok
LeverageSHAP,SOUM(n=8),8,256,42,KendallTau,0.9999999999999998,0.0016552000015508384,ok
LeverageSHAP,SOUM(n=8),8,256,42,L2_Norm_Error,1.4303737956773796e-28,0.0016552000015508384,ok
kADDSHAP,SOUM(n=8),8,256,42,MSE,2.0824397823539736e-15,0.002016799997363705,ok
kADDSHAP,SOUM(n=8),8,256,42,MAE,3.2258884085583574e-08,0.002016799997363705,ok
kADDSHAP,SOUM(n=8),8,256,42,SSE,1.8741958041185764e-14,0.002016799997363705,ok
kADDSHAP,SOUM(n=8),8,256,42,SAE,2.903299567702522e-07,0.002016799997363705,ok
kADDSHAP,SOUM(n=8),8,256,42,Precision@5,1.0,0.002016799997363705,ok
kADDSHAP,SOUM(n=8),8,256,42,Precision@10,1.0,0.002016799997363705,ok
kADDSHAP,SOUM(n=8),8,256,42,KendallTau,0.9999999999999998,0.002016799997363705,ok
kADDSHAP,SOUM(n=8),8,256,42,L2_Norm_Error,1.0295375467548667e-14,0.002016799997363705,ok
SPEX,SOUM(n=8),8,256,42,_,,0.2283236000002944,skipped:refused_regime(ValueError)
RegressionMSR,SOUM(n=8),8,256,42,MSE,5.9251343061236055e-15,0.05043219999788562,ok
RegressionMSR,SOUM(n=8),8,256,42,MAE,6.672627872615787e-08,0.05043219999788562,ok
RegressionMSR,SOUM(n=8),8,256,42,SSE,5.332620875511245e-14,0.05043219999788562,ok
RegressionMSR,SOUM(n=8),8,256,42,SAE,6.005365085354208e-07,0.05043219999788562,ok
RegressionMSR,SOUM(n=8),8,256,42,Precision@5,1.0,0.05043219999788562,ok
RegressionMSR,SOUM(n=8),8,256,42,Precision@10,1.0,0.05043219999788562,ok
RegressionMSR,SOUM(n=8),8,256,42,KendallTau,0.9999999999999998,0.05043219999788562,ok
RegressionMSR,SOUM(n=8),8,256,42,L2_Norm_Error,2.9293275557884494e-14,0.05043219999788562,ok
ProxySPEX,SOUM(n=8),8,256,42,MSE,0.15596377753153773,2.326229300000705,ok
ProxySPEX,SOUM(n=8),8,256,42,MAE,0.16236530686138675,2.326229300000705,ok
ProxySPEX,SOUM(n=8),8,256,42,SSE,1.4036739977838395,2.326229300000705,ok
ProxySPEX,SOUM(n=8),8,256,42,SAE,1.4612877617524809,2.326229300000705,ok
ProxySPEX,SOUM(n=8),8,256,42,Precision@5,1.0,2.326229300000705,ok
ProxySPEX,SOUM(n=8),8,256,42,Precision@10,1.0,2.326229300000705,ok
ProxySPEX,SOUM(n=8),8,256,42,KendallTau,0.9819805060619657,2.326229300000705,ok
ProxySPEX,SOUM(n=8),8,256,42,L2_Norm_Error,0.013149382362071985,2.326229300000705,ok
OddSHAP,SOUM(n=8),8,256,42,MSE,3.349406165505446e-31,0.02149970000027679,ok
OddSHAP,SOUM(n=8),8,256,42,MAE,4.163336342344337e-16,0.02149970000027679,ok
OddSHAP,SOUM(n=8),8,256,42,SSE,3.0144655489549016e-30,0.02149970000027679,ok
OddSHAP,SOUM(n=8),8,256,42,SAE,3.747002708109903e-15,0.02149970000027679,ok
OddSHAP,SOUM(n=8),8,256,42,Precision@5,1.0,0.02149970000027679,ok
OddSHAP,SOUM(n=8),8,256,42,Precision@10,1.0,0.02149970000027679,ok
OddSHAP,SOUM(n=8),8,256,42,KendallTau,0.9999999999999998,0.02149970000027679,ok
OddSHAP,SOUM(n=8),8,256,42,L2_Norm_Error,1.655913143775099e-30,0.02149970000027679,ok
ShaplEIG,SOUM(n=8),8,256,42,_,,0.0,skipped:incompatible_constructor(ImportError)
PolySHAPKAdd,SOUM(n=8),8,256,42,MSE,1.414060563612317e-31,0.001520000005257316,ok
PolySHAPKAdd,SOUM(n=8),8,256,42,MAE,3.26899001695185e-16,0.001520000005257316,ok
PolySHAPKAdd,SOUM(n=8),8,256,42,SSE,1.2726545072510855e-30,0.001520000005257316,ok
PolySHAPKAdd,SOUM(n=8),8,256,42,SAE,2.942091015256665e-15,0.001520000005257316,ok
PolySHAPKAdd,SOUM(n=8),8,256,42,Precision@5,1.0,0.001520000005257316,ok
PolySHAPKAdd,SOUM(n=8),8,256,42,Precision@10,1.0,0.001520000005257316,ok
PolySHAPKAdd,SOUM(n=8),8,256,42,KendallTau,0.9999999999999998,0.001520000005257316,ok
PolySHAPKAdd,SOUM(n=8),8,256,42,L2_Norm_Error,6.990974989819739e-31,0.001520000005257316,ok
PolySHAPPartial,SOUM(n=8),8,256,42,MSE,1.414060563612317e-31,0.0014534000001731329,ok
PolySHAPPartial,SOUM(n=8),8,256,42,MAE,3.26899001695185e-16,0.0014534000001731329,ok
PolySHAPPartial,SOUM(n=8),8,256,42,SSE,1.2726545072510855e-30,0.0014534000001731329,ok
PolySHAPPartial,SOUM(n=8),8,256,42,SAE,2.942091015256665e-15,0.0014534000001731329,ok
PolySHAPPartial,SOUM(n=8),8,256,42,Precision@5,1.0,0.0014534000001731329,ok
PolySHAPPartial,SOUM(n=8),8,256,42,Precision@10,1.0,0.0014534000001731329,ok
PolySHAPPartial,SOUM(n=8),8,256,42,KendallTau,0.9999999999999998,0.0014534000001731329,ok
PolySHAPPartial,SOUM(n=8),8,256,42,L2_Norm_Error,6.990974989819739e-31,0.0014534000001731329,ok
OptimizedKernelSHAP,SOUM(n=8),8,256,42,MSE,2.7522430069040315e-15,0.0017054999989341013,ok
OptimizedKernelSHAP,SOUM(n=8),8,256,42,MAE,3.384974500080733e-08,0.0017054999989341013,ok
OptimizedKernelSHAP,SOUM(n=8),8,256,42,SSE,2.4770187062136285e-14,0.0017054999989341013,ok
OptimizedKernelSHAP,SOUM(n=8),8,256,42,SAE,3.04647705007266e-07,0.0017054999989341013,ok
OptimizedKernelSHAP,SOUM(n=8),8,256,42,Precision@5,1.0,0.0017054999989341013,ok
OptimizedKernelSHAP,SOUM(n=8),8,256,42,Precision@10,1.0,0.0017054999989341013,ok
OptimizedKernelSHAP,SOUM(n=8),8,256,42,KendallTau,0.9999999999999998,0.0017054999989341013,ok
OptimizedKernelSHAP,SOUM(n=8),8,256,42,L2_Norm_Error,1.3606816088569944e-14,0.0017054999989341013,ok
OwenSamplingSV,SOUM(n=8),8,12,1337,MSE,0.08696374082697061,0.004177000002528075,ok
OwenSamplingSV,SOUM(n=8),8,12,1337,MAE,0.2103878193196628,0.004177000002528075,ok
OwenSamplingSV,SOUM(n=8),8,12,1337,SSE,0.7826736674427356,0.004177000002528075,ok
OwenSamplingSV,SOUM(n=8),8,12,1337,SAE,1.8934903738769653,0.004177000002528075,ok
OwenSamplingSV,SOUM(n=8),8,12,1337,Precision@5,0.8,0.004177000002528075,ok
OwenSamplingSV,SOUM(n=8),8,12,1337,Precision@10,1.0,0.004177000002528075,ok
OwenSamplingSV,SOUM(n=8),8,12,1337,KendallTau,0.6446583712203041,0.004177000002528075,ok
OwenSamplingSV,SOUM(n=8),8,12,1337,L2_Norm_Error,0.2889428466908913,0.004177000002528075,ok
StratifiedSamplingSV,SOUM(n=8),8,12,1337,MSE,0.025771686839593286,0.004305399997974746,ok
StratifiedSamplingSV,SOUM(n=8),8,12,1337,MAE,0.1475930766728379,0.004305399997974746,ok
StratifiedSamplingSV,SOUM(n=8),8,12,1337,SSE,0.23194518155633956,0.004305399997974746,ok
StratifiedSamplingSV,SOUM(n=8),8,12,1337,SAE,1.328337690055541,0.004305399997974746,ok
StratifiedSamplingSV,SOUM(n=8),8,12,1337,Precision@5,1.0,0.004305399997974746,ok
StratifiedSamplingSV,SOUM(n=8),8,12,1337,Precision@10,1.0,0.004305399997974746,ok
StratifiedSamplingSV,SOUM(n=8),8,12,1337,KendallTau,0.7637626158259734,0.004305399997974746,ok
StratifiedSamplingSV,SOUM(n=8),8,12,1337,L2_Norm_Error,0.08562815362639989,0.004305399997974746,ok
SVARM,SOUM(n=8),8,12,1337,MSE,0.16313587412185016,0.008370499999728054,ok
SVARM,SOUM(n=8),8,12,1337,MAE,0.2786413728226287,0.008370499999728054,ok
SVARM,SOUM(n=8),8,12,1337,SSE,1.4682228670966513,0.008370499999728054,ok
SVARM,SOUM(n=8),8,12,1337,SAE,2.507772355403658,0.008370499999728054,ok
SVARM,SOUM(n=8),8,12,1337,Precision@5,0.6,0.008370499999728054,ok
SVARM,SOUM(n=8),8,12,1337,Precision@10,1.0,0.008370499999728054,ok
SVARM,SOUM(n=8),8,12,1337,KendallTau,0.7857142857142856,0.008370499999728054,ok
SVARM,SOUM(n=8),8,12,1337,L2_Norm_Error,0.5420298554079153,0.008370499999728054,ok
UnbiasedKernelSHAP,SOUM(n=8),8,12,1337,MSE,0.25683195303352774,0.0015855000019655563,ok
UnbiasedKernelSHAP,SOUM(n=8),8,12,1337,MAE,0.392716255042449,0.0015855000019655563,ok
UnbiasedKernelSHAP,SOUM(n=8),8,12,1337,SSE,2.3114875773017496,0.0015855000019655563,ok
UnbiasedKernelSHAP,SOUM(n=8),8,12,1337,SAE,3.534446295382041,0.0015855000019655563,ok
UnbiasedKernelSHAP,SOUM(n=8),8,12,1337,Precision@5,0.6,0.0015855000019655563,ok
UnbiasedKernelSHAP,SOUM(n=8),8,12,1337,Precision@10,1.0,0.0015855000019655563,ok
UnbiasedKernelSHAP,SOUM(n=8),8,12,1337,KendallTau,0.7857142857142856,0.0015855000019655563,ok
UnbiasedKernelSHAP,SOUM(n=8),8,12,1337,L2_Norm_Error,0.8533413457723942,0.0015855000019655563,ok
PermutationSamplingSV,SOUM(n=8),8,12,1337,MSE,0.11811702484566834,0.0008899000022211112,ok
PermutationSamplingSV,SOUM(n=8),8,12,1337,MAE,0.2597479439366889,0.0008899000022211112,ok
PermutationSamplingSV,SOUM(n=8),8,12,1337,SSE,1.063053223611015,0.0008899000022211112,ok
PermutationSamplingSV,SOUM(n=8),8,12,1337,SAE,2.3377314954301998,0.0008899000022211112,ok
PermutationSamplingSV,SOUM(n=8),8,12,1337,Precision@5,1.0,0.0008899000022211112,ok
PermutationSamplingSV,SOUM(n=8),8,12,1337,Precision@10,1.0,0.0008899000022211112,ok
PermutationSamplingSV,SOUM(n=8),8,12,1337,KendallTau,0.7857142857142856,0.0008899000022211112,ok
PermutationSamplingSV,SOUM(n=8),8,12,1337,L2_Norm_Error,0.3924517169687057,0.0008899000022211112,ok
KernelSHAP,SOUM(n=8),8,12,1337,MSE,0.14037918487003137,0.0012486999985412695,ok
KernelSHAP,SOUM(n=8),8,12,1337,MAE,0.30935623838378123,0.0012486999985412695,ok
KernelSHAP,SOUM(n=8),8,12,1337,SSE,1.2634126638302823,0.0012486999985412695,ok
KernelSHAP,SOUM(n=8),8,12,1337,SAE,2.7842061454540312,0.0012486999985412695,ok
KernelSHAP,SOUM(n=8),8,12,1337,Precision@5,0.8,0.0012486999985412695,ok
KernelSHAP,SOUM(n=8),8,12,1337,Precision@10,1.0,0.0012486999985412695,ok
KernelSHAP,SOUM(n=8),8,12,1337,KendallTau,0.6428571428571428,0.0012486999985412695,ok
KernelSHAP,SOUM(n=8),8,12,1337,L2_Norm_Error,0.4664192329674272,0.0012486999985412695,ok
LeverageSHAP,SOUM(n=8),8,12,1337,MSE,0.01918680151354683,0.0006244999967748299,ok
LeverageSHAP,SOUM(n=8),8,12,1337,MAE,0.11659911907419793,0.0006244999967748299,ok
LeverageSHAP,SOUM(n=8),8,12,1337,SSE,0.17268121362192146,0.0006244999967748299,ok
LeverageSHAP,SOUM(n=8),8,12,1337,SAE,1.0493920716677814,0.0006244999967748299,ok
LeverageSHAP,SOUM(n=8),8,12,1337,Precision@5,1.0,0.0006244999967748299,ok
LeverageSHAP,SOUM(n=8),8,12,1337,Precision@10,1.0,0.0006244999967748299,ok
LeverageSHAP,SOUM(n=8),8,12,1337,KendallTau,0.7857142857142856,0.0006244999967748299,ok
LeverageSHAP,SOUM(n=8),8,12,1337,L2_Norm_Error,0.063749431607914,0.0006244999967748299,ok
kADDSHAP,SOUM(n=8),8,12,1337,MSE,0.14037920665328582,0.001462200001697056,ok
kADDSHAP,SOUM(n=8),8,12,1337,MAE,0.3093562691157926,0.001462200001697056,ok
kADDSHAP,SOUM(n=8),8,12,1337,SSE,1.2634128598795724,0.001462200001697056,ok
kADDSHAP,SOUM(n=8),8,12,1337,SAE,2.7842064220421334,0.001462200001697056,ok
kADDSHAP,SOUM(n=8),8,12,1337,Precision@5,0.8,0.001462200001697056,ok
kADDSHAP,SOUM(n=8),8,12,1337,Precision@10,1.0,0.001462200001697056,ok
kADDSHAP,SOUM(n=8),8,12,1337,KendallTau,0.6428571428571428,0.001462200001697056,ok
kADDSHAP,SOUM(n=8),8,12,1337,L2_Norm_Error,0.46641930534374737,0.001462200001697056,ok
SPEX,SOUM(n=8),8,12,1337,_,,0.20670020000397926,skipped:refused_regime(ValueError)
RegressionMSR,SOUM(n=8),8,12,1337,MSE,0.30262157259305705,0.047292299997934606,ok
RegressionMSR,SOUM(n=8),8,12,1337,MAE,0.37002058500038043,0.047292299997934606,ok
RegressionMSR,SOUM(n=8),8,12,1337,SSE,2.7235941533375136,0.047292299997934606,ok
RegressionMSR,SOUM(n=8),8,12,1337,SAE,3.330185265003424,0.047292299997934606,ok
RegressionMSR,SOUM(n=8),8,12,1337,Precision@5,0.6,0.047292299997934606,ok
RegressionMSR,SOUM(n=8),8,12,1337,Precision@10,1.0,0.047292299997934606,ok
RegressionMSR,SOUM(n=8),8,12,1337,KendallTau,0.18184824186332696,0.047292299997934606,ok
RegressionMSR,SOUM(n=8),8,12,1337,L2_Norm_Error,1.0054804200418401,0.047292299997934606,ok
ProxySPEX,SOUM(n=8),8,12,1337,MSE,0.33890730096043603,0.3155808000010438,ok
ProxySPEX,SOUM(n=8),8,12,1337,MAE,0.5062014406465629,0.3155808000010438,ok
ProxySPEX,SOUM(n=8),8,12,1337,SSE,3.0501657086439242,0.3155808000010438,ok
ProxySPEX,SOUM(n=8),8,12,1337,SAE,4.555812965819066,0.3155808000010438,ok
ProxySPEX,SOUM(n=8),8,12,1337,Precision@5,0.8,0.3155808000010438,ok
ProxySPEX,SOUM(n=8),8,12,1337,Precision@10,1.0,0.3155808000010438,ok
ProxySPEX,SOUM(n=8),8,12,1337,KendallTau,nan,0.3155808000010438,ok
ProxySPEX,SOUM(n=8),8,12,1337,L2_Norm_Error,1.0,0.3155808000010438,ok
OddSHAP,SOUM(n=8),8,12,1337,MSE,0.3640071394523063,0.004039799998281524,ok
OddSHAP,SOUM(n=8),8,12,1337,MAE,0.5094270878421088,0.004039799998281524,ok
OddSHAP,SOUM(n=8),8,12,1337,SSE,3.2760642550707564,0.004039799998281524,ok
OddSHAP,SOUM(n=8),8,12,1337,SAE,4.5848437905789785,0.004039799998281524,ok
OddSHAP,SOUM(n=8),8,12,1337,Precision@5,0.8,0.004039799998281524,ok
OddSHAP,SOUM(n=8),8,12,1337,Precision@10,1.0,0.004039799998281524,ok
OddSHAP,SOUM(n=8),8,12,1337,KendallTau,0.2620712091804796,0.004039799998281524,ok
OddSHAP,SOUM(n=8),8,12,1337,L2_Norm_Error,1.2094380725689564,0.004039799998281524,ok
ShaplEIG,SOUM(n=8),8,12,1337,_,,0.0,skipped:incompatible_constructor(ImportError)
PolySHAPKAdd,SOUM(n=8),8,12,1337,MSE,0.1403792451782278,0.0013822999972035177,ok
PolySHAPKAdd,SOUM(n=8),8,12,1337,MAE,0.3093563095337811,0.0013822999972035177,ok
PolySHAPKAdd,SOUM(n=8),8,12,1337,SSE,1.2634132066040502,0.0013822999972035177,ok
PolySHAPKAdd,SOUM(n=8),8,12,1337,SAE,2.78420678580403,0.0013822999972035177,ok
PolySHAPKAdd,SOUM(n=8),8,12,1337,Precision@5,0.8,0.0013822999972035177,ok
PolySHAPKAdd,SOUM(n=8),8,12,1337,Precision@10,1.0,0.0013822999972035177,ok
PolySHAPKAdd,SOUM(n=8),8,12,1337,KendallTau,0.6428571428571428,0.0013822999972035177,ok
PolySHAPKAdd,SOUM(n=8),8,12,1337,L2_Norm_Error,0.46641943334544433,0.0013822999972035177,ok
PolySHAPPartial,SOUM(n=8),8,12,1337,MSE,0.1403792451782278,0.00108639999962179,ok
PolySHAPPartial,SOUM(n=8),8,12,1337,MAE,0.3093563095337811,0.00108639999962179,ok
PolySHAPPartial,SOUM(n=8),8,12,1337,SSE,1.2634132066040502,0.00108639999962179,ok
PolySHAPPartial,SOUM(n=8),8,12,1337,SAE,2.78420678580403,0.00108639999962179,ok
PolySHAPPartial,SOUM(n=8),8,12,1337,Precision@5,0.8,0.00108639999962179,ok
PolySHAPPartial,SOUM(n=8),8,12,1337,Precision@10,1.0,0.00108639999962179,ok
PolySHAPPartial,SOUM(n=8),8,12,1337,KendallTau,0.6428571428571428,0.00108639999962179,ok
PolySHAPPartial,SOUM(n=8),8,12,1337,L2_Norm_Error,0.46641943334544433,0.00108639999962179,ok
OptimizedKernelSHAP,SOUM(n=8),8,12,1337,MSE,0.20678960508689065,0.0012196000025141984,ok
OptimizedKernelSHAP,SOUM(n=8),8,12,1337,MAE,0.33575682406622104,0.0012196000025141984,ok
OptimizedKernelSHAP,SOUM(n=8),8,12,1337,SSE,1.861106445782016,0.0012196000025141984,ok
OptimizedKernelSHAP,SOUM(n=8),8,12,1337,SAE,3.0218114165959893,0.0012196000025141984,ok
OptimizedKernelSHAP,SOUM(n=8),8,12,1337,Precision@5,1.0,0.0012196000025141984,ok
OptimizedKernelSHAP,SOUM(n=8),8,12,1337,Precision@10,1.0,0.0012196000025141984,ok
OptimizedKernelSHAP,SOUM(n=8),8,12,1337,KendallTau,0.42857142857142855,0.0012196000025141984,ok
OptimizedKernelSHAP,SOUM(n=8),8,12,1337,L2_Norm_Error,0.6870722969332139,0.0012196000025141984,ok
OwenSamplingSV,SOUM(n=8),8,64,1337,MSE,0.0344517152537723,0.01866869999503251,ok
OwenSamplingSV,SOUM(n=8),8,64,1337,MAE,0.15228457378067187,0.01866869999503251,ok
OwenSamplingSV,SOUM(n=8),8,64,1337,SSE,0.3100654372839507,0.01866869999503251,ok
OwenSamplingSV,SOUM(n=8),8,64,1337,SAE,1.3705611640260469,0.01866869999503251,ok
OwenSamplingSV,SOUM(n=8),8,64,1337,Precision@5,1.0,0.01866869999503251,ok
OwenSamplingSV,SOUM(n=8),8,64,1337,Precision@10,1.0,0.01866869999503251,ok
OwenSamplingSV,SOUM(n=8),8,64,1337,KendallTau,0.6182840223353117,0.01866869999503251,ok
OwenSamplingSV,SOUM(n=8),8,64,1337,L2_Norm_Error,0.1144681287183278,0.01866869999503251,ok
StratifiedSamplingSV,SOUM(n=8),8,64,1337,MSE,0.01190324088932442,0.01864170000044396,ok
StratifiedSamplingSV,SOUM(n=8),8,64,1337,MAE,0.08832811915900157,0.01864170000044396,ok
StratifiedSamplingSV,SOUM(n=8),8,64,1337,SSE,0.10712916800391978,0.01864170000044396,ok
StratifiedSamplingSV,SOUM(n=8),8,64,1337,SAE,0.7949530724310142,0.01864170000044396,ok
StratifiedSamplingSV,SOUM(n=8),8,64,1337,Precision@5,1.0,0.01864170000044396,ok
StratifiedSamplingSV,SOUM(n=8),8,64,1337,Precision@10,1.0,0.01864170000044396,ok
StratifiedSamplingSV,SOUM(n=8),8,64,1337,KendallTau,0.7857142857142856,0.01864170000044396,ok
StratifiedSamplingSV,SOUM(n=8),8,64,1337,L2_Norm_Error,0.03954931417051168,0.01864170000044396,ok
SVARM,SOUM(n=8),8,64,1337,MSE,0.012126854993372281,0.011773100006394088,ok
SVARM,SOUM(n=8),8,64,1337,MAE,0.09182471728824719,0.011773100006394088,ok
SVARM,SOUM(n=8),8,64,1337,SSE,0.10914169494035053,0.011773100006394088,ok
SVARM,SOUM(n=8),8,64,1337,SAE,0.8264224555942247,0.011773100006394088,ok
SVARM,SOUM(n=8),8,64,1337,Precision@5,1.0,0.011773100006394088,ok
SVARM,SOUM(n=8),8,64,1337,Precision@10,1.0,0.011773100006394088,ok
SVARM,SOUM(n=8),8,64,1337,KendallTau,0.9999999999999998,0.011773100006394088,ok
SVARM,SOUM(n=8),8,64,1337,L2_Norm_Error,0.04029228699078604,0.011773100006394088,ok
UnbiasedKernelSHAP,SOUM(n=8),8,64,1337,MSE,0.011393079646403768,0.003452800003287848,ok
UnbiasedKernelSHAP,SOUM(n=8),8,64,1337,MAE,0.08373817083941199,0.003452800003287848,ok
UnbiasedKernelSHAP,SOUM(n=8),8,64,1337,SSE,0.1025377168176339,0.003452800003287848,ok
UnbiasedKernelSHAP,SOUM(n=8),8,64,1337,SAE,0.7536435375547078,0.003452800003287848,ok
UnbiasedKernelSHAP,SOUM(n=8),8,64,1337,Precision@5,1.0,0.003452800003287848,ok
UnbiasedKernelSHAP,SOUM(n=8),8,64,1337,Precision@10,1.0,0.003452800003287848,ok
UnbiasedKernelSHAP,SOUM(n=8),8,64,1337,KendallTau,0.9285714285714285,0.003452800003287848,ok
UnbiasedKernelSHAP,SOUM(n=8),8,64,1337,L2_Norm_Error,0.037854269311595724,0.003452800003287848,ok
PermutationSamplingSV,SOUM(n=8),8,64,1337,MSE,0.015064985680172394,0.0014207999993232079,ok
PermutationSamplingSV,SOUM(n=8),8,64,1337,MAE,0.08902400036510924,0.0014207999993232079,ok
PermutationSamplingSV,SOUM(n=8),8,64,1337,SSE,0.13558487112155154,0.0014207999993232079,ok
PermutationSamplingSV,SOUM(n=8),8,64,1337,SAE,0.8012160032859832,0.0014207999993232079,ok
PermutationSamplingSV,SOUM(n=8),8,64,1337,Precision@5,1.0,0.0014207999993232079,ok
PermutationSamplingSV,SOUM(n=8),8,64,1337,Precision@10,1.0,0.0014207999993232079,ok
PermutationSamplingSV,SOUM(n=8),8,64,1337,KendallTau,0.8571428571428571,0.0014207999993232079,ok
PermutationSamplingSV,SOUM(n=8),8,64,1337,L2_Norm_Error,0.050054422755886396,0.0014207999993232079,ok
KernelSHAP,SOUM(n=8),8,64,1337,MSE,0.007812355390980628,0.003095600004598964,ok
KernelSHAP,SOUM(n=8),8,64,1337,MAE,0.07024559214672157,0.003095600004598964,ok
KernelSHAP,SOUM(n=8),8,64,1337,SSE,0.07031119851882565,0.003095600004598964,ok
KernelSHAP,SOUM(n=8),8,64,1337,SAE,0.6322103293204941,0.003095600004598964,ok
KernelSHAP,SOUM(n=8),8,64,1337,Precision@5,1.0,0.003095600004598964,ok
KernelSHAP,SOUM(n=8),8,64,1337,Precision@10,1.0,0.003095600004598964,ok
KernelSHAP,SOUM(n=8),8,64,1337,KendallTau,0.9285714285714285,0.003095600004598964,ok
KernelSHAP,SOUM(n=8),8,64,1337,L2_Norm_Error,0.02595707342583399,0.003095600004598964,ok
LeverageSHAP,SOUM(n=8),8,64,1337,MSE,0.0021257134746078474,0.0010309999997843988,ok
LeverageSHAP,SOUM(n=8),8,64,1337,MAE,0.0332710558922736,0.0010309999997843988,ok
LeverageSHAP,SOUM(n=8),8,64,1337,SSE,0.019131421271470626,0.0010309999997843988,ok
LeverageSHAP,SOUM(n=8),8,64,1337,SAE,0.2994395030304624,0.0010309999997843988,ok
LeverageSHAP,SOUM(n=8),8,64,1337,Precision@5,1.0,0.0010309999997843988,ok
LeverageSHAP,SOUM(n=8),8,64,1337,Precision@10,1.0,0.0010309999997843988,ok
LeverageSHAP,SOUM(n=8),8,64,1337,KendallTau,0.9285714285714285,0.0010309999997843988,ok
LeverageSHAP,SOUM(n=8),8,64,1337,L2_Norm_Error,0.007062825227636578,0.0010309999997843988,ok
kADDSHAP,SOUM(n=8),8,64,1337,MSE,0.007812346556827455,0.0032845999958226457,ok
kADDSHAP,SOUM(n=8),8,64,1337,MAE,0.07024555530779995,0.0032845999958226457,ok
kADDSHAP,SOUM(n=8),8,64,1337,SSE,0.0703111190114471,0.0032845999958226457,ok
kADDSHAP,SOUM(n=8),8,64,1337,SAE,0.6322099977701996,0.0032845999958226457,ok
kADDSHAP,SOUM(n=8),8,64,1337,Precision@5,1.0,0.0032845999958226457,ok
kADDSHAP,SOUM(n=8),8,64,1337,Precision@10,1.0,0.0032845999958226457,ok
kADDSHAP,SOUM(n=8),8,64,1337,KendallTau,0.9285714285714285,0.0032845999958226457,ok
kADDSHAP,SOUM(n=8),8,64,1337,L2_Norm_Error,0.025957044073769083,0.0032845999958226457,ok
SPEX,SOUM(n=8),8,64,1337,_,,0.19381140000041341,skipped:refused_regime(ValueError)
RegressionMSR,SOUM(n=8),8,64,1337,MSE,0.01263577515588869,0.04034310000133701,ok
RegressionMSR,SOUM(n=8),8,64,1337,MAE,0.09211965220176559,0.04034310000133701,ok
RegressionMSR,SOUM(n=8),8,64,1337,SSE,0.1137219764029982,0.04034310000133701,ok
RegressionMSR,SOUM(n=8),8,64,1337,SAE,0.8290768698158902,0.04034310000133701,ok
RegressionMSR,SOUM(n=8),8,64,1337,Precision@5,1.0,0.04034310000133701,ok
RegressionMSR,SOUM(n=8),8,64,1337,Precision@10,1.0,0.04034310000133701,ok
RegressionMSR,SOUM(n=8),8,64,1337,KendallTau,0.9999999999999998,0.04034310000133701,ok
RegressionMSR,SOUM(n=8),8,64,1337,L2_Norm_Error,0.041983208277031774,0.04034310000133701,ok
ProxySPEX,SOUM(n=8),8,64,1337,MSE,0.04799552068803001,1.1324262999987695,ok
ProxySPEX,SOUM(n=8),8,64,1337,MAE,0.14504061042307612,1.1324262999987695,ok
ProxySPEX,SOUM(n=8),8,64,1337,SSE,0.4319596861922701,1.1324262999987695,ok
ProxySPEX,SOUM(n=8),8,64,1337,SAE,1.305365493807685,1.1324262999987695,ok
ProxySPEX,SOUM(n=8),8,64,1337,Precision@5,1.0,1.1324262999987695,ok
ProxySPEX,SOUM(n=8),8,64,1337,Precision@10,1.0,1.1324262999987695,ok
ProxySPEX,SOUM(n=8),8,64,1337,KendallTau,0.8693182879212226,1.1324262999987695,ok
ProxySPEX,SOUM(n=8),8,64,1337,L2_Norm_Error,0.0334261483177254,1.1324262999987695,ok
OddSHAP,SOUM(n=8),8,64,1337,MSE,0.0014753144744012966,0.014310099999420345,ok
OddSHAP,SOUM(n=8),8,64,1337,MAE,0.028459466582049772,0.014310099999420345,ok
OddSHAP,SOUM(n=8),8,64,1337,SSE,0.013277830269611669,0.014310099999420345,ok
OddSHAP,SOUM(n=8),8,64,1337,SAE,0.25613519923844796,0.014310099999420345,ok
OddSHAP,SOUM(n=8),8,64,1337,Precision@5,1.0,0.014310099999420345,ok
OddSHAP,SOUM(n=8),8,64,1337,Precision@10,1.0,0.014310099999420345,ok
OddSHAP,SOUM(n=8),8,64,1337,KendallTau,0.8571428571428571,0.014310099999420345,ok
OddSHAP,SOUM(n=8),8,64,1337,L2_Norm_Error,0.004901831038362846,0.014310099999420345,ok
ShaplEIG,SOUM(n=8),8,64,1337,_,,0.0,skipped:incompatible_constructor(ImportError)
PolySHAPKAdd,SOUM(n=8),8,64,1337,MSE,0.007812351236757256,0.0028917999952682294,ok
PolySHAPKAdd,SOUM(n=8),8,64,1337,MAE,0.07024557764499198,0.0028917999952682294,ok
PolySHAPKAdd,SOUM(n=8),8,64,1337,SSE,0.0703111611308153,0.0028917999952682294,ok
PolySHAPKAdd,SOUM(n=8),8,64,1337,SAE,0.6322101988049278,0.0028917999952682294,ok
PolySHAPKAdd,SOUM(n=8),8,64,1337,Precision@5,1.0,0.0028917999952682294,ok
PolySHAPKAdd,SOUM(n=8),8,64,1337,Precision@10,1.0,0.0028917999952682294,ok
PolySHAPKAdd,SOUM(n=8),8,64,1337,KendallTau,0.9285714285714285,0.0028917999952682294,ok
PolySHAPKAdd,SOUM(n=8),8,64,1337,L2_Norm_Error,0.025957059623148922,0.0028917999952682294,ok
PolySHAPPartial,SOUM(n=8),8,64,1337,MSE,0.007812351236757256,0.003142699999443721,ok
PolySHAPPartial,SOUM(n=8),8,64,1337,MAE,0.07024557764499198,0.003142699999443721,ok
PolySHAPPartial,SOUM(n=8),8,64,1337,SSE,0.0703111611308153,0.003142699999443721,ok
PolySHAPPartial,SOUM(n=8),8,64,1337,SAE,0.6322101988049278,0.003142699999443721,ok
PolySHAPPartial,SOUM(n=8),8,64,1337,Precision@5,1.0,0.003142699999443721,ok
PolySHAPPartial,SOUM(n=8),8,64,1337,Precision@10,1.0,0.003142699999443721,ok
PolySHAPPartial,SOUM(n=8),8,64,1337,KendallTau,0.9285714285714285,0.003142699999443721,ok
PolySHAPPartial,SOUM(n=8),8,64,1337,L2_Norm_Error,0.025957059623148922,0.003142699999443721,ok
OptimizedKernelSHAP,SOUM(n=8),8,64,1337,MSE,0.00248112584734992,0.002340300001378637,ok
OptimizedKernelSHAP,SOUM(n=8),8,64,1337,MAE,0.03558639088592789,0.002340300001378637,ok
OptimizedKernelSHAP,SOUM(n=8),8,64,1337,SSE,0.02233013262614928,0.002340300001378637,ok
OptimizedKernelSHAP,SOUM(n=8),8,64,1337,SAE,0.320277517973351,0.002340300001378637,ok
OptimizedKernelSHAP,SOUM(n=8),8,64,1337,Precision@5,1.0,0.002340300001378637,ok
OptimizedKernelSHAP,SOUM(n=8),8,64,1337,Precision@10,1.0,0.002340300001378637,ok
OptimizedKernelSHAP,SOUM(n=8),8,64,1337,KendallTau,0.9999999999999998,0.002340300001378637,ok
OptimizedKernelSHAP,SOUM(n=8),8,64,1337,L2_Norm_Error,0.008243706612828893,0.002340300001378637,ok
OwenSamplingSV,SOUM(n=8),8,128,1337,MSE,0.01329083931861091,0.03734740000072634,ok
OwenSamplingSV,SOUM(n=8),8,128,1337,MAE,0.0878922716091673,0.03734740000072634,ok
OwenSamplingSV,SOUM(n=8),8,128,1337,SSE,0.1196175538674982,0.03734740000072634,ok
OwenSamplingSV,SOUM(n=8),8,128,1337,SAE,0.7910304444825056,0.03734740000072634,ok
OwenSamplingSV,SOUM(n=8),8,128,1337,Precision@5,1.0,0.03734740000072634,ok
OwenSamplingSV,SOUM(n=8),8,128,1337,Precision@10,1.0,0.03734740000072634,ok
OwenSamplingSV,SOUM(n=8),8,128,1337,KendallTau,0.7857142857142856,0.03734740000072634,ok
OwenSamplingSV,SOUM(n=8),8,128,1337,L2_Norm_Error,0.04415970278085885,0.03734740000072634,ok
StratifiedSamplingSV,SOUM(n=8),8,128,1337,MSE,0.006411212297452918,0.036956399999326095,ok
StratifiedSamplingSV,SOUM(n=8),8,128,1337,MAE,0.06416125898333619,0.036956399999326095,ok
StratifiedSamplingSV,SOUM(n=8),8,128,1337,SSE,0.05770091067707626,0.036956399999326095,ok
StratifiedSamplingSV,SOUM(n=8),8,128,1337,SAE,0.5774513308500258,0.036956399999326095,ok
StratifiedSamplingSV,SOUM(n=8),8,128,1337,Precision@5,1.0,0.036956399999326095,ok
StratifiedSamplingSV,SOUM(n=8),8,128,1337,Precision@10,1.0,0.036956399999326095,ok
StratifiedSamplingSV,SOUM(n=8),8,128,1337,KendallTau,0.8571428571428571,0.036956399999326095,ok
StratifiedSamplingSV,SOUM(n=8),8,128,1337,L2_Norm_Error,0.021301681762419956,0.036956399999326095,ok
SVARM,SOUM(n=8),8,128,1337,MSE,0.0036951924249175733,0.016574300003412645,ok
SVARM,SOUM(n=8),8,128,1337,MAE,0.04350259825179317,0.016574300003412645,ok
SVARM,SOUM(n=8),8,128,1337,SSE,0.03325673182425816,0.016574300003412645,ok
SVARM,SOUM(n=8),8,128,1337,SAE,0.39152338426613853,0.016574300003412645,ok
SVARM,SOUM(n=8),8,128,1337,Precision@5,1.0,0.016574300003412645,ok
SVARM,SOUM(n=8),8,128,1337,Precision@10,1.0,0.016574300003412645,ok
SVARM,SOUM(n=8),8,128,1337,KendallTau,0.9999999999999998,0.016574300003412645,ok
SVARM,SOUM(n=8),8,128,1337,L2_Norm_Error,0.012277524036720933,0.016574300003412645,ok
UnbiasedKernelSHAP,SOUM(n=8),8,128,1337,MSE,0.005946324746228585,0.007772099997964688,ok
UnbiasedKernelSHAP,SOUM(n=8),8,128,1337,MAE,0.060609420911439234,0.007772099997964688,ok
UnbiasedKernelSHAP,SOUM(n=8),8,128,1337,SSE,0.053516922716057264,0.007772099997964688,ok
UnbiasedKernelSHAP,SOUM(n=8),8,128,1337,SAE,0.5454847882029531,0.007772099997964688,ok
UnbiasedKernelSHAP,SOUM(n=8),8,128,1337,Precision@5,1.0,0.007772099997964688,ok
UnbiasedKernelSHAP,SOUM(n=8),8,128,1337,Precision@10,1.0,0.007772099997964688,ok
UnbiasedKernelSHAP,SOUM(n=8),8,128,1337,KendallTau,0.9999999999999998,0.007772099997964688,ok
UnbiasedKernelSHAP,SOUM(n=8),8,128,1337,L2_Norm_Error,0.019757061772932828,0.007772099997964688,ok
PermutationSamplingSV,SOUM(n=8),8,128,1337,MSE,0.002631696828858751,0.0021774999986519106,ok
PermutationSamplingSV,SOUM(n=8),8,128,1337,MAE,0.04402907170726598,0.0021774999986519106,ok
PermutationSamplingSV,SOUM(n=8),8,128,1337,SSE,0.02368527145972876,0.0021774999986519106,ok
PermutationSamplingSV,SOUM(n=8),8,128,1337,SAE,0.3962616453653938,0.0021774999986519106,ok
PermutationSamplingSV,SOUM(n=8),8,128,1337,Precision@5,1.0,0.0021774999986519106,ok
PermutationSamplingSV,SOUM(n=8),8,128,1337,Precision@10,1.0,0.0021774999986519106,ok
PermutationSamplingSV,SOUM(n=8),8,128,1337,KendallTau,0.9999999999999998,0.0021774999986519106,ok
PermutationSamplingSV,SOUM(n=8),8,128,1337,L2_Norm_Error,0.008743988771950439,0.0021774999986519106,ok
KernelSHAP,SOUM(n=8),8,128,1337,MSE,0.0005656583515108656,0.007042500001261942,ok
KernelSHAP,SOUM(n=8),8,128,1337,MAE,0.0175564041395536,0.007042500001261942,ok
KernelSHAP,SOUM(n=8),8,128,1337,SSE,0.00509092516359779,0.007042500001261942,ok
KernelSHAP,SOUM(n=8),8,128,1337,SAE,0.15800763725598238,0.007042500001261942,ok
KernelSHAP,SOUM(n=8),8,128,1337,Precision@5,1.0,0.007042500001261942,ok
KernelSHAP,SOUM(n=8),8,128,1337,Precision@10,1.0,0.007042500001261942,ok
KernelSHAP,SOUM(n=8),8,128,1337,KendallTau,0.9285714285714285,0.007042500001261942,ok
KernelSHAP,SOUM(n=8),8,128,1337,L2_Norm_Error,0.0018794377149118312,0.007042500001261942,ok
LeverageSHAP,SOUM(n=8),8,128,1337,MSE,0.0006375636386088538,0.001306099999055732,ok
LeverageSHAP,SOUM(n=8),8,128,1337,MAE,0.020080213950055027,0.001306099999055732,ok
LeverageSHAP,SOUM(n=8),8,128,1337,SSE,0.005738072747479684,0.001306099999055732,ok
LeverageSHAP,SOUM(n=8),8,128,1337,SAE,0.18072192555049524,0.001306099999055732,ok
LeverageSHAP,SOUM(n=8),8,128,1337,Precision@5,1.0,0.001306099999055732,ok
LeverageSHAP,SOUM(n=8),8,128,1337,Precision@10,1.0,0.001306099999055732,ok
LeverageSHAP,SOUM(n=8),8,128,1337,KendallTau,0.9999999999999998,0.001306099999055732,ok
LeverageSHAP,SOUM(n=8),8,128,1337,L2_Norm_Error,0.002118347841691646,0.001306099999055732,ok
kADDSHAP,SOUM(n=8),8,128,1337,MSE,0.0005656620445654077,0.0070947999993222766,ok
kADDSHAP,SOUM(n=8),8,128,1337,MAE,0.017556421165739314,0.0070947999993222766,ok
kADDSHAP,SOUM(n=8),8,128,1337,SSE,0.005090958401088669,0.0070947999993222766,ok
kADDSHAP,SOUM(n=8),8,128,1337,SAE,0.15800779049165384,0.0070947999993222766,ok
kADDSHAP,SOUM(n=8),8,128,1337,Precision@5,1.0,0.0070947999993222766,ok
kADDSHAP,SOUM(n=8),8,128,1337,Precision@10,1.0,0.0070947999993222766,ok
kADDSHAP,SOUM(n=8),8,128,1337,KendallTau,0.9285714285714285,0.0070947999993222766,ok
kADDSHAP,SOUM(n=8),8,128,1337,L2_Norm_Error,0.0018794499853326087,0.0070947999993222766,ok
SPEX,SOUM(n=8),8,128,1337,_,,0.19503680000343593,skipped:refused_regime(ValueError)
RegressionMSR,SOUM(n=8),8,128,1337,MSE,0.001077408500779868,0.05123309999908088,ok
RegressionMSR,SOUM(n=8),8,128,1337,MAE,0.029401897166941464,0.05123309999908088,ok
RegressionMSR,SOUM(n=8),8,128,1337,SSE,0.009696676507018812,0.05123309999908088,ok
RegressionMSR,SOUM(n=8),8,128,1337,SAE,0.2646170745024732,0.05123309999908088,ok
RegressionMSR,SOUM(n=8),8,128,1337,Precision@5,1.0,0.05123309999908088,ok
RegressionMSR,SOUM(n=8),8,128,1337,Precision@10,1.0,0.05123309999908088,ok
RegressionMSR,SOUM(n=8),8,128,1337,KendallTau,0.9999999999999998,0.05123309999908088,ok
RegressionMSR,SOUM(n=8),8,128,1337,L2_Norm_Error,0.0035797618214665405,0.05123309999908088,ok
ProxySPEX,SOUM(n=8),8,128,1337,MSE,0.0465875195366553,1.5743463999970118,ok
ProxySPEX,SOUM(n=8),8,128,1337,MAE,0.13528508089276736,1.5743463999970118,ok
ProxySPEX,SOUM(n=8),8,128,1337,SSE,0.4192876758298977,1.5743463999970118,ok
ProxySPEX,SOUM(n=8),8,128,1337,SAE,1.2175657280349061,1.5743463999970118,ok
ProxySPEX,SOUM(n=8),8,128,1337,Precision@5,1.0,1.5743463999970118,ok
ProxySPEX,SOUM(n=8),8,128,1337,Precision@10,1.0,1.5743463999970118,ok
ProxySPEX,SOUM(n=8),8,128,1337,KendallTau,0.8693182879212226,1.5743463999970118,ok
ProxySPEX,SOUM(n=8),8,128,1337,L2_Norm_Error,0.028747970298316976,1.5743463999970118,ok
OddSHAP,SOUM(n=8),8,128,1337,MSE,0.0004717669018217172,0.019273900004918687,ok
OddSHAP,SOUM(n=8),8,128,1337,MAE,0.01930576518955955,0.019273900004918687,ok
OddSHAP,SOUM(n=8),8,128,1337,SSE,0.004245902116395455,0.019273900004918687,ok
OddSHAP,SOUM(n=8),8,128,1337,SAE,0.17375188670603595,0.019273900004918687,ok
OddSHAP,SOUM(n=8),8,128,1337,Precision@5,1.0,0.019273900004918687,ok
OddSHAP,SOUM(n=8),8,128,1337,Precision@10,1.0,0.019273900004918687,ok
OddSHAP,SOUM(n=8),8,128,1337,KendallTau,0.9999999999999998,0.019273900004918687,ok
OddSHAP,SOUM(n=8),8,128,1337,L2_Norm_Error,0.001567477092069082,0.019273900004918687,ok
ShaplEIG,SOUM(n=8),8,128,1337,_,,0.0,skipped:incompatible_constructor(ImportError)
PolySHAPKAdd,SOUM(n=8),8,128,1337,MSE,0.0005656590937014642,0.007199799998488743,ok
PolySHAPKAdd,SOUM(n=8),8,128,1337,MAE,0.0175564020374577,0.007199799998488743,ok
PolySHAPKAdd,SOUM(n=8),8,128,1337,SSE,0.005090931843313177,0.007199799998488743,ok
PolySHAPKAdd,SOUM(n=8),8,128,1337,SAE,0.1580076183371193,0.007199799998488743,ok
PolySHAPKAdd,SOUM(n=8),8,128,1337,Precision@5,1.0,0.007199799998488743,ok
PolySHAPKAdd,SOUM(n=8),8,128,1337,Precision@10,1.0,0.007199799998488743,ok
PolySHAPKAdd,SOUM(n=8),8,128,1337,KendallTau,0.9285714285714285,0.007199799998488743,ok
PolySHAPKAdd,SOUM(n=8),8,128,1337,L2_Norm_Error,0.001879440180889746,0.007199799998488743,ok
PolySHAPPartial,SOUM(n=8),8,128,1337,MSE,0.0005656590937014642,0.011582899998757057,ok
PolySHAPPartial,SOUM(n=8),8,128,1337,MAE,0.0175564020374577,0.011582899998757057,ok
PolySHAPPartial,SOUM(n=8),8,128,1337,SSE,0.005090931843313177,0.011582899998757057,ok
PolySHAPPartial,SOUM(n=8),8,128,1337,SAE,0.1580076183371193,0.011582899998757057,ok
PolySHAPPartial,SOUM(n=8),8,128,1337,Precision@5,1.0,0.011582899998757057,ok
PolySHAPPartial,SOUM(n=8),8,128,1337,Precision@10,1.0,0.011582899998757057,ok
PolySHAPPartial,SOUM(n=8),8,128,1337,KendallTau,0.9285714285714285,0.011582899998757057,ok
PolySHAPPartial,SOUM(n=8),8,128,1337,L2_Norm_Error,0.001879440180889746,0.011582899998757057,ok
OptimizedKernelSHAP,SOUM(n=8),8,128,1337,MSE,0.0008817038028287837,0.004813400002603885,ok
OptimizedKernelSHAP,SOUM(n=8),8,128,1337,MAE,0.025014710516489843,0.004813400002603885,ok
OptimizedKernelSHAP,SOUM(n=8),8,128,1337,SSE,0.007935334225459053,0.004813400002603885,ok
OptimizedKernelSHAP,SOUM(n=8),8,128,1337,SAE,0.2251323946484086,0.004813400002603885,ok
OptimizedKernelSHAP,SOUM(n=8),8,128,1337,Precision@5,1.0,0.004813400002603885,ok
OptimizedKernelSHAP,SOUM(n=8),8,128,1337,Precision@10,1.0,0.004813400002603885,ok
OptimizedKernelSHAP,SOUM(n=8),8,128,1337,KendallTau,0.9285714285714285,0.004813400002603885,ok
OptimizedKernelSHAP,SOUM(n=8),8,128,1337,L2_Norm_Error,0.002929519870062008,0.004813400002603885,ok
OwenSamplingSV,SOUM(n=8),8,256,1337,MSE,0.01080628167477301,0.07759770000120625,ok
OwenSamplingSV,SOUM(n=8),8,256,1337,MAE,0.06652476463707407,0.07759770000120625,ok
OwenSamplingSV,SOUM(n=8),8,256,1337,SSE,0.09725653507295708,0.07759770000120625,ok
OwenSamplingSV,SOUM(n=8),8,256,1337,SAE,0.5987228817336666,0.07759770000120625,ok
OwenSamplingSV,SOUM(n=8),8,256,1337,Precision@5,1.0,0.07759770000120625,ok
OwenSamplingSV,SOUM(n=8),8,256,1337,Precision@10,1.0,0.07759770000120625,ok
OwenSamplingSV,SOUM(n=8),8,256,1337,KendallTau,0.8571428571428571,0.07759770000120625,ok
OwenSamplingSV,SOUM(n=8),8,256,1337,L2_Norm_Error,0.03590459379461464,0.07759770000120625,ok
StratifiedSamplingSV,SOUM(n=8),8,256,1337,MSE,0.006057946929992613,0.10695090000081109,ok
StratifiedSamplingSV,SOUM(n=8),8,256,1337,MAE,0.05837437261099094,0.10695090000081109,ok
StratifiedSamplingSV,SOUM(n=8),8,256,1337,SSE,0.05452152236993352,0.10695090000081109,ok
StratifiedSamplingSV,SOUM(n=8),8,256,1337,SAE,0.5253693534989184,0.10695090000081109,ok
StratifiedSamplingSV,SOUM(n=8),8,256,1337,Precision@5,1.0,0.10695090000081109,ok
StratifiedSamplingSV,SOUM(n=8),8,256,1337,Precision@10,1.0,0.10695090000081109,ok
StratifiedSamplingSV,SOUM(n=8),8,256,1337,KendallTau,0.8571428571428571,0.10695090000081109,ok
StratifiedSamplingSV,SOUM(n=8),8,256,1337,L2_Norm_Error,0.020127933945908966,0.10695090000081109,ok
SVARM,SOUM(n=8),8,256,1337,MSE,9.977387073006097e-33,0.022165100002894178,ok
SVARM,SOUM(n=8),8,256,1337,MAE,7.015992725061753e-17,0.022165100002894178,ok
SVARM,SOUM(n=8),8,256,1337,SSE,8.979648365705487e-32,0.022165100002894178,ok
SVARM,SOUM(n=8),8,256,1337,SAE,6.314393452555578e-16,0.022165100002894178,ok
SVARM,SOUM(n=8),8,256,1337,Precision@5,1.0,0.022165100002894178,ok
SVARM,SOUM(n=8),8,256,1337,Precision@10,1.0,0.022165100002894178,ok
SVARM,SOUM(n=8),8,256,1337,KendallTau,0.9999999999999998,0.022165100002894178,ok
SVARM,SOUM(n=8),8,256,1337,L2_Norm_Error,3.3150536027967087e-32,0.022165100002894178,ok
UnbiasedKernelSHAP,SOUM(n=8),8,256,1337,MSE,9.977387073006097e-33,0.002054399999906309,ok
UnbiasedKernelSHAP,SOUM(n=8),8,256,1337,MAE,7.015992725061753e-17,0.002054399999906309,ok
UnbiasedKernelSHAP,SOUM(n=8),8,256,1337,SSE,8.979648365705487e-32,0.002054399999906309,ok
UnbiasedKernelSHAP,SOUM(n=8),8,256,1337,SAE,6.314393452555578e-16,0.002054399999906309,ok
UnbiasedKernelSHAP,SOUM(n=8),8,256,1337,Precision@5,1.0,0.002054399999906309,ok
UnbiasedKernelSHAP,SOUM(n=8),8,256,1337,Precision@10,1.0,0.002054399999906309,ok
UnbiasedKernelSHAP,SOUM(n=8),8,256,1337,KendallTau,0.9999999999999998,0.002054399999906309,ok
UnbiasedKernelSHAP,SOUM(n=8),8,256,1337,L2_Norm_Error,3.3150536027967087e-32,0.002054399999906309,ok
PermutationSamplingSV,SOUM(n=8),8,256,1337,MSE,0.002545450773645912,0.003756299993256107,ok
PermutationSamplingSV,SOUM(n=8),8,256,1337,MAE,0.03897899343081,0.003756299993256107,ok
PermutationSamplingSV,SOUM(n=8),8,256,1337,SSE,0.022909056962813208,0.003756299993256107,ok
PermutationSamplingSV,SOUM(n=8),8,256,1337,SAE,0.35081094087729003,0.003756299993256107,ok
PermutationSamplingSV,SOUM(n=8),8,256,1337,Precision@5,1.0,0.003756299993256107,ok
PermutationSamplingSV,SOUM(n=8),8,256,1337,Precision@10,1.0,0.003756299993256107,ok
PermutationSamplingSV,SOUM(n=8),8,256,1337,KendallTau,0.9999999999999998,0.003756299993256107,ok
PermutationSamplingSV,SOUM(n=8),8,256,1337,L2_Norm_Error,0.008457430483725,0.003756299993256107,ok
KernelSHAP,SOUM(n=8),8,256,1337,MSE,2.476327727560056e-16,0.00236389999918174,ok
KernelSHAP,SOUM(n=8),8,256,1337,MAE,1.2419551813666915e-08,0.00236389999918174,ok
KernelSHAP,SOUM(n=8),8,256,1337,SSE,2.2286949548040507e-15,0.00236389999918174,ok
KernelSHAP,SOUM(n=8),8,256,1337,SAE,1.1177596632300224e-07,0.00236389999918174,ok
KernelSHAP,SOUM(n=8),8,256,1337,Precision@5,1.0,0.00236389999918174,ok
KernelSHAP,SOUM(n=8),8,256,1337,Precision@10,1.0,0.00236389999918174,ok
KernelSHAP,SOUM(n=8),8,256,1337,KendallTau,0.9999999999999998,0.00236389999918174,ok
KernelSHAP,SOUM(n=8),8,256,1337,L2_Norm_Error,8.227764538837324e-16,0.00236389999918174,ok
LeverageSHAP,SOUM(n=8),8,256,1337,MSE,1.3266024798960725e-29,0.0017215999978361651,ok
LeverageSHAP,SOUM(n=8),8,256,1337,MAE,3.2096239246628657e-15,0.0017215999978361651,ok
LeverageSHAP,SOUM(n=8),8,256,1337,SSE,1.1939422319064652e-28,0.0017215999978361651,ok
LeverageSHAP,SOUM(n=8),8,256,1337,SAE,2.888661532196579e-14,0.0017215999978361651,ok
LeverageSHAP,SOUM(n=8),8,256,1337,Precision@5,1.0,0.0017215999978361651,ok
LeverageSHAP,SOUM(n=8),8,256,1337,Precision@10,1.0,0.0017215999978361651,ok
LeverageSHAP,SOUM(n=8),8,256,1337,KendallTau,0.9999999999999998,0.0017215999978361651,ok
LeverageSHAP,SOUM(n=8),8,256,1337,L2_Norm_Error,4.407725487925285e-29,0.0017215999978361651,ok
kADDSHAP,SOUM(n=8),8,256,1337,MSE,7.382676243282454e-16,0.0016825999991851859,ok
kADDSHAP,SOUM(n=8),8,256,1337,MAE,2.274291015082043e-08,0.0016825999991851859,ok
kADDSHAP,SOUM(n=8),8,256,1337,SSE,6.644408618954208e-15,0.0016825999991851859,ok
kADDSHAP,SOUM(n=8),8,256,1337,SAE,2.0468619135738386e-07,0.0016825999991851859,ok
kADDSHAP,SOUM(n=8),8,256,1337,Precision@5,1.0,0.0016825999991851859,ok
kADDSHAP,SOUM(n=8),8,256,1337,Precision@10,1.0,0.0016825999991851859,ok
kADDSHAP,SOUM(n=8),8,256,1337,KendallTau,0.9999999999999998,0.0016825999991851859,ok
kADDSHAP,SOUM(n=8),8,256,1337,L2_Norm_Error,2.4529435712471943e-15,0.0016825999991851859,ok
SPEX,SOUM(n=8),8,256,1337,_,,0.20561909999378258,skipped:refused_regime(ValueError)
RegressionMSR,SOUM(n=8),8,256,1337,MSE,2.9816644756606458e-15,0.05076839999674121,ok
RegressionMSR,SOUM(n=8),8,256,1337,MAE,4.586697867810704e-08,0.05076839999674121,ok
RegressionMSR,SOUM(n=8),8,256,1337,SSE,2.6834980280945813e-14,0.05076839999674121,ok
RegressionMSR,SOUM(n=8),8,256,1337,SAE,4.128028081029633e-07,0.05076839999674121,ok
RegressionMSR,SOUM(n=8),8,256,1337,Precision@5,1.0,0.05076839999674121,ok
RegressionMSR,SOUM(n=8),8,256,1337,Precision@10,1.0,0.05076839999674121,ok
RegressionMSR,SOUM(n=8),8,256,1337,KendallTau,0.9999999999999998,0.05076839999674121,ok
RegressionMSR,SOUM(n=8),8,256,1337,L2_Norm_Error,9.906779690959417e-15,0.05076839999674121,ok
ProxySPEX,SOUM(n=8),8,256,1337,MSE,0.04394155646149485,2.5375582999986364,ok
ProxySPEX,SOUM(n=8),8,256,1337,MAE,0.1184083262242109,2.5375582999986364,ok
ProxySPEX,SOUM(n=8),8,256,1337,SSE,0.3954740081534536,2.5375582999986364,ok
ProxySPEX,SOUM(n=8),8,256,1337,SAE,1.065674936017898,2.5375582999986364,ok
ProxySPEX,SOUM(n=8),8,256,1337,Precision@5,1.0,2.5375582999986364,ok
ProxySPEX,SOUM(n=8),8,256,1337,Precision@10,1.0,2.5375582999986364,ok
ProxySPEX,SOUM(n=8),8,256,1337,KendallTau,0.9092412093166348,2.5375582999986364,ok
ProxySPEX,SOUM(n=8),8,256,1337,L2_Norm_Error,0.01995658096863058,2.5375582999986364,ok
OddSHAP,SOUM(n=8),8,256,1337,MSE,1.6777524718313363e-31,0.021284500006004237,ok
OddSHAP,SOUM(n=8),8,256,1337,MAE,3.107082492527348e-16,0.021284500006004237,ok
OddSHAP,SOUM(n=8),8,256,1337,SSE,1.5099772246482026e-30,0.021284500006004237,ok
OddSHAP,SOUM(n=8),8,256,1337,SAE,2.796374243274613e-15,0.021284500006004237,ok
OddSHAP,SOUM(n=8),8,256,1337,Precision@5,1.0,0.021284500006004237,ok
OddSHAP,SOUM(n=8),8,256,1337,Precision@10,1.0,0.021284500006004237,ok
OddSHAP,SOUM(n=8),8,256,1337,KendallTau,0.9999999999999998,0.021284500006004237,ok
OddSHAP,SOUM(n=8),8,256,1337,L2_Norm_Error,5.574444827737672e-31,0.021284500006004237,ok
ShaplEIG,SOUM(n=8),8,256,1337,_,,0.0,skipped:incompatible_constructor(ImportError)
PolySHAPKAdd,SOUM(n=8),8,256,1337,MSE,2.386922675797925e-31,0.0019612999967648648,ok
PolySHAPKAdd,SOUM(n=8),8,256,1337,MAE,3.7392928259944506e-16,0.0019612999967648648,ok
PolySHAPKAdd,SOUM(n=8),8,256,1337,SSE,2.1482304082181326e-30,0.0019612999967648648,ok
PolySHAPKAdd,SOUM(n=8),8,256,1337,SAE,3.3653635433950058e-15,0.0019612999967648648,ok
PolySHAPKAdd,SOUM(n=8),8,256,1337,Precision@5,1.0,0.0019612999967648648,ok
PolySHAPKAdd,SOUM(n=8),8,256,1337,Precision@10,1.0,0.0019612999967648648,ok
PolySHAPKAdd,SOUM(n=8),8,256,1337,KendallTau,0.9999999999999998,0.0019612999967648648,ok
PolySHAPKAdd,SOUM(n=8),8,256,1337,L2_Norm_Error,7.930710273242936e-31,0.0019612999967648648,ok
PolySHAPPartial,SOUM(n=8),8,256,1337,MSE,2.386922675797925e-31,0.0014249000014388002,ok
PolySHAPPartial,SOUM(n=8),8,256,1337,MAE,3.7392928259944506e-16,0.0014249000014388002,ok
PolySHAPPartial,SOUM(n=8),8,256,1337,SSE,2.1482304082181326e-30,0.0014249000014388002,ok
PolySHAPPartial,SOUM(n=8),8,256,1337,SAE,3.3653635433950058e-15,0.0014249000014388002,ok
PolySHAPPartial,SOUM(n=8),8,256,1337,Precision@5,1.0,0.0014249000014388002,ok
PolySHAPPartial,SOUM(n=8),8,256,1337,Precision@10,1.0,0.0014249000014388002,ok
PolySHAPPartial,SOUM(n=8),8,256,1337,KendallTau,0.9999999999999998,0.0014249000014388002,ok
PolySHAPPartial,SOUM(n=8),8,256,1337,L2_Norm_Error,7.930710273242936e-31,0.0014249000014388002,ok
OptimizedKernelSHAP,SOUM(n=8),8,256,1337,MSE,2.476327727560056e-16,0.001688199998170603,ok
OptimizedKernelSHAP,SOUM(n=8),8,256,1337,MAE,1.2419551813666915e-08,0.001688199998170603,ok
OptimizedKernelSHAP,SOUM(n=8),8,256,1337,SSE,2.2286949548040507e-15,0.001688199998170603,ok
OptimizedKernelSHAP,SOUM(n=8),8,256,1337,SAE,1.1177596632300224e-07,0.001688199998170603,ok
OptimizedKernelSHAP,SOUM(n=8),8,256,1337,Precision@5,1.0,0.001688199998170603,ok
OptimizedKernelSHAP,SOUM(n=8),8,256,1337,Precision@10,1.0,0.001688199998170603,ok
OptimizedKernelSHAP,SOUM(n=8),8,256,1337,KendallTau,0.9999999999999998,0.001688199998170603,ok
OptimizedKernelSHAP,SOUM(n=8),8,256,1337,L2_Norm_Error,8.227764538837324e-16,0.001688199998170603,ok
OwenSamplingSV,SOUM(n=10),10,51,0,MSE,0.027669321979253578,0.01535909999802243,ok
OwenSamplingSV,SOUM(n=10),10,51,0,MAE,0.10033298158648062,0.01535909999802243,ok
OwenSamplingSV,SOUM(n=10),10,51,0,SSE,0.30436254177178934,0.01535909999802243,ok
OwenSamplingSV,SOUM(n=10),10,51,0,SAE,1.1036627974512867,0.01535909999802243,ok
OwenSamplingSV,SOUM(n=10),10,51,0,Precision@5,0.6,0.01535909999802243,ok
OwenSamplingSV,SOUM(n=10),10,51,0,Precision@10,1.0,0.01535909999802243,ok
OwenSamplingSV,SOUM(n=10),10,51,0,KendallTau,0.5443310539518174,0.01535909999802243,ok
OwenSamplingSV,SOUM(n=10),10,51,0,L2_Norm_Error,0.1406166562870058,0.01535909999802243,ok
StratifiedSamplingSV,SOUM(n=10),10,51,0,MSE,0.029050720456521774,0.015233700003591366,ok
StratifiedSamplingSV,SOUM(n=10),10,51,0,MAE,0.10461884747701088,0.015233700003591366,ok
StratifiedSamplingSV,SOUM(n=10),10,51,0,SSE,0.3195579250217395,0.015233700003591366,ok
StratifiedSamplingSV,SOUM(n=10),10,51,0,SAE,1.1508073222471196,0.015233700003591366,ok
StratifiedSamplingSV,SOUM(n=10),10,51,0,Precision@5,0.6,0.015233700003591366,ok
StratifiedSamplingSV,SOUM(n=10),10,51,0,Precision@10,1.0,0.015233700003591366,ok
StratifiedSamplingSV,SOUM(n=10),10,51,0,KendallTau,0.7620634755325442,0.015233700003591366,ok
StratifiedSamplingSV,SOUM(n=10),10,51,0,L2_Norm_Error,0.1476369813610738,0.015233700003591366,ok
SVARM,SOUM(n=10),10,51,0,MSE,0.03783147864234363,0.015666899998905137,ok
SVARM,SOUM(n=10),10,51,0,MAE,0.16408557459076772,0.015666899998905137,ok
SVARM,SOUM(n=10),10,51,0,SSE,0.41614626506577995,0.015666899998905137,ok
SVARM,SOUM(n=10),10,51,0,SAE,1.804941320498445,0.015666899998905137,ok
SVARM,SOUM(n=10),10,51,0,Precision@5,0.8,0.015666899998905137,ok
SVARM,SOUM(n=10),10,51,0,Precision@10,1.0,0.015666899998905137,ok
SVARM,SOUM(n=10),10,51,0,KendallTau,0.6444444444444444,0.015666899998905137,ok
SVARM,SOUM(n=10),10,51,0,L2_Norm_Error,0.19226116321420406,0.015666899998905137,ok
UnbiasedKernelSHAP,SOUM(n=10),10,51,0,MSE,0.06923612217494592,0.003962199996749405,ok
UnbiasedKernelSHAP,SOUM(n=10),10,51,0,MAE,0.20831719447946828,0.003962199996749405,ok
UnbiasedKernelSHAP,SOUM(n=10),10,51,0,SSE,0.761597343924405,0.003962199996749405,ok
UnbiasedKernelSHAP,SOUM(n=10),10,51,0,SAE,2.291489139274151,0.003962199996749405,ok
UnbiasedKernelSHAP,SOUM(n=10),10,51,0,Precision@5,0.8,0.003962199996749405,ok
UnbiasedKernelSHAP,SOUM(n=10),10,51,0,Precision@10,1.0,0.003962199996749405,ok
UnbiasedKernelSHAP,SOUM(n=10),10,51,0,KendallTau,0.4666666666666666,0.003962199996749405,ok
UnbiasedKernelSHAP,SOUM(n=10),10,51,0,L2_Norm_Error,0.35186088050221703,0.003962199996749405,ok
PermutationSamplingSV,SOUM(n=10),10,51,0,MSE,0.040891601713373124,0.0010935000027529895,ok
PermutationSamplingSV,SOUM(n=10),10,51,0,MAE,0.0970530889022275,0.0010935000027529895,ok
PermutationSamplingSV,SOUM(n=10),10,51,0,SSE,0.44980761884710435,0.0010935000027529895,ok
PermutationSamplingSV,SOUM(n=10),10,51,0,SAE,1.0675839779245024,0.0010935000027529895,ok
PermutationSamplingSV,SOUM(n=10),10,51,0,Precision@5,0.8,0.0010935000027529895,ok
PermutationSamplingSV,SOUM(n=10),10,51,0,Precision@10,1.0,0.0010935000027529895,ok
PermutationSamplingSV,SOUM(n=10),10,51,0,KendallTau,0.6922443782381184,0.0010935000027529895,ok
PermutationSamplingSV,SOUM(n=10),10,51,0,L2_Norm_Error,0.20781283717273227,0.0010935000027529895,ok
KernelSHAP,SOUM(n=10),10,51,0,MSE,0.003792981015924722,0.003931699997338001,ok
KernelSHAP,SOUM(n=10),10,51,0,MAE,0.05151345300921362,0.003931699997338001,ok
KernelSHAP,SOUM(n=10),10,51,0,SSE,0.04172279117517194,0.003931699997338001,ok
KernelSHAP,SOUM(n=10),10,51,0,SAE,0.5666479831013498,0.003931699997338001,ok
KernelSHAP,SOUM(n=10),10,51,0,Precision@5,1.0,0.003931699997338001,ok
KernelSHAP,SOUM(n=10),10,51,0,Precision@10,1.0,0.003931699997338001,ok
KernelSHAP,SOUM(n=10),10,51,0,KendallTau,0.8666666666666666,0.003931699997338001,ok
KernelSHAP,SOUM(n=10),10,51,0,L2_Norm_Error,0.01927608881125944,0.003931699997338001,ok
LeverageSHAP,SOUM(n=10),10,51,0,MSE,0.005611112404566847,0.0007772000026307069,ok
LeverageSHAP,SOUM(n=10),10,51,0,MAE,0.05336837850388261,0.0007772000026307069,ok
LeverageSHAP,SOUM(n=10),10,51,0,SSE,0.061722236450235314,0.0007772000026307069,ok
LeverageSHAP,SOUM(n=10),10,51,0,SAE,0.5870521635427087,0.0007772000026307069,ok
LeverageSHAP,SOUM(n=10),10,51,0,Precision@5,0.8,0.0007772000026307069,ok
LeverageSHAP,SOUM(n=10),10,51,0,Precision@10,1.0,0.0007772000026307069,ok
LeverageSHAP,SOUM(n=10),10,51,0,KendallTau,0.8666666666666666,0.0007772000026307069,ok
LeverageSHAP,SOUM(n=10),10,51,0,L2_Norm_Error,0.028515908881769275,0.0007772000026307069,ok
kADDSHAP,SOUM(n=10),10,51,0,MSE,0.003792975256407423,0.0034663999977055937,ok
kADDSHAP,SOUM(n=10),10,51,0,MAE,0.05151343904408321,0.0034663999977055937,ok
kADDSHAP,SOUM(n=10),10,51,0,SSE,0.041722727820481656,0.0034663999977055937,ok
kADDSHAP,SOUM(n=10),10,51,0,SAE,0.5666478294849153,0.0034663999977055937,ok
kADDSHAP,SOUM(n=10),10,51,0,Precision@5,1.0,0.0034663999977055937,ok
kADDSHAP,SOUM(n=10),10,51,0,Precision@10,1.0,0.0034663999977055937,ok
kADDSHAP,SOUM(n=10),10,51,0,KendallTau,0.8666666666666666,0.0034663999977055937,ok
kADDSHAP,SOUM(n=10),10,51,0,L2_Norm_Error,0.019276059541150647,0.0034663999977055937,ok
SPEX,SOUM(n=10),10,51,0,_,,0.22150220000185072,skipped:refused_regime(ValueError)
RegressionMSR,SOUM(n=10),10,51,0,MSE,0.006682367819370744,0.03501259999757167,ok
RegressionMSR,SOUM(n=10),10,51,0,MAE,0.05419273917888842,0.03501259999757167,ok
RegressionMSR,SOUM(n=10),10,51,0,SSE,0.07350604601307818,0.03501259999757167,ok
RegressionMSR,SOUM(n=10),10,51,0,SAE,0.5961201309677726,0.03501259999757167,ok
RegressionMSR,SOUM(n=10),10,51,0,Precision@5,1.0,0.03501259999757167,ok
RegressionMSR,SOUM(n=10),10,51,0,Precision@10,1.0,0.03501259999757167,ok
RegressionMSR,SOUM(n=10),10,51,0,KendallTau,0.7333333333333333,0.03501259999757167,ok
RegressionMSR,SOUM(n=10),10,51,0,L2_Norm_Error,0.03396007388776474,0.03501259999757167,ok
ProxySPEX,SOUM(n=10),10,51,0,MSE,0.18035777878326523,1.0959831000000122,ok
ProxySPEX,SOUM(n=10),10,51,0,MAE,0.21623759753417596,1.0959831000000122,ok
ProxySPEX,SOUM(n=10),10,51,0,SSE,1.9839355666159175,1.0959831000000122,ok
ProxySPEX,SOUM(n=10),10,51,0,SAE,2.3786135728759357,1.0959831000000122,ok
ProxySPEX,SOUM(n=10),10,51,0,Precision@5,0.6,1.0959831000000122,ok
ProxySPEX,SOUM(n=10),10,51,0,Precision@10,1.0,1.0959831000000122,ok
ProxySPEX,SOUM(n=10),10,51,0,KendallTau,0.3275692099413302,1.0959831000000122,ok
ProxySPEX,SOUM(n=10),10,51,0,L2_Norm_Error,0.14549896443255111,1.0959831000000122,ok
OddSHAP,SOUM(n=10),10,51,0,MSE,0.0030415497740534977,0.01342040000599809,ok
OddSHAP,SOUM(n=10),10,51,0,MAE,0.03315904876331555,0.01342040000599809,ok
OddSHAP,SOUM(n=10),10,51,0,SSE,0.03345704751458847,0.01342040000599809,ok
OddSHAP,SOUM(n=10),10,51,0,SAE,0.36474953639647106,0.01342040000599809,ok
OddSHAP,SOUM(n=10),10,51,0,Precision@5,0.8,0.01342040000599809,ok
OddSHAP,SOUM(n=10),10,51,0,Precision@10,1.0,0.01342040000599809,ok
OddSHAP,SOUM(n=10),10,51,0,KendallTau,0.8832083446486338,0.01342040000599809,ok
OddSHAP,SOUM(n=10),10,51,0,L2_Norm_Error,0.015457283683300377,0.01342040000599809,ok
ShaplEIG,SOUM(n=10),10,51,0,_,,0.0,skipped:incompatible_constructor(ImportError)
PolySHAPKAdd,SOUM(n=10),10,51,0,MSE,0.0037929745994197085,0.0037656000058632344,ok
PolySHAPKAdd,SOUM(n=10),10,51,0,MAE,0.051513435228903,0.0037656000058632344,ok
PolySHAPKAdd,SOUM(n=10),10,51,0,SSE,0.04172272059361679,0.0037656000058632344,ok
PolySHAPKAdd,SOUM(n=10),10,51,0,SAE,0.566647787517933,0.0037656000058632344,ok
PolySHAPKAdd,SOUM(n=10),10,51,0,Precision@5,1.0,0.0037656000058632344,ok
PolySHAPKAdd,SOUM(n=10),10,51,0,Precision@10,1.0,0.0037656000058632344,ok
PolySHAPKAdd,SOUM(n=10),10,51,0,KendallTau,0.8666666666666666,0.0037656000058632344,ok
PolySHAPKAdd,SOUM(n=10),10,51,0,L2_Norm_Error,0.019276056202311494,0.0037656000058632344,ok
PolySHAPPartial,SOUM(n=10),10,51,0,MSE,0.0037929745994197085,0.003243099999963306,ok
PolySHAPPartial,SOUM(n=10),10,51,0,MAE,0.051513435228903,0.003243099999963306,ok
PolySHAPPartial,SOUM(n=10),10,51,0,SSE,0.04172272059361679,0.003243099999963306,ok
PolySHAPPartial,SOUM(n=10),10,51,0,SAE,0.566647787517933,0.003243099999963306,ok
PolySHAPPartial,SOUM(n=10),10,51,0,Precision@5,1.0,0.003243099999963306,ok
PolySHAPPartial,SOUM(n=10),10,51,0,Precision@10,1.0,0.003243099999963306,ok
PolySHAPPartial,SOUM(n=10),10,51,0,KendallTau,0.8666666666666666,0.003243099999963306,ok
PolySHAPPartial,SOUM(n=10),10,51,0,L2_Norm_Error,0.019276056202311494,0.003243099999963306,ok
OptimizedKernelSHAP,SOUM(n=10),10,51,0,MSE,0.0045598076326724525,0.0026635000031092204,ok
OptimizedKernelSHAP,SOUM(n=10),10,51,0,MAE,0.04847691836165447,0.0026635000031092204,ok
OptimizedKernelSHAP,SOUM(n=10),10,51,0,SSE,0.05015788395939698,0.0026635000031092204,ok
OptimizedKernelSHAP,SOUM(n=10),10,51,0,SAE,0.5332461019781992,0.0026635000031092204,ok
OptimizedKernelSHAP,SOUM(n=10),10,51,0,Precision@5,1.0,0.0026635000031092204,ok
OptimizedKernelSHAP,SOUM(n=10),10,51,0,Precision@10,1.0,0.0026635000031092204,ok
OptimizedKernelSHAP,SOUM(n=10),10,51,0,KendallTau,0.6888888888888888,0.0026635000031092204,ok
OptimizedKernelSHAP,SOUM(n=10),10,51,0,L2_Norm_Error,0.02317313388087816,0.0026635000031092204,ok
OwenSamplingSV,SOUM(n=10),10,256,0,MSE,0.0022484491945760614,0.07643240000470541,ok
OwenSamplingSV,SOUM(n=10),10,256,0,MAE,0.02617614598688534,0.07643240000470541,ok
OwenSamplingSV,SOUM(n=10),10,256,0,SSE,0.024732941140336674,0.07643240000470541,ok
OwenSamplingSV,SOUM(n=10),10,256,0,SAE,0.28793760585573874,0.07643240000470541,ok
OwenSamplingSV,SOUM(n=10),10,256,0,Precision@5,1.0,0.07643240000470541,ok
OwenSamplingSV,SOUM(n=10),10,256,0,Precision@10,1.0,0.07643240000470541,ok
OwenSamplingSV,SOUM(n=10),10,256,0,KendallTau,0.7399853698407473,0.07643240000470541,ok
OwenSamplingSV,SOUM(n=10),10,256,0,L2_Norm_Error,0.01142671323169973,0.07643240000470541,ok
StratifiedSamplingSV,SOUM(n=10),10,256,0,MSE,0.001445683317844332,0.072241000001668,ok
StratifiedSamplingSV,SOUM(n=10),10,256,0,MAE,0.022545472357605567,0.072241000001668,ok
StratifiedSamplingSV,SOUM(n=10),10,256,0,SSE,0.015902516496287652,0.072241000001668,ok
StratifiedSamplingSV,SOUM(n=10),10,256,0,SAE,0.24800019593366124,0.072241000001668,ok
StratifiedSamplingSV,SOUM(n=10),10,256,0,Precision@5,0.8,0.072241000001668,ok
StratifiedSamplingSV,SOUM(n=10),10,256,0,Precision@10,1.0,0.072241000001668,ok
StratifiedSamplingSV,SOUM(n=10),10,256,0,KendallTau,0.835467353046005,0.072241000001668,ok
StratifiedSamplingSV,SOUM(n=10),10,256,0,L2_Norm_Error,0.007347023333553277,0.072241000001668,ok
SVARM,SOUM(n=10),10,256,0,MSE,0.002292344049022254,0.028256199999304954,ok
SVARM,SOUM(n=10),10,256,0,MAE,0.03703963536668036,0.028256199999304954,ok
SVARM,SOUM(n=10),10,256,0,SSE,0.025215784539244796,0.028256199999304954,ok
SVARM,SOUM(n=10),10,256,0,SAE,0.407435989033484,0.028256199999304954,ok
SVARM,SOUM(n=10),10,256,0,Precision@5,1.0,0.028256199999304954,ok
SVARM,SOUM(n=10),10,256,0,Precision@10,1.0,0.028256199999304954,ok
SVARM,SOUM(n=10),10,256,0,KendallTau,0.7333333333333333,0.028256199999304954,ok
SVARM,SOUM(n=10),10,256,0,L2_Norm_Error,0.011649788725383909,0.028256199999304954,ok
UnbiasedKernelSHAP,SOUM(n=10),10,256,0,MSE,0.023630146903431105,0.01460199999564793,ok
UnbiasedKernelSHAP,SOUM(n=10),10,256,0,MAE,0.11115390897191588,0.01460199999564793,ok
UnbiasedKernelSHAP,SOUM(n=10),10,256,0,SSE,0.25993161593774217,0.01460199999564793,ok
UnbiasedKernelSHAP,SOUM(n=10),10,256,0,SAE,1.2226929986910746,0.01460199999564793,ok
UnbiasedKernelSHAP,SOUM(n=10),10,256,0,Precision@5,0.8,0.01460199999564793,ok
UnbiasedKernelSHAP,SOUM(n=10),10,256,0,Precision@10,1.0,0.01460199999564793,ok
UnbiasedKernelSHAP,SOUM(n=10),10,256,0,KendallTau,0.7333333333333333,0.01460199999564793,ok
UnbiasedKernelSHAP,SOUM(n=10),10,256,0,L2_Norm_Error,0.12008939892429066,0.01460199999564793,ok
PermutationSamplingSV,SOUM(n=10),10,256,0,MSE,0.008068774528048217,0.0032817000028444454,ok
PermutationSamplingSV,SOUM(n=10),10,256,0,MAE,0.04630114138390193,0.0032817000028444454,ok
PermutationSamplingSV,SOUM(n=10),10,256,0,SSE,0.08875651980853039,0.0032817000028444454,ok
PermutationSamplingSV,SOUM(n=10),10,256,0,SAE,0.5093125552229212,0.0032817000028444454,ok
PermutationSamplingSV,SOUM(n=10),10,256,0,Precision@5,0.8,0.0032817000028444454,ok
PermutationSamplingSV,SOUM(n=10),10,256,0,Precision@10,1.0,0.0032817000028444454,ok
PermutationSamplingSV,SOUM(n=10),10,256,0,KendallTau,0.7399853698407473,0.0032817000028444454,ok
PermutationSamplingSV,SOUM(n=10),10,256,0,L2_Norm_Error,0.04100585100417814,0.0032817000028444454,ok
KernelSHAP,SOUM(n=10),10,256,0,MSE,0.000493200374674199,0.013686099999176804,ok
KernelSHAP,SOUM(n=10),10,256,0,MAE,0.01783707951284734,0.013686099999176804,ok
KernelSHAP,SOUM(n=10),10,256,0,SSE,0.005425204121416189,0.013686099999176804,ok
KernelSHAP,SOUM(n=10),10,256,0,SAE,0.19620787464132075,0.013686099999176804,ok
KernelSHAP,SOUM(n=10),10,256,0,Precision@5,1.0,0.013686099999176804,ok
KernelSHAP,SOUM(n=10),10,256,0,Precision@10,1.0,0.013686099999176804,ok
KernelSHAP,SOUM(n=10),10,256,0,KendallTau,0.7333333333333333,0.013686099999176804,ok
KernelSHAP,SOUM(n=10),10,256,0,L2_Norm_Error,0.002506465016316067,0.013686099999176804,ok
LeverageSHAP,SOUM(n=10),10,256,0,MSE,0.00029843126111833576,0.0018064999967464246,ok
LeverageSHAP,SOUM(n=10),10,256,0,MAE,0.01389422842719964,0.0018064999967464246,ok
LeverageSHAP,SOUM(n=10),10,256,0,SSE,0.0032827438723016934,0.0018064999967464246,ok
LeverageSHAP,SOUM(n=10),10,256,0,SAE,0.15283651269919604,0.0018064999967464246,ok
LeverageSHAP,SOUM(n=10),10,256,0,Precision@5,0.8,0.0018064999967464246,ok
LeverageSHAP,SOUM(n=10),10,256,0,Precision@10,1.0,0.0018064999967464246,ok
LeverageSHAP,SOUM(n=10),10,256,0,KendallTau,0.8222222222222221,0.0018064999967464246,ok
LeverageSHAP,SOUM(n=10),10,256,0,L2_Norm_Error,0.00151664020178881,0.0018064999967464246,ok
kADDSHAP,SOUM(n=10),10,256,0,MSE,0.0004932030657104716,0.014219999997294508,ok
kADDSHAP,SOUM(n=10),10,256,0,MAE,0.01783712644666987,0.014219999997294508,ok
kADDSHAP,SOUM(n=10),10,256,0,SSE,0.005425233722815187,0.014219999997294508,ok
kADDSHAP,SOUM(n=10),10,256,0,SAE,0.19620839091336856,0.014219999997294508,ok
kADDSHAP,SOUM(n=10),10,256,0,Precision@5,1.0,0.014219999997294508,ok
kADDSHAP,SOUM(n=10),10,256,0,Precision@10,1.0,0.014219999997294508,ok
kADDSHAP,SOUM(n=10),10,256,0,KendallTau,0.7333333333333333,0.014219999997294508,ok
kADDSHAP,SOUM(n=10),10,256,0,L2_Norm_Error,0.0025064786922754153,0.014219999997294508,ok
SPEX,SOUM(n=10),10,256,0,_,,0.19243809999898076,skipped:refused_regime(ValueError)
RegressionMSR,SOUM(n=10),10,256,0,MSE,6.183575836603689e-06,0.056563999998616055,ok
RegressionMSR,SOUM(n=10),10,256,0,MAE,0.0019136582177524722,0.056563999998616055,ok
RegressionMSR,SOUM(n=10),10,256,0,SSE,6.801933420264058e-05,0.056563999998616055,ok
RegressionMSR,SOUM(n=10),10,256,0,SAE,0.021050240395277194,0.056563999998616055,ok
RegressionMSR,SOUM(n=10),10,256,0,Precision@5,1.0,0.056563999998616055,ok
RegressionMSR,SOUM(n=10),10,256,0,Precision@10,1.0,0.056563999998616055,ok
RegressionMSR,SOUM(n=10),10,256,0,KendallTau,0.9555555555555554,0.056563999998616055,ok
RegressionMSR,SOUM(n=10),10,256,0,L2_Norm_Error,3.142519208429811e-05,0.056563999998616055,ok
ProxySPEX,SOUM(n=10),10,256,0,MSE,0.15721979762449048,2.2915898999999627,ok
ProxySPEX,SOUM(n=10),10,256,0,MAE,0.15763029675064047,2.2915898999999627,ok
ProxySPEX,SOUM(n=10),10,256,0,SSE,1.7294177738693952,2.2915898999999627,ok
ProxySPEX,SOUM(n=10),10,256,0,SAE,1.733933264257045,2.2915898999999627,ok
ProxySPEX,SOUM(n=10),10,256,0,Precision@5,0.8,2.2915898999999627,ok
ProxySPEX,SOUM(n=10),10,256,0,Precision@10,1.0,2.2915898999999627,ok
ProxySPEX,SOUM(n=10),10,256,0,KendallTau,0.6647029903343876,2.2915898999999627,ok
ProxySPEX,SOUM(n=10),10,256,0,L2_Norm_Error,0.027910772491375822,2.2915898999999627,ok
OddSHAP,SOUM(n=10),10,256,0,MSE,1.6088537871087195e-30,0.028928200001246296,ok
OddSHAP,SOUM(n=10),10,256,0,MAE,9.617727489839899e-16,0.028928200001246296,ok
OddSHAP,SOUM(n=10),10,256,0,SSE,1.7697391658195914e-29,0.028928200001246296,ok
OddSHAP,SOUM(n=10),10,256,0,SAE,1.0579500238823888e-14,0.028928200001246296,ok
OddSHAP,SOUM(n=10),10,256,0,Precision@5,1.0,0.028928200001246296,ok
OddSHAP,SOUM(n=10),10,256,0,Precision@10,1.0,0.028928200001246296,ok
OddSHAP,SOUM(n=10),10,256,0,KendallTau,0.8222222222222221,0.028928200001246296,ok
OddSHAP,SOUM(n=10),10,256,0,L2_Norm_Error,8.176262510788757e-30,0.028928200001246296,ok
ShaplEIG,SOUM(n=10),10,256,0,_,,0.0,skipped:incompatible_constructor(ImportError)
PolySHAPKAdd,SOUM(n=10),10,256,0,MSE,0.000493202046324981,0.013479899993399158,ok
PolySHAPKAdd,SOUM(n=10),10,256,0,MAE,0.01783709365995468,0.013479899993399158,ok
PolySHAPKAdd,SOUM(n=10),10,256,0,SSE,0.005425222509574792,0.013479899993399158,ok
PolySHAPKAdd,SOUM(n=10),10,256,0,SAE,0.19620803025950148,0.013479899993399158,ok
PolySHAPKAdd,SOUM(n=10),10,256,0,Precision@5,1.0,0.013479899993399158,ok
PolySHAPKAdd,SOUM(n=10),10,256,0,Precision@10,1.0,0.013479899993399158,ok
PolySHAPKAdd,SOUM(n=10),10,256,0,KendallTau,0.7333333333333333,0.013479899993399158,ok
PolySHAPKAdd,SOUM(n=10),10,256,0,L2_Norm_Error,0.002506473511715543,0.013479899993399158,ok
PolySHAPPartial,SOUM(n=10),10,256,0,MSE,0.000493202046324981,0.014000799994391855,ok
PolySHAPPartial,SOUM(n=10),10,256,0,MAE,0.01783709365995468,0.014000799994391855,ok
PolySHAPPartial,SOUM(n=10),10,256,0,SSE,0.005425222509574792,0.014000799994391855,ok
PolySHAPPartial,SOUM(n=10),10,256,0,SAE,0.19620803025950148,0.014000799994391855,ok
PolySHAPPartial,SOUM(n=10),10,256,0,Precision@5,1.0,0.014000799994391855,ok
PolySHAPPartial,SOUM(n=10),10,256,0,Precision@10,1.0,0.014000799994391855,ok
PolySHAPPartial,SOUM(n=10),10,256,0,KendallTau,0.7333333333333333,0.014000799994391855,ok
PolySHAPPartial,SOUM(n=10),10,256,0,L2_Norm_Error,0.002506473511715543,0.014000799994391855,ok
OptimizedKernelSHAP,SOUM(n=10),10,256,0,MSE,0.0002324064911994934,0.007818599995516706,ok
OptimizedKernelSHAP,SOUM(n=10),10,256,0,MAE,0.011568983591670967,0.007818599995516706,ok
OptimizedKernelSHAP,SOUM(n=10),10,256,0,SSE,0.0025564714031944273,0.007818599995516706,ok
OptimizedKernelSHAP,SOUM(n=10),10,256,0,SAE,0.12725881950838064,0.007818599995516706,ok
OptimizedKernelSHAP,SOUM(n=10),10,256,0,Precision@5,1.0,0.007818599995516706,ok
OptimizedKernelSHAP,SOUM(n=10),10,256,0,Precision@10,1.0,0.007818599995516706,ok
OptimizedKernelSHAP,SOUM(n=10),10,256,0,KendallTau,0.9555555555555554,0.007818599995516706,ok
OptimizedKernelSHAP,SOUM(n=10),10,256,0,L2_Norm_Error,0.0011810995483146204,0.007818599995516706,ok
OwenSamplingSV,SOUM(n=10),10,512,0,MSE,0.00012151411746236873,0.15340200000355253,ok
OwenSamplingSV,SOUM(n=10),10,512,0,MAE,0.006435395103445148,0.15340200000355253,ok
OwenSamplingSV,SOUM(n=10),10,512,0,SSE,0.001336655292086056,0.15340200000355253,ok
OwenSamplingSV,SOUM(n=10),10,512,0,SAE,0.07078934613789663,0.15340200000355253,ok
OwenSamplingSV,SOUM(n=10),10,512,0,Precision@5,0.8,0.15340200000355253,ok
OwenSamplingSV,SOUM(n=10),10,512,0,Precision@10,1.0,0.15340200000355253,ok
OwenSamplingSV,SOUM(n=10),10,512,0,KendallTau,0.8832083446486338,0.15340200000355253,ok
OwenSamplingSV,SOUM(n=10),10,512,0,L2_Norm_Error,0.0006175398479961488,0.15340200000355253,ok
StratifiedSamplingSV,SOUM(n=10),10,512,0,MSE,0.00030987935089060064,0.1519138000003295,ok
StratifiedSamplingSV,SOUM(n=10),10,512,0,MAE,0.010450548291256816,0.1519138000003295,ok
StratifiedSamplingSV,SOUM(n=10),10,512,0,SSE,0.003408672859796607,0.1519138000003295,ok
StratifiedSamplingSV,SOUM(n=10),10,512,0,SAE,0.11495603120382497,0.1519138000003295,ok
StratifiedSamplingSV,SOUM(n=10),10,512,0,Precision@5,0.8,0.1519138000003295,ok
StratifiedSamplingSV,SOUM(n=10),10,512,0,Precision@10,1.0,0.1519138000003295,ok
StratifiedSamplingSV,SOUM(n=10),10,512,0,KendallTau,0.8832083446486338,0.1519138000003295,ok
StratifiedSamplingSV,SOUM(n=10),10,512,0,L2_Norm_Error,0.0015748198747803047,0.1519138000003295,ok
SVARM,SOUM(n=10),10,512,0,MSE,0.0009518181368520656,0.04536029999871971,ok
SVARM,SOUM(n=10),10,512,0,MAE,0.02375923138125573,0.04536029999871971,ok
SVARM,SOUM(n=10),10,512,0,SSE,0.010469999505372722,0.04536029999871971,ok
SVARM,SOUM(n=10),10,512,0,SAE,0.26135154519381304,0.04536029999871971,ok
SVARM,SOUM(n=10),10,512,0,Precision@5,1.0,0.04536029999871971,ok
SVARM,SOUM(n=10),10,512,0,Precision@10,1.0,0.04536029999871971,ok
SVARM,SOUM(n=10),10,512,0,KendallTau,0.8222222222222221,0.04536029999871971,ok
SVARM,SOUM(n=10),10,512,0,L2_Norm_Error,0.004837179743609885,0.04536029999871971,ok
UnbiasedKernelSHAP,SOUM(n=10),10,512,0,MSE,0.0032795801756105372,0.024786000001768116,ok
UnbiasedKernelSHAP,SOUM(n=10),10,512,0,MAE,0.0422229879650583,0.024786000001768116,ok
UnbiasedKernelSHAP,SOUM(n=10),10,512,0,SSE,0.03607538193171591,0.024786000001768116,ok
UnbiasedKernelSHAP,SOUM(n=10),10,512,0,SAE,0.4644528676156413,0.024786000001768116,ok
UnbiasedKernelSHAP,SOUM(n=10),10,512,0,Precision@5,0.8,0.024786000001768116,ok
UnbiasedKernelSHAP,SOUM(n=10),10,512,0,Precision@10,1.0,0.024786000001768116,ok
UnbiasedKernelSHAP,SOUM(n=10),10,512,0,KendallTau,0.5555555555555555,0.024786000001768116,ok
UnbiasedKernelSHAP,SOUM(n=10),10,512,0,L2_Norm_Error,0.01666696418023126,0.024786000001768116,ok
PermutationSamplingSV,SOUM(n=10),10,512,0,MSE,0.002527763041828014,0.005855399998836219,ok
PermutationSamplingSV,SOUM(n=10),10,512,0,MAE,0.02636563299515393,0.005855399998836219,ok
PermutationSamplingSV,SOUM(n=10),10,512,0,SSE,0.02780539346010815,0.005855399998836219,ok
PermutationSamplingSV,SOUM(n=10),10,512,0,SAE,0.29002196294669325,0.005855399998836219,ok
PermutationSamplingSV,SOUM(n=10),10,512,0,Precision@5,1.0,0.005855399998836219,ok
PermutationSamplingSV,SOUM(n=10),10,512,0,Precision@10,1.0,0.005855399998836219,ok
PermutationSamplingSV,SOUM(n=10),10,512,0,KendallTau,0.7399853698407473,0.005855399998836219,ok
PermutationSamplingSV,SOUM(n=10),10,512,0,L2_Norm_Error,0.01284619793337324,0.005855399998836219,ok
KernelSHAP,SOUM(n=10),10,512,0,MSE,0.0002440103137868529,0.024093600004562177,ok
KernelSHAP,SOUM(n=10),10,512,0,MAE,0.01382540306839653,0.024093600004562177,ok
KernelSHAP,SOUM(n=10),10,512,0,SSE,0.002684113451655382,0.024093600004562177,ok
KernelSHAP,SOUM(n=10),10,512,0,SAE,0.15207943375236183,0.024093600004562177,ok
KernelSHAP,SOUM(n=10),10,512,0,Precision@5,1.0,0.024093600004562177,ok
KernelSHAP,SOUM(n=10),10,512,0,Precision@10,1.0,0.024093600004562177,ok
KernelSHAP,SOUM(n=10),10,512,0,KendallTau,0.8666666666666666,0.024093600004562177,ok
KernelSHAP,SOUM(n=10),10,512,0,L2_Norm_Error,0.0012400706620125119,0.024093600004562177,ok
LeverageSHAP,SOUM(n=10),10,512,0,MSE,3.5519038290046565e-05,0.0032293000040226616,ok
LeverageSHAP,SOUM(n=10),10,512,0,MAE,0.003862197267349843,0.0032293000040226616,ok
LeverageSHAP,SOUM(n=10),10,512,0,SSE,0.00039070942119051225,0.0032293000040226616,ok
LeverageSHAP,SOUM(n=10),10,512,0,SAE,0.042484169940848276,0.0032293000040226616,ok
LeverageSHAP,SOUM(n=10),10,512,0,Precision@5,1.0,0.0032293000040226616,ok
LeverageSHAP,SOUM(n=10),10,512,0,Precision@10,1.0,0.0032293000040226616,ok
LeverageSHAP,SOUM(n=10),10,512,0,KendallTau,0.8666666666666666,0.0032293000040226616,ok
LeverageSHAP,SOUM(n=10),10,512,0,L2_Norm_Error,0.00018050924423162223,0.0032293000040226616,ok
kADDSHAP,SOUM(n=10),10,512,0,MSE,0.00024400986643427716,0.024341300006199162,ok
kADDSHAP,SOUM(n=10),10,512,0,MAE,0.01382540565500146,0.024341300006199162,ok
kADDSHAP,SOUM(n=10),10,512,0,SSE,0.0026841085307770488,0.024341300006199162,ok
kADDSHAP,SOUM(n=10),10,512,0,SAE,0.15207946220501606,0.024341300006199162,ok
kADDSHAP,SOUM(n=10),10,512,0,Precision@5,1.0,0.024341300006199162,ok
kADDSHAP,SOUM(n=10),10,512,0,Precision@10,1.0,0.024341300006199162,ok
kADDSHAP,SOUM(n=10),10,512,0,KendallTau,0.8666666666666666,0.024341300006199162,ok
kADDSHAP,SOUM(n=10),10,512,0,L2_Norm_Error,0.001240068388547935,0.024341300006199162,ok
SPEX,SOUM(n=10),10,512,0,MSE,0.15172775871464114,3.5951840999987326,ok
SPEX,SOUM(n=10),10,512,0,MAE,0.11744870132206583,3.5951840999987326,ok
SPEX,SOUM(n=10),10,512,0,SSE,1.6690053458610525,3.5951840999987326,ok
SPEX,SOUM(n=10),10,512,0,SAE,1.2919357145427242,3.5951840999987326,ok
SPEX,SOUM(n=10),10,512,0,Precision@5,1.0,3.5951840999987326,ok
SPEX,SOUM(n=10),10,512,0,Precision@10,1.0,3.5951840999987326,ok
SPEX,SOUM(n=10),10,512,0,KendallTau,0.9309493362512627,3.5951840999987326,ok
SPEX,SOUM(n=10),10,512,0,L2_Norm_Error,1.1031794357717167e-10,3.5951840999987326,ok
RegressionMSR,SOUM(n=10),10,512,0,MSE,8.731147459172647e-11,0.07417429999622982,ok
RegressionMSR,SOUM(n=10),10,512,0,MAE,7.332094492431444e-06,0.07417429999622982,ok
RegressionMSR,SOUM(n=10),10,512,0,SSE,9.604262205089912e-10,0.07417429999622982,ok
RegressionMSR,SOUM(n=10),10,512,0,SAE,8.065303941674588e-05,0.07417429999622982,ok
RegressionMSR,SOUM(n=10),10,512,0,Precision@5,1.0,0.07417429999622982,ok
RegressionMSR,SOUM(n=10),10,512,0,Precision@10,1.0,0.07417429999622982,ok
RegressionMSR,SOUM(n=10),10,512,0,KendallTau,0.8666666666666666,0.07417429999622982,ok
RegressionMSR,SOUM(n=10),10,512,0,L2_Norm_Error,4.4372058056869106e-10,0.07417429999622982,ok
ProxySPEX,SOUM(n=10),10,512,0,MSE,0.1572661446416796,3.4852383000034024,ok
ProxySPEX,SOUM(n=10),10,512,0,MAE,0.15782754004110638,3.4852383000034024,ok
ProxySPEX,SOUM(n=10),10,512,0,SSE,1.7299275910584755,3.4852383000034024,ok
ProxySPEX,SOUM(n=10),10,512,0,SAE,1.7361029404521702,3.4852383000034024,ok
ProxySPEX,SOUM(n=10),10,512,0,Precision@5,0.8,3.4852383000034024,ok
ProxySPEX,SOUM(n=10),10,512,0,Precision@10,1.0,3.4852383000034024,ok
ProxySPEX,SOUM(n=10),10,512,0,KendallTau,0.6647029903343876,3.4852383000034024,ok
ProxySPEX,SOUM(n=10),10,512,0,L2_Norm_Error,0.028146309979099494,3.4852383000034024,ok
OddSHAP,SOUM(n=10),10,512,0,MSE,6.71919508958899e-31,0.060067399994295556,ok
OddSHAP,SOUM(n=10),10,512,0,MAE,5.66676335485757e-16,0.060067399994295556,ok
OddSHAP,SOUM(n=10),10,512,0,SSE,7.39111459854789e-30,0.060067399994295556,ok
OddSHAP,SOUM(n=10),10,512,0,SAE,6.233439690343327e-15,0.060067399994295556,ok
OddSHAP,SOUM(n=10),10,512,0,Precision@5,1.0,0.060067399994295556,ok
OddSHAP,SOUM(n=10),10,512,0,Precision@10,1.0,0.060067399994295556,ok
OddSHAP,SOUM(n=10),10,512,0,KendallTau,0.8222222222222221,0.060067399994295556,ok
OddSHAP,SOUM(n=10),10,512,0,L2_Norm_Error,3.4147231621595395e-30,0.060067399994295556,ok
ShaplEIG,SOUM(n=10),10,512,0,_,,0.0,skipped:incompatible_constructor(ImportError)
PolySHAPKAdd,SOUM(n=10),10,512,0,MSE,0.0002440086936685385,0.024077699999907054,ok
PolySHAPKAdd,SOUM(n=10),10,512,0,MAE,0.013825359402048291,0.024077699999907054,ok
PolySHAPKAdd,SOUM(n=10),10,512,0,SSE,0.0026840956303539236,0.024077699999907054,ok
PolySHAPKAdd,SOUM(n=10),10,512,0,SAE,0.1520789534225312,0.024077699999907054,ok
PolySHAPKAdd,SOUM(n=10),10,512,0,Precision@5,1.0,0.024077699999907054,ok
PolySHAPKAdd,SOUM(n=10),10,512,0,Precision@10,1.0,0.024077699999907054,ok
PolySHAPKAdd,SOUM(n=10),10,512,0,KendallTau,0.8666666666666666,0.024077699999907054,ok
PolySHAPKAdd,SOUM(n=10),10,512,0,L2_Norm_Error,0.0012400624285032003,0.024077699999907054,ok
PolySHAPPartial,SOUM(n=10),10,512,0,MSE,0.0002440086936685385,0.023578699998324737,ok
PolySHAPPartial,SOUM(n=10),10,512,0,MAE,0.013825359402048291,0.023578699998324737,ok
PolySHAPPartial,SOUM(n=10),10,512,0,SSE,0.0026840956303539236,0.023578699998324737,ok
PolySHAPPartial,SOUM(n=10),10,512,0,SAE,0.1520789534225312,0.023578699998324737,ok
PolySHAPPartial,SOUM(n=10),10,512,0,Precision@5,1.0,0.023578699998324737,ok
PolySHAPPartial,SOUM(n=10),10,512,0,Precision@10,1.0,0.023578699998324737,ok
PolySHAPPartial,SOUM(n=10),10,512,0,KendallTau,0.8666666666666666,0.023578699998324737,ok
PolySHAPPartial,SOUM(n=10),10,512,0,L2_Norm_Error,0.0012400624285032003,0.023578699998324737,ok
OptimizedKernelSHAP,SOUM(n=10),10,512,0,MSE,6.099089296661266e-05,0.01545619999524206,ok
OptimizedKernelSHAP,SOUM(n=10),10,512,0,MAE,0.006008719011213256,0.01545619999524206,ok
OptimizedKernelSHAP,SOUM(n=10),10,512,0,SSE,0.0006708998226327392,0.01545619999524206,ok
OptimizedKernelSHAP,SOUM(n=10),10,512,0,SAE,0.06609590912334581,0.01545619999524206,ok
OptimizedKernelSHAP,SOUM(n=10),10,512,0,Precision@5,1.0,0.01545619999524206,ok
OptimizedKernelSHAP,SOUM(n=10),10,512,0,Precision@10,1.0,0.01545619999524206,ok
OptimizedKernelSHAP,SOUM(n=10),10,512,0,KendallTau,0.8222222222222221,0.01545619999524206,ok
OptimizedKernelSHAP,SOUM(n=10),10,512,0,L2_Norm_Error,0.00030995827940251874,0.01545619999524206,ok
OwenSamplingSV,SOUM(n=10),10,1024,0,MSE,0.00036001119268876895,0.3208329999979469,ok
OwenSamplingSV,SOUM(n=10),10,1024,0,MAE,0.009067344381352033,0.3208329999979469,ok
OwenSamplingSV,SOUM(n=10),10,1024,0,SSE,0.003960123119576458,0.3208329999979469,ok
OwenSamplingSV,SOUM(n=10),10,1024,0,SAE,0.09974078819487237,0.3208329999979469,ok
OwenSamplingSV,SOUM(n=10),10,1024,0,Precision@5,0.8,0.3208329999979469,ok
OwenSamplingSV,SOUM(n=10),10,1024,0,Precision@10,1.0,0.3208329999979469,ok
OwenSamplingSV,SOUM(n=10),10,1024,0,KendallTau,0.8832083446486338,0.3208329999979469,ok
OwenSamplingSV,SOUM(n=10),10,1024,0,L2_Norm_Error,0.0018295920001129456,0.3208329999979469,ok
StratifiedSamplingSV,SOUM(n=10),10,1024,0,MSE,0.0002023492445202272,0.3214410000000498,ok
StratifiedSamplingSV,SOUM(n=10),10,1024,0,MAE,0.007599133008703754,0.3214410000000498,ok
StratifiedSamplingSV,SOUM(n=10),10,1024,0,SSE,0.0022258416897224993,0.3214410000000498,ok
StratifiedSamplingSV,SOUM(n=10),10,1024,0,SAE,0.0835904630957413,0.3214410000000498,ok
StratifiedSamplingSV,SOUM(n=10),10,1024,0,Precision@5,0.8,0.3214410000000498,ok
StratifiedSamplingSV,SOUM(n=10),10,1024,0,Precision@10,1.0,0.3214410000000498,ok
StratifiedSamplingSV,SOUM(n=10),10,1024,0,KendallTau,0.8832083446486338,0.3214410000000498,ok
StratifiedSamplingSV,SOUM(n=10),10,1024,0,L2_Norm_Error,0.0010283473584199356,0.3214410000000498,ok
SVARM,SOUM(n=10),10,1024,0,MSE,7.149752291727015e-31,0.026707299999543466,ok
SVARM,SOUM(n=10),10,1024,0,MAE,5.096932976688219e-16,0.026707299999543466,ok
SVARM,SOUM(n=10),10,1024,0,SSE,7.864727520899716e-30,0.026707299999543466,ok
SVARM,SOUM(n=10),10,1024,0,SAE,5.6066262743570405e-15,0.026707299999543466,ok
SVARM,SOUM(n=10),10,1024,0,Precision@5,1.0,0.026707299999543466,ok
SVARM,SOUM(n=10),10,1024,0,Precision@10,1.0,0.026707299999543466,ok
SVARM,SOUM(n=10),10,1024,0,KendallTau,0.911111111111111,0.026707299999543466,ok
SVARM,SOUM(n=10),10,1024,0,L2_Norm_Error,3.633534140434804e-30,0.026707299999543466,ok
UnbiasedKernelSHAP,SOUM(n=10),10,1024,0,MSE,7.149752291727015e-31,0.005504000000655651,ok
UnbiasedKernelSHAP,SOUM(n=10),10,1024,0,MAE,5.096932976688219e-16,0.005504000000655651,ok
UnbiasedKernelSHAP,SOUM(n=10),10,1024,0,SSE,7.864727520899716e-30,0.005504000000655651,ok
UnbiasedKernelSHAP,SOUM(n=10),10,1024,0,SAE,5.6066262743570405e-15,0.005504000000655651,ok
UnbiasedKernelSHAP,SOUM(n=10),10,1024,0,Precision@5,1.0,0.005504000000655651,ok
UnbiasedKernelSHAP,SOUM(n=10),10,1024,0,Precision@10,1.0,0.005504000000655651,ok
UnbiasedKernelSHAP,SOUM(n=10),10,1024,0,KendallTau,0.911111111111111,0.005504000000655651,ok
UnbiasedKernelSHAP,SOUM(n=10),10,1024,0,L2_Norm_Error,3.633534140434804e-30,0.005504000000655651,ok
PermutationSamplingSV,SOUM(n=10),10,1024,0,MSE,0.0008121743276995832,0.010772999994514976,ok
PermutationSamplingSV,SOUM(n=10),10,1024,0,MAE,0.015280087269672478,0.010772999994514976,ok
PermutationSamplingSV,SOUM(n=10),10,1024,0,SSE,0.008933917604695415,0.010772999994514976,ok
PermutationSamplingSV,SOUM(n=10),10,1024,0,SAE,0.16808095996639727,0.010772999994514976,ok
PermutationSamplingSV,SOUM(n=10),10,1024,0,Precision@5,1.0,0.010772999994514976,ok
PermutationSamplingSV,SOUM(n=10),10,1024,0,Precision@10,1.0,0.010772999994514976,ok
PermutationSamplingSV,SOUM(n=10),10,1024,0,KendallTau,0.9309493362512627,0.010772999994514976,ok
PermutationSamplingSV,SOUM(n=10),10,1024,0,L2_Norm_Error,0.0041275040410781744,0.010772999994514976,ok
KernelSHAP,SOUM(n=10),10,1024,0,MSE,1.408611758645855e-13,0.004545700001472142,ok
KernelSHAP,SOUM(n=10),10,1024,0,MAE,2.5495352254181104e-07,0.004545700001472142,ok
KernelSHAP,SOUM(n=10),10,1024,0,SSE,1.5494729345104406e-12,0.004545700001472142,ok
KernelSHAP,SOUM(n=10),10,1024,0,SAE,2.8044887479599216e-06,0.004545700001472142,ok
KernelSHAP,SOUM(n=10),10,1024,0,Precision@5,1.0,0.004545700001472142,ok
KernelSHAP,SOUM(n=10),10,1024,0,Precision@10,1.0,0.004545700001472142,ok
KernelSHAP,SOUM(n=10),10,1024,0,KendallTau,0.7333333333333333,0.004545700001472142,ok
KernelSHAP,SOUM(n=10),10,1024,0,L2_Norm_Error,7.158624112866041e-13,0.004545700001472142,ok
LeverageSHAP,SOUM(n=10),10,1024,0,MSE,6.616935018385267e-30,0.0054608999998890795,ok
LeverageSHAP,SOUM(n=10),10,1024,0,MAE,1.9782155711502787e-15,0.0054608999998890795,ok
LeverageSHAP,SOUM(n=10),10,1024,0,SSE,7.278628520223793e-29,0.0054608999998890795,ok
LeverageSHAP,SOUM(n=10),10,1024,0,SAE,2.1760371282653068e-14,0.0054608999998890795,ok
LeverageSHAP,SOUM(n=10),10,1024,0,Precision@5,1.0,0.0054608999998890795,ok
LeverageSHAP,SOUM(n=10),10,1024,0,Precision@10,1.0,0.0054608999998890795,ok
LeverageSHAP,SOUM(n=10),10,1024,0,KendallTau,0.7777777777777777,0.0054608999998890795,ok
LeverageSHAP,SOUM(n=10),10,1024,0,L2_Norm_Error,3.362754164526997e-29,0.0054608999998890795,ok
kADDSHAP,SOUM(n=10),10,1024,0,MSE,4.124954674620151e-14,0.004466299993509892,ok
kADDSHAP,SOUM(n=10),10,1024,0,MAE,1.3330344825349208e-07,0.004466299993509892,ok
kADDSHAP,SOUM(n=10),10,1024,0,SSE,4.5374501420821663e-13,0.004466299993509892,ok
kADDSHAP,SOUM(n=10),10,1024,0,SAE,1.4663379307884128e-06,0.004466299993509892,ok
kADDSHAP,SOUM(n=10),10,1024,0,Precision@5,1.0,0.004466299993509892,ok
kADDSHAP,SOUM(n=10),10,1024,0,Precision@10,1.0,0.004466299993509892,ok
kADDSHAP,SOUM(n=10),10,1024,0,KendallTau,0.7333333333333333,0.004466299993509892,ok
kADDSHAP,SOUM(n=10),10,1024,0,L2_Norm_Error,2.0963192886166524e-13,0.004466299993509892,ok
SPEX,SOUM(n=10),10,1024,0,MSE,0.15172775871652966,0.26136200000473764,ok
SPEX,SOUM(n=10),10,1024,0,MAE,0.11744691192712432,0.26136200000473764,ok
SPEX,SOUM(n=10),10,1024,0,SSE,1.6690053458818264,0.26136200000473764,ok
SPEX,SOUM(n=10),10,1024,0,SAE,1.2919160311983675,0.26136200000473764,ok
SPEX,SOUM(n=10),10,1024,0,Precision@5,1.0,0.26136200000473764,ok
SPEX,SOUM(n=10),10,1024,0,Precision@10,1.0,0.26136200000473764,ok
SPEX,SOUM(n=10),10,1024,0,KendallTau,0.9309493362512627,0.26136200000473764,ok
SPEX,SOUM(n=10),10,1024,0,L2_Norm_Error,1.1991566788442957e-10,0.26136200000473764,ok
RegressionMSR,SOUM(n=10),10,1024,0,MSE,7.943103920163269e-15,0.04359719999774825,ok
RegressionMSR,SOUM(n=10),10,1024,0,MAE,4.635816875577582e-08,0.04359719999774825,ok
RegressionMSR,SOUM(n=10),10,1024,0,SSE,8.737414312179596e-14,0.04359719999774825,ok
RegressionMSR,SOUM(n=10),10,1024,0,SAE,5.09939856313534e-07,0.04359719999774825,ok
RegressionMSR,SOUM(n=10),10,1024,0,Precision@5,1.0,0.04359719999774825,ok
RegressionMSR,SOUM(n=10),10,1024,0,Precision@10,1.0,0.04359719999774825,ok
RegressionMSR,SOUM(n=10),10,1024,0,KendallTau,0.8989331499509894,0.04359719999774825,ok
RegressionMSR,SOUM(n=10),10,1024,0,L2_Norm_Error,4.0367187697300336e-14,0.04359719999774825,ok
ProxySPEX,SOUM(n=10),10,1024,0,MSE,0.1572497026166337,5.121555799996713,ok
ProxySPEX,SOUM(n=10),10,1024,0,MAE,0.15711759793700766,5.121555799996713,ok
ProxySPEX,SOUM(n=10),10,1024,0,SSE,1.7297467287829709,5.121555799996713,ok
ProxySPEX,SOUM(n=10),10,1024,0,SAE,1.7282935773070842,5.121555799996713,ok
ProxySPEX,SOUM(n=10),10,1024,0,Precision@5,0.8,5.121555799996713,ok
ProxySPEX,SOUM(n=10),10,1024,0,Precision@10,1.0,5.121555799996713,ok
ProxySPEX,SOUM(n=10),10,1024,0,KendallTau,0.6647029903343876,5.121555799996713,ok
ProxySPEX,SOUM(n=10),10,1024,0,L2_Norm_Error,0.028062750917324433,5.121555799996713,ok
OddSHAP,SOUM(n=10),10,1024,0,MSE,7.508719370679736e-31,0.05188830000406597,ok
OddSHAP,SOUM(n=10),10,1024,0,MAE,5.759281940243e-16,0.05188830000406597,ok
OddSHAP,SOUM(n=10),10,1024,0,SSE,8.25959130774771e-30,0.05188830000406597,ok
OddSHAP,SOUM(n=10),10,1024,0,SAE,6.3352101342672995e-15,0.05188830000406597,ok
OddSHAP,SOUM(n=10),10,1024,0,Precision@5,1.0,0.05188830000406597,ok
OddSHAP,SOUM(n=10),10,1024,0,Precision@10,1.0,0.05188830000406597,ok
OddSHAP,SOUM(n=10),10,1024,0,KendallTau,0.7777777777777777,0.05188830000406597,ok
OddSHAP,SOUM(n=10),10,1024,0,L2_Norm_Error,3.815962717460625e-30,0.05188830000406597,ok
ShaplEIG,SOUM(n=10),10,1024,0,_,,0.0,skipped:incompatible_constructor(ImportError)
PolySHAPKAdd,SOUM(n=10),10,1024,0,MSE,1.682982636129806e-30,0.0038003000008757226,ok
PolySHAPKAdd,SOUM(n=10),10,1024,0,MAE,1.0092936587501424e-15,0.0038003000008757226,ok
PolySHAPKAdd,SOUM(n=10),10,1024,0,SSE,1.8512808997427866e-29,0.0038003000008757226,ok
PolySHAPKAdd,SOUM(n=10),10,1024,0,SAE,1.1102230246251565e-14,0.0038003000008757226,ok
PolySHAPKAdd,SOUM(n=10),10,1024,0,Precision@5,1.0,0.0038003000008757226,ok
PolySHAPKAdd,SOUM(n=10),10,1024,0,Precision@10,1.0,0.0038003000008757226,ok
PolySHAPKAdd,SOUM(n=10),10,1024,0,KendallTau,0.7333333333333333,0.0038003000008757226,ok
PolySHAPKAdd,SOUM(n=10),10,1024,0,L2_Norm_Error,8.552988434595824e-30,0.0038003000008757226,ok
PolySHAPPartial,SOUM(n=10),10,1024,0,MSE,1.682982636129806e-30,0.004357800004072487,ok
PolySHAPPartial,SOUM(n=10),10,1024,0,MAE,1.0092936587501424e-15,0.004357800004072487,ok
PolySHAPPartial,SOUM(n=10),10,1024,0,SSE,1.8512808997427866e-29,0.004357800004072487,ok
PolySHAPPartial,SOUM(n=10),10,1024,0,SAE,1.1102230246251565e-14,0.004357800004072487,ok
PolySHAPPartial,SOUM(n=10),10,1024,0,Precision@5,1.0,0.004357800004072487,ok
PolySHAPPartial,SOUM(n=10),10,1024,0,Precision@10,1.0,0.004357800004072487,ok
PolySHAPPartial,SOUM(n=10),10,1024,0,KendallTau,0.7333333333333333,0.004357800004072487,ok
PolySHAPPartial,SOUM(n=10),10,1024,0,L2_Norm_Error,8.552988434595824e-30,0.004357800004072487,ok
OptimizedKernelSHAP,SOUM(n=10),10,1024,0,MSE,1.408611758645855e-13,0.004301099994336255,ok
OptimizedKernelSHAP,SOUM(n=10),10,1024,0,MAE,2.5495352254181104e-07,0.004301099994336255,ok
OptimizedKernelSHAP,SOUM(n=10),10,1024,0,SSE,1.5494729345104406e-12,0.004301099994336255,ok
OptimizedKernelSHAP,SOUM(n=10),10,1024,0,SAE,2.8044887479599216e-06,0.004301099994336255,ok
OptimizedKernelSHAP,SOUM(n=10),10,1024,0,Precision@5,1.0,0.004301099994336255,ok
OptimizedKernelSHAP,SOUM(n=10),10,1024,0,Precision@10,1.0,0.004301099994336255,ok
OptimizedKernelSHAP,SOUM(n=10),10,1024,0,KendallTau,0.7333333333333333,0.004301099994336255,ok
OptimizedKernelSHAP,SOUM(n=10),10,1024,0,L2_Norm_Error,7.158624112866041e-13,0.004301099994336255,ok
OwenSamplingSV,SOUM(n=10),10,51,42,MSE,0.08308099139895962,0.01697969999804627,ok
OwenSamplingSV,SOUM(n=10),10,51,42,MAE,0.2261413097991337,0.01697969999804627,ok
OwenSamplingSV,SOUM(n=10),10,51,42,SSE,0.9138909053885559,0.01697969999804627,ok
OwenSamplingSV,SOUM(n=10),10,51,42,SAE,2.4875544077904705,0.01697969999804627,ok
OwenSamplingSV,SOUM(n=10),10,51,42,Precision@5,0.4,0.01697969999804627,ok
OwenSamplingSV,SOUM(n=10),10,51,42,Precision@10,1.0,0.01697969999804627,ok
OwenSamplingSV,SOUM(n=10),10,51,42,KendallTau,0.5291502622129182,0.01697969999804627,ok
OwenSamplingSV,SOUM(n=10),10,51,42,L2_Norm_Error,0.5689543075545085,0.01697969999804627,ok
StratifiedSamplingSV,SOUM(n=10),10,51,42,MSE,0.06230979733896409,0.01430149999941932,ok
StratifiedSamplingSV,SOUM(n=10),10,51,42,MAE,0.1891607294291065,0.01430149999941932,ok
StratifiedSamplingSV,SOUM(n=10),10,51,42,SSE,0.685407770728605,0.01430149999941932,ok
StratifiedSamplingSV,SOUM(n=10),10,51,42,SAE,2.0807680237201716,0.01430149999941932,ok
StratifiedSamplingSV,SOUM(n=10),10,51,42,Precision@5,0.6,0.01430149999941932,ok
StratifiedSamplingSV,SOUM(n=10),10,51,42,Precision@10,1.0,0.01430149999941932,ok
StratifiedSamplingSV,SOUM(n=10),10,51,42,KendallTau,0.7620634755325442,0.01430149999941932,ok
StratifiedSamplingSV,SOUM(n=10),10,51,42,L2_Norm_Error,0.42670925083948874,0.01430149999941932,ok
SVARM,SOUM(n=10),10,51,42,MSE,0.05856407431388066,0.017346299995551817,ok
SVARM,SOUM(n=10),10,51,42,MAE,0.18476527358502626,0.017346299995551817,ok
SVARM,SOUM(n=10),10,51,42,SSE,0.6442048174526872,0.017346299995551817,ok
SVARM,SOUM(n=10),10,51,42,SAE,2.032418009435289,0.017346299995551817,ok
SVARM,SOUM(n=10),10,51,42,Precision@5,0.8,0.017346299995551817,ok
SVARM,SOUM(n=10),10,51,42,Precision@10,1.0,0.017346299995551817,ok
SVARM,SOUM(n=10),10,51,42,KendallTau,0.6,0.017346299995551817,ok
SVARM,SOUM(n=10),10,51,42,L2_Norm_Error,0.4010578326974803,0.017346299995551817,ok
UnbiasedKernelSHAP,SOUM(n=10),10,51,42,MSE,0.04346113780212274,0.003941599999961909,ok
UnbiasedKernelSHAP,SOUM(n=10),10,51,42,MAE,0.16610713136615263,0.003941599999961909,ok
UnbiasedKernelSHAP,SOUM(n=10),10,51,42,SSE,0.47807251582335014,0.003941599999961909,ok
UnbiasedKernelSHAP,SOUM(n=10),10,51,42,SAE,1.827178445027679,0.003941599999961909,ok
UnbiasedKernelSHAP,SOUM(n=10),10,51,42,Precision@5,0.8,0.003941599999961909,ok
UnbiasedKernelSHAP,SOUM(n=10),10,51,42,Precision@10,1.0,0.003941599999961909,ok
UnbiasedKernelSHAP,SOUM(n=10),10,51,42,KendallTau,0.6444444444444444,0.003941599999961909,ok
UnbiasedKernelSHAP,SOUM(n=10),10,51,42,L2_Norm_Error,0.2976300733460851,0.003941599999961909,ok
PermutationSamplingSV,SOUM(n=10),10,51,42,MSE,0.009872204175077956,0.0011067999948863871,ok
PermutationSamplingSV,SOUM(n=10),10,51,42,MAE,0.08505278969392045,0.0011067999948863871,ok
PermutationSamplingSV,SOUM(n=10),10,51,42,SSE,0.10859424592585752,0.0011067999948863871,ok
PermutationSamplingSV,SOUM(n=10),10,51,42,SAE,0.935580686633125,0.0011067999948863871,ok
PermutationSamplingSV,SOUM(n=10),10,51,42,Precision@5,0.8,0.0011067999948863871,ok
PermutationSamplingSV,SOUM(n=10),10,51,42,Precision@10,1.0,0.0011067999948863871,ok
PermutationSamplingSV,SOUM(n=10),10,51,42,KendallTau,0.7777777777777777,0.0011067999948863871,ok
PermutationSamplingSV,SOUM(n=10),10,51,42,L2_Norm_Error,0.06760671720316692,0.0011067999948863871,ok
KernelSHAP,SOUM(n=10),10,51,42,MSE,0.049649377597454206,0.0032894000032683834,ok
KernelSHAP,SOUM(n=10),10,51,42,MAE,0.1570828476015893,0.0032894000032683834,ok
KernelSHAP,SOUM(n=10),10,51,42,SSE,0.5461431535719963,0.0032894000032683834,ok
KernelSHAP,SOUM(n=10),10,51,42,SAE,1.7279113236174823,0.0032894000032683834,ok
KernelSHAP,SOUM(n=10),10,51,42,Precision@5,0.8,0.0032894000032683834,ok
KernelSHAP,SOUM(n=10),10,51,42,Precision@10,1.0,0.0032894000032683834,ok
KernelSHAP,SOUM(n=10),10,51,42,KendallTau,0.5555555555555555,0.0032894000032683834,ok
KernelSHAP,SOUM(n=10),10,51,42,L2_Norm_Error,0.3400083072651637,0.0032894000032683834,ok
LeverageSHAP,SOUM(n=10),10,51,42,MSE,0.0013428032993267737,0.0008544000011170283,ok
LeverageSHAP,SOUM(n=10),10,51,42,MAE,0.027131105100277296,0.0008544000011170283,ok
LeverageSHAP,SOUM(n=10),10,51,42,SSE,0.01477083629259451,0.0008544000011170283,ok
LeverageSHAP,SOUM(n=10),10,51,42,SAE,0.29844215610305025,0.0008544000011170283,ok
LeverageSHAP,SOUM(n=10),10,51,42,Precision@5,1.0,0.0008544000011170283,ok
LeverageSHAP,SOUM(n=10),10,51,42,Precision@10,1.0,0.0008544000011170283,ok
LeverageSHAP,SOUM(n=10),10,51,42,KendallTau,0.911111111111111,0.0008544000011170283,ok
LeverageSHAP,SOUM(n=10),10,51,42,L2_Norm_Error,0.009195770398088209,0.0008544000011170283,ok
kADDSHAP,SOUM(n=10),10,51,42,MSE,0.04964938060209232,0.003387500000826549,ok
kADDSHAP,SOUM(n=10),10,51,42,MAE,0.15708284740711118,0.003387500000826549,ok
kADDSHAP,SOUM(n=10),10,51,42,SSE,0.5461431866230155,0.003387500000826549,ok
kADDSHAP,SOUM(n=10),10,51,42,SAE,1.727911321478223,0.003387500000826549,ok
kADDSHAP,SOUM(n=10),10,51,42,Precision@5,0.8,0.003387500000826549,ok
kADDSHAP,SOUM(n=10),10,51,42,Precision@10,1.0,0.003387500000826549,ok
kADDSHAP,SOUM(n=10),10,51,42,KendallTau,0.5555555555555555,0.003387500000826549,ok
kADDSHAP,SOUM(n=10),10,51,42,L2_Norm_Error,0.34000832784149254,0.003387500000826549,ok
SPEX,SOUM(n=10),10,51,42,_,,0.1975343999947654,skipped:refused_regime(ValueError)
RegressionMSR,SOUM(n=10),10,51,42,MSE,0.0058853682481399775,0.03662189999886323,ok
RegressionMSR,SOUM(n=10),10,51,42,MAE,0.06206520100769777,0.03662189999886323,ok
RegressionMSR,SOUM(n=10),10,51,42,SSE,0.06473905072953975,0.03662189999886323,ok
RegressionMSR,SOUM(n=10),10,51,42,SAE,0.6827172110846755,0.03662189999886323,ok
RegressionMSR,SOUM(n=10),10,51,42,Precision@5,1.0,0.03662189999886323,ok
RegressionMSR,SOUM(n=10),10,51,42,Precision@10,1.0,0.03662189999886323,ok
RegressionMSR,SOUM(n=10),10,51,42,KendallTau,0.911111111111111,0.03662189999886323,ok
RegressionMSR,SOUM(n=10),10,51,42,L2_Norm_Error,0.040304112408144695,0.03662189999886323,ok
ProxySPEX,SOUM(n=10),10,51,42,MSE,0.15795148817031127,1.099769299995387,ok
ProxySPEX,SOUM(n=10),10,51,42,MAE,0.2630641605364022,1.099769299995387,ok
ProxySPEX,SOUM(n=10),10,51,42,SSE,1.737466369873424,1.099769299995387,ok
ProxySPEX,SOUM(n=10),10,51,42,SAE,2.893705765900424,1.099769299995387,ok
ProxySPEX,SOUM(n=10),10,51,42,Precision@5,0.8,1.099769299995387,ok
ProxySPEX,SOUM(n=10),10,51,42,Precision@10,1.0,1.099769299995387,ok
ProxySPEX,SOUM(n=10),10,51,42,KendallTau,0.8832083446486338,1.099769299995387,ok
ProxySPEX,SOUM(n=10),10,51,42,L2_Norm_Error,0.2227092200942054,1.099769299995387,ok
OddSHAP,SOUM(n=10),10,51,42,MSE,0.009174866613131438,0.013284000000567175,ok
OddSHAP,SOUM(n=10),10,51,42,MAE,0.08377078260611641,0.013284000000567175,ok
OddSHAP,SOUM(n=10),10,51,42,SSE,0.10092353274444582,0.013284000000567175,ok
OddSHAP,SOUM(n=10),10,51,42,SAE,0.9214786086672805,0.013284000000567175,ok
OddSHAP,SOUM(n=10),10,51,42,Precision@5,1.0,0.013284000000567175,ok
OddSHAP,SOUM(n=10),10,51,42,Precision@10,1.0,0.013284000000567175,ok
OddSHAP,SOUM(n=10),10,51,42,KendallTau,0.6445033866354896,0.013284000000567175,ok
OddSHAP,SOUM(n=10),10,51,42,L2_Norm_Error,0.06283121798236684,0.013284000000567175,ok
ShaplEIG,SOUM(n=10),10,51,42,_,,0.0,skipped:incompatible_constructor(ImportError)
PolySHAPKAdd,SOUM(n=10),10,51,42,MSE,0.04964938558510881,0.003268100001150742,ok
PolySHAPKAdd,SOUM(n=10),10,51,42,MAE,0.1570828536517702,0.003268100001150742,ok
PolySHAPKAdd,SOUM(n=10),10,51,42,SSE,0.546143241436197,0.003268100001150742,ok
PolySHAPKAdd,SOUM(n=10),10,51,42,SAE,1.727911390169472,0.003268100001150742,ok
PolySHAPKAdd,SOUM(n=10),10,51,42,Precision@5,0.8,0.003268100001150742,ok
PolySHAPKAdd,SOUM(n=10),10,51,42,Precision@10,1.0,0.003268100001150742,ok
PolySHAPKAdd,SOUM(n=10),10,51,42,KendallTau,0.5555555555555555,0.003268100001150742,ok
PolySHAPKAdd,SOUM(n=10),10,51,42,L2_Norm_Error,0.3400083619661298,0.003268100001150742,ok
PolySHAPPartial,SOUM(n=10),10,51,42,MSE,0.04964938558510881,0.004547199998341966,ok
PolySHAPPartial,SOUM(n=10),10,51,42,MAE,0.1570828536517702,0.004547199998341966,ok
PolySHAPPartial,SOUM(n=10),10,51,42,SSE,0.546143241436197,0.004547199998341966,ok
PolySHAPPartial,SOUM(n=10),10,51,42,SAE,1.727911390169472,0.004547199998341966,ok
PolySHAPPartial,SOUM(n=10),10,51,42,Precision@5,0.8,0.004547199998341966,ok
PolySHAPPartial,SOUM(n=10),10,51,42,Precision@10,1.0,0.004547199998341966,ok
PolySHAPPartial,SOUM(n=10),10,51,42,KendallTau,0.5555555555555555,0.004547199998341966,ok
PolySHAPPartial,SOUM(n=10),10,51,42,L2_Norm_Error,0.3400083619661298,0.004547199998341966,ok
OptimizedKernelSHAP,SOUM(n=10),10,51,42,MSE,0.0032195949976122355,0.0023079000020516105,ok
OptimizedKernelSHAP,SOUM(n=10),10,51,42,MAE,0.0456689375097494,0.0023079000020516105,ok
OptimizedKernelSHAP,SOUM(n=10),10,51,42,SSE,0.03541554497373459,0.0023079000020516105,ok
OptimizedKernelSHAP,SOUM(n=10),10,51,42,SAE,0.5023583126072434,0.0023079000020516105,ok
OptimizedKernelSHAP,SOUM(n=10),10,51,42,Precision@5,1.0,0.0023079000020516105,ok
OptimizedKernelSHAP,SOUM(n=10),10,51,42,Precision@10,1.0,0.0023079000020516105,ok
OptimizedKernelSHAP,SOUM(n=10),10,51,42,KendallTau,0.911111111111111,0.0023079000020516105,ok
OptimizedKernelSHAP,SOUM(n=10),10,51,42,L2_Norm_Error,0.02204839412274235,0.0023079000020516105,ok
OwenSamplingSV,SOUM(n=10),10,256,42,MSE,0.006777247310276024,0.08043609999731416,ok
OwenSamplingSV,SOUM(n=10),10,256,42,MAE,0.060711900616175554,0.08043609999731416,ok
OwenSamplingSV,SOUM(n=10),10,256,42,SSE,0.07454972041303626,0.08043609999731416,ok
OwenSamplingSV,SOUM(n=10),10,256,42,SAE,0.6678309067779311,0.08043609999731416,ok
OwenSamplingSV,SOUM(n=10),10,256,42,Precision@5,1.0,0.08043609999731416,ok
OwenSamplingSV,SOUM(n=10),10,256,42,Precision@10,1.0,0.08043609999731416,ok
OwenSamplingSV,SOUM(n=10),10,256,42,KendallTau,0.8222222222222221,0.08043609999731416,ok
OwenSamplingSV,SOUM(n=10),10,256,42,L2_Norm_Error,0.046411868534732434,0.08043609999731416,ok
StratifiedSamplingSV,SOUM(n=10),10,256,42,MSE,0.005141271012950893,0.08503850000124658,ok
StratifiedSamplingSV,SOUM(n=10),10,256,42,MAE,0.05046764540130977,0.08503850000124658,ok
StratifiedSamplingSV,SOUM(n=10),10,256,42,SSE,0.056553981142459825,0.08503850000124658,ok
StratifiedSamplingSV,SOUM(n=10),10,256,42,SAE,0.5551440994144075,0.08503850000124658,ok
StratifiedSamplingSV,SOUM(n=10),10,256,42,Precision@5,1.0,0.08503850000124658,ok
StratifiedSamplingSV,SOUM(n=10),10,256,42,Precision@10,1.0,0.08503850000124658,ok
StratifiedSamplingSV,SOUM(n=10),10,256,42,KendallTau,0.8222222222222221,0.08503850000124658,ok
StratifiedSamplingSV,SOUM(n=10),10,256,42,L2_Norm_Error,0.0352083941208262,0.08503850000124658,ok
SVARM,SOUM(n=10),10,256,42,MSE,0.002377241855546004,0.03823549999651732,ok
SVARM,SOUM(n=10),10,256,42,MAE,0.037617503846887286,0.03823549999651732,ok
SVARM,SOUM(n=10),10,256,42,SSE,0.026149660411006043,0.03823549999651732,ok
SVARM,SOUM(n=10),10,256,42,SAE,0.4137925423157602,0.03823549999651732,ok
SVARM,SOUM(n=10),10,256,42,Precision@5,1.0,0.03823549999651732,ok
SVARM,SOUM(n=10),10,256,42,Precision@10,1.0,0.03823549999651732,ok
SVARM,SOUM(n=10),10,256,42,KendallTau,0.7333333333333333,0.03823549999651732,ok
SVARM,SOUM(n=10),10,256,42,L2_Norm_Error,0.016279800842972474,0.03823549999651732,ok
UnbiasedKernelSHAP,SOUM(n=10),10,256,42,MSE,0.008508055072308306,0.014699400002427865,ok
UnbiasedKernelSHAP,SOUM(n=10),10,256,42,MAE,0.07526312557074523,0.014699400002427865,ok
UnbiasedKernelSHAP,SOUM(n=10),10,256,42,SSE,0.09358860579539136,0.014699400002427865,ok
UnbiasedKernelSHAP,SOUM(n=10),10,256,42,SAE,0.8278943812781976,0.014699400002427865,ok
UnbiasedKernelSHAP,SOUM(n=10),10,256,42,Precision@5,1.0,0.014699400002427865,ok
UnbiasedKernelSHAP,SOUM(n=10),10,256,42,Precision@10,1.0,0.014699400002427865,ok
UnbiasedKernelSHAP,SOUM(n=10),10,256,42,KendallTau,0.7333333333333333,0.014699400002427865,ok
UnbiasedKernelSHAP,SOUM(n=10),10,256,42,L2_Norm_Error,0.058264766714873524,0.014699400002427865,ok
PermutationSamplingSV,SOUM(n=10),10,256,42,MSE,0.002017948568462989,0.0033607000004849397,ok
PermutationSamplingSV,SOUM(n=10),10,256,42,MAE,0.028918103522633465,0.0033607000004849397,ok
PermutationSamplingSV,SOUM(n=10),10,256,42,SSE,0.02219743425309288,0.0033607000004849397,ok
PermutationSamplingSV,SOUM(n=10),10,256,42,SAE,0.3180991387489681,0.0033607000004849397,ok
PermutationSamplingSV,SOUM(n=10),10,256,42,Precision@5,1.0,0.0033607000004849397,ok
PermutationSamplingSV,SOUM(n=10),10,256,42,Precision@10,1.0,0.0033607000004849397,ok
PermutationSamplingSV,SOUM(n=10),10,256,42,KendallTau,0.911111111111111,0.0033607000004849397,ok
PermutationSamplingSV,SOUM(n=10),10,256,42,L2_Norm_Error,0.013819292609751512,0.0033607000004849397,ok
KernelSHAP,SOUM(n=10),10,256,42,MSE,0.00224792362339445,0.014369500000611879,ok
KernelSHAP,SOUM(n=10),10,256,42,MAE,0.0285798007115224,0.014369500000611879,ok
KernelSHAP,SOUM(n=10),10,256,42,SSE,0.024727159857338952,0.014369500000611879,ok
KernelSHAP,SOUM(n=10),10,256,42,SAE,0.3143778078267464,0.014369500000611879,ok
KernelSHAP,SOUM(n=10),10,256,42,Precision@5,1.0,0.014369500000611879,ok
KernelSHAP,SOUM(n=10),10,256,42,Precision@10,1.0,0.014369500000611879,ok
KernelSHAP,SOUM(n=10),10,256,42,KendallTau,0.911111111111111,0.014369500000611879,ok
KernelSHAP,SOUM(n=10),10,256,42,L2_Norm_Error,0.015394205185180627,0.014369500000611879,ok
LeverageSHAP,SOUM(n=10),10,256,42,MSE,0.00016953046811108956,0.0017733999993652105,ok
LeverageSHAP,SOUM(n=10),10,256,42,MAE,0.009127440888331277,0.0017733999993652105,ok
LeverageSHAP,SOUM(n=10),10,256,42,SSE,0.0018648351492219853,0.0017733999993652105,ok
LeverageSHAP,SOUM(n=10),10,256,42,SAE,0.10040184977164406,0.0017733999993652105,ok
LeverageSHAP,SOUM(n=10),10,256,42,Precision@5,1.0,0.0017733999993652105,ok
LeverageSHAP,SOUM(n=10),10,256,42,Precision@10,1.0,0.0017733999993652105,ok
LeverageSHAP,SOUM(n=10),10,256,42,KendallTau,0.911111111111111,0.0017733999993652105,ok
LeverageSHAP,SOUM(n=10),10,256,42,L2_Norm_Error,0.0011609766382102238,0.0017733999993652105,ok
kADDSHAP,SOUM(n=10),10,256,42,MSE,0.002247924914785657,0.013990700004796963,ok
kADDSHAP,SOUM(n=10),10,256,42,MAE,0.0285798040257311,0.013990700004796963,ok
kADDSHAP,SOUM(n=10),10,256,42,SSE,0.02472717406264223,0.013990700004796963,ok
kADDSHAP,SOUM(n=10),10,256,42,SAE,0.3143778442830421,0.013990700004796963,ok
kADDSHAP,SOUM(n=10),10,256,42,Precision@5,1.0,0.013990700004796963,ok
kADDSHAP,SOUM(n=10),10,256,42,Precision@10,1.0,0.013990700004796963,ok
kADDSHAP,SOUM(n=10),10,256,42,KendallTau,0.911111111111111,0.013990700004796963,ok
kADDSHAP,SOUM(n=10),10,256,42,L2_Norm_Error,0.015394214028871313,0.013990700004796963,ok
SPEX,SOUM(n=10),10,256,42,_,,0.20602140000119107,skipped:refused_regime(ValueError)
RegressionMSR,SOUM(n=10),10,256,42,MSE,0.0002320274594250271,0.0691517000013846,ok
RegressionMSR,SOUM(n=10),10,256,42,MAE,0.012017765016202352,0.0691517000013846,ok
RegressionMSR,SOUM(n=10),10,256,42,SSE,0.002552302053675298,0.0691517000013846,ok
RegressionMSR,SOUM(n=10),10,256,42,SAE,0.13219541517822586,0.0691517000013846,ok
RegressionMSR,SOUM(n=10),10,256,42,Precision@5,1.0,0.0691517000013846,ok
RegressionMSR,SOUM(n=10),10,256,42,Precision@10,1.0,0.0691517000013846,ok
RegressionMSR,SOUM(n=10),10,256,42,KendallTau,0.911111111111111,0.0691517000013846,ok
RegressionMSR,SOUM(n=10),10,256,42,L2_Norm_Error,0.0015889678287162475,0.0691517000013846,ok
ProxySPEX,SOUM(n=10),10,256,42,MSE,0.12973850205050225,2.364866500000062,ok
ProxySPEX,SOUM(n=10),10,256,42,MAE,0.15226236077190264,2.364866500000062,ok
ProxySPEX,SOUM(n=10),10,256,42,SSE,1.4271235225555248,2.364866500000062,ok
ProxySPEX,SOUM(n=10),10,256,42,SAE,1.674885968490929,2.364866500000062,ok
ProxySPEX,SOUM(n=10),10,256,42,Precision@5,1.0,2.364866500000062,ok
ProxySPEX,SOUM(n=10),10,256,42,Precision@10,1.0,2.364866500000062,ok
ProxySPEX,SOUM(n=10),10,256,42,KendallTau,0.8740830418336486,2.364866500000062,ok
ProxySPEX,SOUM(n=10),10,256,42,L2_Norm_Error,0.029501366991456685,2.364866500000062,ok
OddSHAP,SOUM(n=10),10,256,42,MSE,5.645075751539387e-31,0.02879879999818513,ok
OddSHAP,SOUM(n=10),10,256,42,MAE,4.89507424493819e-16,0.02879879999818513,ok
OddSHAP,SOUM(n=10),10,256,42,SSE,6.209583326693326e-30,0.02879879999818513,ok
OddSHAP,SOUM(n=10),10,256,42,SAE,5.384581669432009e-15,0.02879879999818513,ok
OddSHAP,SOUM(n=10),10,256,42,Precision@5,1.0,0.02879879999818513,ok
OddSHAP,SOUM(n=10),10,256,42,Precision@10,1.0,0.02879879999818513,ok
OddSHAP,SOUM(n=10),10,256,42,KendallTau,0.9999999999999999,0.02879879999818513,ok
OddSHAP,SOUM(n=10),10,256,42,L2_Norm_Error,3.86585440451311e-30,0.02879879999818513,ok
ShaplEIG,SOUM(n=10),10,256,42,_,,0.0,skipped:incompatible_constructor(ImportError)
PolySHAPKAdd,SOUM(n=10),10,256,42,MSE,0.002247924301627235,0.013743299998168368,ok
PolySHAPKAdd,SOUM(n=10),10,256,42,MAE,0.028579810570988642,0.013743299998168368,ok
PolySHAPKAdd,SOUM(n=10),10,256,42,SSE,0.024727167317899586,0.013743299998168368,ok
PolySHAPKAdd,SOUM(n=10),10,256,42,SAE,0.3143779162808751,0.013743299998168368,ok
PolySHAPKAdd,SOUM(n=10),10,256,42,Precision@5,1.0,0.013743299998168368,ok
PolySHAPKAdd,SOUM(n=10),10,256,42,Precision@10,1.0,0.013743299998168368,ok
PolySHAPKAdd,SOUM(n=10),10,256,42,KendallTau,0.911111111111111,0.013743299998168368,ok
PolySHAPKAdd,SOUM(n=10),10,256,42,L2_Norm_Error,0.01539420982984673,0.013743299998168368,ok
PolySHAPPartial,SOUM(n=10),10,256,42,MSE,0.002247924301627235,0.014295299995865207,ok
PolySHAPPartial,SOUM(n=10),10,256,42,MAE,0.028579810570988642,0.014295299995865207,ok
PolySHAPPartial,SOUM(n=10),10,256,42,SSE,0.024727167317899586,0.014295299995865207,ok
PolySHAPPartial,SOUM(n=10),10,256,42,SAE,0.3143779162808751,0.014295299995865207,ok
PolySHAPPartial,SOUM(n=10),10,256,42,Precision@5,1.0,0.014295299995865207,ok
PolySHAPPartial,SOUM(n=10),10,256,42,Precision@10,1.0,0.014295299995865207,ok
PolySHAPPartial,SOUM(n=10),10,256,42,KendallTau,0.911111111111111,0.014295299995865207,ok
PolySHAPPartial,SOUM(n=10),10,256,42,L2_Norm_Error,0.01539420982984673,0.014295299995865207,ok
OptimizedKernelSHAP,SOUM(n=10),10,256,42,MSE,0.0005458816845590285,0.008563700001104735,ok
OptimizedKernelSHAP,SOUM(n=10),10,256,42,MAE,0.017476390310354174,0.008563700001104735,ok
OptimizedKernelSHAP,SOUM(n=10),10,256,42,SSE,0.0060046985301493135,0.008563700001104735,ok
OptimizedKernelSHAP,SOUM(n=10),10,256,42,SAE,0.19224029341389592,0.008563700001104735,ok
OptimizedKernelSHAP,SOUM(n=10),10,256,42,Precision@5,1.0,0.008563700001104735,ok
OptimizedKernelSHAP,SOUM(n=10),10,256,42,Precision@10,1.0,0.008563700001104735,ok
OptimizedKernelSHAP,SOUM(n=10),10,256,42,KendallTau,0.911111111111111,0.008563700001104735,ok
OptimizedKernelSHAP,SOUM(n=10),10,256,42,L2_Norm_Error,0.003738300790773423,0.008563700001104735,ok
OwenSamplingSV,SOUM(n=10),10,512,42,MSE,0.005936125116501534,0.15145959999790648,ok
OwenSamplingSV,SOUM(n=10),10,512,42,MAE,0.053371114261992675,0.15145959999790648,ok
OwenSamplingSV,SOUM(n=10),10,512,42,SSE,0.06529737628151687,0.15145959999790648,ok
OwenSamplingSV,SOUM(n=10),10,512,42,SAE,0.5870822568819194,0.15145959999790648,ok
OwenSamplingSV,SOUM(n=10),10,512,42,Precision@5,1.0,0.15145959999790648,ok
OwenSamplingSV,SOUM(n=10),10,512,42,Precision@10,1.0,0.15145959999790648,ok
OwenSamplingSV,SOUM(n=10),10,512,42,KendallTau,0.8666666666666666,0.15145959999790648,ok
OwenSamplingSV,SOUM(n=10),10,512,42,L2_Norm_Error,0.04065170502116022,0.15145959999790648,ok
StratifiedSamplingSV,SOUM(n=10),10,512,42,MSE,0.0012444386983024717,0.1542327999995905,ok
StratifiedSamplingSV,SOUM(n=10),10,512,42,MAE,0.028372095629251616,0.1542327999995905,ok
StratifiedSamplingSV,SOUM(n=10),10,512,42,SSE,0.013688825681327189,0.1542327999995905,ok
StratifiedSamplingSV,SOUM(n=10),10,512,42,SAE,0.3120930519217678,0.1542327999995905,ok
StratifiedSamplingSV,SOUM(n=10),10,512,42,Precision@5,1.0,0.1542327999995905,ok
StratifiedSamplingSV,SOUM(n=10),10,512,42,Precision@10,1.0,0.1542327999995905,ok
StratifiedSamplingSV,SOUM(n=10),10,512,42,KendallTau,0.911111111111111,0.1542327999995905,ok
StratifiedSamplingSV,SOUM(n=10),10,512,42,L2_Norm_Error,0.008522151047605132,0.1542327999995905,ok
SVARM,SOUM(n=10),10,512,42,MSE,0.0005404178650688304,0.04193220000161091,ok
SVARM,SOUM(n=10),10,512,42,MAE,0.02011902872312746,0.04193220000161091,ok
SVARM,SOUM(n=10),10,512,42,SSE,0.005944596515757135,0.04193220000161091,ok
SVARM,SOUM(n=10),10,512,42,SAE,0.22130931595440206,0.04193220000161091,ok
SVARM,SOUM(n=10),10,512,42,Precision@5,1.0,0.04193220000161091,ok
SVARM,SOUM(n=10),10,512,42,Precision@10,1.0,0.04193220000161091,ok
SVARM,SOUM(n=10),10,512,42,KendallTau,0.9555555555555554,0.04193220000161091,ok
SVARM,SOUM(n=10),10,512,42,L2_Norm_Error,0.003700883523811351,0.04193220000161091,ok
UnbiasedKernelSHAP,SOUM(n=10),10,512,42,MSE,0.0008345572564356834,0.025895900005707517,ok
UnbiasedKernelSHAP,SOUM(n=10),10,512,42,MAE,0.023578922819291546,0.025895900005707517,ok
UnbiasedKernelSHAP,SOUM(n=10),10,512,42,SSE,0.009180129820792518,0.025895900005707517,ok
UnbiasedKernelSHAP,SOUM(n=10),10,512,42,SAE,0.259368151012207,0.025895900005707517,ok
UnbiasedKernelSHAP,SOUM(n=10),10,512,42,Precision@5,1.0,0.025895900005707517,ok
UnbiasedKernelSHAP,SOUM(n=10),10,512,42,Precision@10,1.0,0.025895900005707517,ok
UnbiasedKernelSHAP,SOUM(n=10),10,512,42,KendallTau,0.9555555555555554,0.025895900005707517,ok
UnbiasedKernelSHAP,SOUM(n=10),10,512,42,L2_Norm_Error,0.0057152055837877335,0.025895900005707517,ok
PermutationSamplingSV,SOUM(n=10),10,512,42,MSE,0.002110939112721906,0.00596159999986412,ok
PermutationSamplingSV,SOUM(n=10),10,512,42,MAE,0.03420045414649387,0.00596159999986412,ok
PermutationSamplingSV,SOUM(n=10),10,512,42,SSE,0.023220330239940967,0.00596159999986412,ok
PermutationSamplingSV,SOUM(n=10),10,512,42,SAE,0.37620499561143256,0.00596159999986412,ok
PermutationSamplingSV,SOUM(n=10),10,512,42,Precision@5,1.0,0.00596159999986412,ok
PermutationSamplingSV,SOUM(n=10),10,512,42,Precision@10,1.0,0.00596159999986412,ok
PermutationSamplingSV,SOUM(n=10),10,512,42,KendallTau,0.8666666666666666,0.00596159999986412,ok
PermutationSamplingSV,SOUM(n=10),10,512,42,L2_Norm_Error,0.014456109405351419,0.00596159999986412,ok
KernelSHAP,SOUM(n=10),10,512,42,MSE,0.0005337458093001808,0.025335099999210797,ok
KernelSHAP,SOUM(n=10),10,512,42,MAE,0.019336775349119515,0.025335099999210797,ok
KernelSHAP,SOUM(n=10),10,512,42,SSE,0.0058712039023019885,0.025335099999210797,ok
KernelSHAP,SOUM(n=10),10,512,42,SAE,0.21270452884031466,0.025335099999210797,ok
KernelSHAP,SOUM(n=10),10,512,42,Precision@5,1.0,0.025335099999210797,ok
KernelSHAP,SOUM(n=10),10,512,42,Precision@10,1.0,0.025335099999210797,ok
KernelSHAP,SOUM(n=10),10,512,42,KendallTau,0.911111111111111,0.025335099999210797,ok
KernelSHAP,SOUM(n=10),10,512,42,L2_Norm_Error,0.0036551920268046764,0.025335099999210797,ok
LeverageSHAP,SOUM(n=10),10,512,42,MSE,7.950883893071245e-05,0.0031928999960655347,ok
LeverageSHAP,SOUM(n=10),10,512,42,MAE,0.007729389061897337,0.0031928999960655347,ok
LeverageSHAP,SOUM(n=10),10,512,42,SSE,0.000874597228237837,0.0031928999960655347,ok
LeverageSHAP,SOUM(n=10),10,512,42,SAE,0.0850232796808707,0.0031928999960655347,ok
LeverageSHAP,SOUM(n=10),10,512,42,Precision@5,1.0,0.0031928999960655347,ok
LeverageSHAP,SOUM(n=10),10,512,42,Precision@10,1.0,0.0031928999960655347,ok
LeverageSHAP,SOUM(n=10),10,512,42,KendallTau,0.9555555555555554,0.0031928999960655347,ok
LeverageSHAP,SOUM(n=10),10,512,42,L2_Norm_Error,0.0005444915333407171,0.0031928999960655347,ok
kADDSHAP,SOUM(n=10),10,512,42,MSE,0.0005337464913225197,0.025443600003200117,ok
kADDSHAP,SOUM(n=10),10,512,42,MAE,0.01933678502337828,0.025443600003200117,ok
kADDSHAP,SOUM(n=10),10,512,42,SSE,0.005871211404547716,0.025443600003200117,ok
kADDSHAP,SOUM(n=10),10,512,42,SAE,0.21270463525716107,0.025443600003200117,ok
kADDSHAP,SOUM(n=10),10,512,42,Precision@5,1.0,0.025443600003200117,ok
kADDSHAP,SOUM(n=10),10,512,42,Precision@10,1.0,0.025443600003200117,ok
kADDSHAP,SOUM(n=10),10,512,42,KendallTau,0.911111111111111,0.025443600003200117,ok
kADDSHAP,SOUM(n=10),10,512,42,L2_Norm_Error,0.0036551966974223593,0.025443600003200117,ok
SPEX,SOUM(n=10),10,512,42,MSE,0.12543059431109543,0.6932188999999198,ok
SPEX,SOUM(n=10),10,512,42,MAE,0.10679707450114749,0.6932188999999198,ok
SPEX,SOUM(n=10),10,512,42,SSE,1.3797365374220498,0.6932188999999198,ok
SPEX,SOUM(n=10),10,512,42,SAE,1.1747678195126223,0.6932188999999198,ok
SPEX,SOUM(n=10),10,512,42,Precision@5,1.0,0.6932188999999198,ok
SPEX,SOUM(n=10),10,512,42,Precision@10,1.0,0.6932188999999198,ok
SPEX,SOUM(n=10),10,512,42,KendallTau,0.9999999999999999,0.6932188999999198,ok
SPEX,SOUM(n=10),10,512,42,L2_Norm_Error,1.8342567783831197e-09,0.6932188999999198,ok
RegressionMSR,SOUM(n=10),10,512,42,MSE,1.1309287459359945e-05,0.09039569999731611,ok
RegressionMSR,SOUM(n=10),10,512,42,MAE,0.002539068114259122,0.09039569999731611,ok
RegressionMSR,SOUM(n=10),10,512,42,SSE,0.0001244021620529594,0.09039569999731611,ok
RegressionMSR,SOUM(n=10),10,512,42,SAE,0.027929749256850343,0.09039569999731611,ok
RegressionMSR,SOUM(n=10),10,512,42,Precision@5,1.0,0.09039569999731611,ok
RegressionMSR,SOUM(n=10),10,512,42,Precision@10,1.0,0.09039569999731611,ok
RegressionMSR,SOUM(n=10),10,512,42,KendallTau,0.9999999999999999,0.09039569999731611,ok
RegressionMSR,SOUM(n=10),10,512,42,L2_Norm_Error,7.744813473007739e-05,0.09039569999731611,ok
ProxySPEX,SOUM(n=10),10,512,42,MSE,0.12659746733241634,3.248680799995782,ok
ProxySPEX,SOUM(n=10),10,512,42,MAE,0.13276284210053024,3.248680799995782,ok
ProxySPEX,SOUM(n=10),10,512,42,SSE,1.3925721406565796,3.248680799995782,ok
ProxySPEX,SOUM(n=10),10,512,42,SAE,1.4603912631058327,3.248680799995782,ok
ProxySPEX,SOUM(n=10),10,512,42,Precision@5,1.0,3.248680799995782,ok
ProxySPEX,SOUM(n=10),10,512,42,Precision@10,1.0,3.248680799995782,ok
ProxySPEX,SOUM(n=10),10,512,42,KendallTau,0.9888264649460883,3.248680799995782,ok
ProxySPEX,SOUM(n=10),10,512,42,L2_Norm_Error,0.007990968488248248,3.248680799995782,ok
OddSHAP,SOUM(n=10),10,512,42,MSE,4.191523897148221e-31,0.05323770000541117,ok
OddSHAP,SOUM(n=10),10,512,42,MAE,4.920306586406944e-16,0.05323770000541117,ok
OddSHAP,SOUM(n=10),10,512,42,SSE,4.6106762868630426e-30,0.05323770000541117,ok
OddSHAP,SOUM(n=10),10,512,42,SAE,5.412337245047638e-15,0.05323770000541117,ok
OddSHAP,SOUM(n=10),10,512,42,Precision@5,1.0,0.05323770000541117,ok
OddSHAP,SOUM(n=10),10,512,42,Precision@10,1.0,0.05323770000541117,ok
OddSHAP,SOUM(n=10),10,512,42,KendallTau,0.9888264649460883,0.05323770000541117,ok
OddSHAP,SOUM(n=10),10,512,42,L2_Norm_Error,2.8704346642281453e-30,0.05323770000541117,ok
ShaplEIG,SOUM(n=10),10,512,42,_,,0.0,skipped:incompatible_constructor(ImportError)
PolySHAPKAdd,SOUM(n=10),10,512,42,MSE,0.0005337469419149143,0.026063899997097906,ok
PolySHAPKAdd,SOUM(n=10),10,512,42,MAE,0.019336795249658027,0.026063899997097906,ok
PolySHAPKAdd,SOUM(n=10),10,512,42,SSE,0.005871216361064057,0.026063899997097906,ok
PolySHAPKAdd,SOUM(n=10),10,512,42,SAE,0.2127047477462383,0.026063899997097906,ok
PolySHAPKAdd,SOUM(n=10),10,512,42,Precision@5,1.0,0.026063899997097906,ok
PolySHAPKAdd,SOUM(n=10),10,512,42,Precision@10,1.0,0.026063899997097906,ok
PolySHAPKAdd,SOUM(n=10),10,512,42,KendallTau,0.911111111111111,0.026063899997097906,ok
PolySHAPKAdd,SOUM(n=10),10,512,42,L2_Norm_Error,0.003655199783164111,0.026063899997097906,ok
PolySHAPPartial,SOUM(n=10),10,512,42,MSE,0.0005337469419149143,0.024528399997507222,ok
PolySHAPPartial,SOUM(n=10),10,512,42,MAE,0.019336795249658027,0.024528399997507222,ok
PolySHAPPartial,SOUM(n=10),10,512,42,SSE,0.005871216361064057,0.024528399997507222,ok
PolySHAPPartial,SOUM(n=10),10,512,42,SAE,0.2127047477462383,0.024528399997507222,ok
PolySHAPPartial,SOUM(n=10),10,512,42,Precision@5,1.0,0.024528399997507222,ok
PolySHAPPartial,SOUM(n=10),10,512,42,Precision@10,1.0,0.024528399997507222,ok
PolySHAPPartial,SOUM(n=10),10,512,42,KendallTau,0.911111111111111,0.024528399997507222,ok
PolySHAPPartial,SOUM(n=10),10,512,42,L2_Norm_Error,0.003655199783164111,0.024528399997507222,ok
OptimizedKernelSHAP,SOUM(n=10),10,512,42,MSE,8.948014902879975e-05,0.014634800005296711,ok
OptimizedKernelSHAP,SOUM(n=10),10,512,42,MAE,0.0074622894090888145,0.014634800005296711,ok
OptimizedKernelSHAP,SOUM(n=10),10,512,42,SSE,0.0009842816393167972,0.014634800005296711,ok
OptimizedKernelSHAP,SOUM(n=10),10,512,42,SAE,0.08208518349997695,0.014634800005296711,ok
OptimizedKernelSHAP,SOUM(n=10),10,512,42,Precision@5,1.0,0.014634800005296711,ok
OptimizedKernelSHAP,SOUM(n=10),10,512,42,Precision@10,1.0,0.014634800005296711,ok
OptimizedKernelSHAP,SOUM(n=10),10,512,42,KendallTau,0.9555555555555554,0.014634800005296711,ok
OptimizedKernelSHAP,SOUM(n=10),10,512,42,L2_Norm_Error,0.0006127769466072178,0.014634800005296711,ok
OwenSamplingSV,SOUM(n=10),10,1024,42,MSE,0.003291501087128371,0.306712300000072,ok
OwenSamplingSV,SOUM(n=10),10,1024,42,MAE,0.04003783766507788,0.306712300000072,ok
OwenSamplingSV,SOUM(n=10),10,1024,42,SSE,0.03620651195841208,0.306712300000072,ok
OwenSamplingSV,SOUM(n=10),10,1024,42,SAE,0.4404162143158567,0.306712300000072,ok
OwenSamplingSV,SOUM(n=10),10,1024,42,Precision@5,1.0,0.306712300000072,ok
OwenSamplingSV,SOUM(n=10),10,1024,42,Precision@10,1.0,0.306712300000072,ok
OwenSamplingSV,SOUM(n=10),10,1024,42,KendallTau,0.9555555555555554,0.306712300000072,ok
OwenSamplingSV,SOUM(n=10),10,1024,42,L2_Norm_Error,0.02254082059335519,0.306712300000072,ok
StratifiedSamplingSV,SOUM(n=10),10,1024,42,MSE,0.00012738421114347347,0.29456760000175564,ok
StratifiedSamplingSV,SOUM(n=10),10,1024,42,MAE,0.007067069847401628,0.29456760000175564,ok
StratifiedSamplingSV,SOUM(n=10),10,1024,42,SSE,0.0014012263225782083,0.29456760000175564,ok
StratifiedSamplingSV,SOUM(n=10),10,1024,42,SAE,0.0777377683214179,0.29456760000175564,ok
StratifiedSamplingSV,SOUM(n=10),10,1024,42,Precision@5,1.0,0.29456760000175564,ok
StratifiedSamplingSV,SOUM(n=10),10,1024,42,Precision@10,1.0,0.29456760000175564,ok
StratifiedSamplingSV,SOUM(n=10),10,1024,42,KendallTau,0.9555555555555554,0.29456760000175564,ok
StratifiedSamplingSV,SOUM(n=10),10,1024,42,L2_Norm_Error,0.0008723511169538093,0.29456760000175564,ok
SVARM,SOUM(n=10),10,1024,42,MSE,3.042444058510636e-31,0.026143299997784197,ok
SVARM,SOUM(n=10),10,1024,42,MAE,3.9488614398599316e-16,0.026143299997784197,ok
SVARM,SOUM(n=10),10,1024,42,SSE,3.3466884643617e-30,0.026143299997784197,ok
SVARM,SOUM(n=10),10,1024,42,SAE,4.343747583845925e-15,0.026143299997784197,ok
SVARM,SOUM(n=10),10,1024,42,Precision@5,1.0,0.026143299997784197,ok
SVARM,SOUM(n=10),10,1024,42,Precision@10,1.0,0.026143299997784197,ok
SVARM,SOUM(n=10),10,1024,42,KendallTau,0.9999999999999999,0.026143299997784197,ok
SVARM,SOUM(n=10),10,1024,42,L2_Norm_Error,2.083523106110797e-30,0.026143299997784197,ok
UnbiasedKernelSHAP,SOUM(n=10),10,1024,42,MSE,3.042444058510636e-31,0.0049666999984765425,ok
UnbiasedKernelSHAP,SOUM(n=10),10,1024,42,MAE,3.9488614398599316e-16,0.0049666999984765425,ok
UnbiasedKernelSHAP,SOUM(n=10),10,1024,42,SSE,3.3466884643617e-30,0.0049666999984765425,ok
UnbiasedKernelSHAP,SOUM(n=10),10,1024,42,SAE,4.343747583845925e-15,0.0049666999984765425,ok
UnbiasedKernelSHAP,SOUM(n=10),10,1024,42,Precision@5,1.0,0.0049666999984765425,ok
UnbiasedKernelSHAP,SOUM(n=10),10,1024,42,Precision@10,1.0,0.0049666999984765425,ok
UnbiasedKernelSHAP,SOUM(n=10),10,1024,42,KendallTau,0.9999999999999999,0.0049666999984765425,ok
UnbiasedKernelSHAP,SOUM(n=10),10,1024,42,L2_Norm_Error,2.083523106110797e-30,0.0049666999984765425,ok
PermutationSamplingSV,SOUM(n=10),10,1024,42,MSE,0.0018526616048543027,0.011377799994079396,ok
PermutationSamplingSV,SOUM(n=10),10,1024,42,MAE,0.03262491529221849,0.011377799994079396,ok
PermutationSamplingSV,SOUM(n=10),10,1024,42,SSE,0.02037927765339733,0.011377799994079396,ok
PermutationSamplingSV,SOUM(n=10),10,1024,42,SAE,0.3588740682144034,0.011377799994079396,ok
PermutationSamplingSV,SOUM(n=10),10,1024,42,Precision@5,1.0,0.011377799994079396,ok
PermutationSamplingSV,SOUM(n=10),10,1024,42,Precision@10,1.0,0.011377799994079396,ok
PermutationSamplingSV,SOUM(n=10),10,1024,42,KendallTau,0.911111111111111,0.011377799994079396,ok
PermutationSamplingSV,SOUM(n=10),10,1024,42,L2_Norm_Error,0.012687376291177768,0.011377799994079396,ok
KernelSHAP,SOUM(n=10),10,1024,42,MSE,2.6178150609420517e-14,0.004400300000270363,ok
KernelSHAP,SOUM(n=10),10,1024,42,MAE,1.0427846535255757e-07,0.004400300000270363,ok
KernelSHAP,SOUM(n=10),10,1024,42,SSE,2.879596567036257e-13,0.004400300000270363,ok
KernelSHAP,SOUM(n=10),10,1024,42,SAE,1.1470631188781333e-06,0.004400300000270363,ok
KernelSHAP,SOUM(n=10),10,1024,42,Precision@5,1.0,0.004400300000270363,ok
KernelSHAP,SOUM(n=10),10,1024,42,Precision@10,1.0,0.004400300000270363,ok
KernelSHAP,SOUM(n=10),10,1024,42,KendallTau,0.9999999999999999,0.004400300000270363,ok
KernelSHAP,SOUM(n=10),10,1024,42,L2_Norm_Error,1.7927291552790735e-13,0.004400300000270363,ok
LeverageSHAP,SOUM(n=10),10,1024,42,MSE,2.3618764432171147e-29,0.0064395000008516945,ok
LeverageSHAP,SOUM(n=10),10,1024,42,MAE,3.774758283725532e-15,0.0064395000008516945,ok
LeverageSHAP,SOUM(n=10),10,1024,42,SSE,2.598064087538826e-28,0.0064395000008516945,ok
LeverageSHAP,SOUM(n=10),10,1024,42,SAE,4.1522341120980855e-14,0.0064395000008516945,ok
LeverageSHAP,SOUM(n=10),10,1024,42,Precision@5,1.0,0.0064395000008516945,ok
LeverageSHAP,SOUM(n=10),10,1024,42,Precision@10,1.0,0.0064395000008516945,ok
LeverageSHAP,SOUM(n=10),10,1024,42,KendallTau,0.9999999999999999,0.0064395000008516945,ok
LeverageSHAP,SOUM(n=10),10,1024,42,L2_Norm_Error,1.617457559969279e-28,0.0064395000008516945,ok
kADDSHAP,SOUM(n=10),10,1024,42,MSE,8.625384920367863e-15,0.0043500000028871,ok
kADDSHAP,SOUM(n=10),10,1024,42,MAE,6.787034061277049e-08,0.0043500000028871,ok
kADDSHAP,SOUM(n=10),10,1024,42,SSE,9.487923412404649e-14,0.0043500000028871,ok
kADDSHAP,SOUM(n=10),10,1024,42,SAE,7.465737467404754e-07,0.0043500000028871,ok
kADDSHAP,SOUM(n=10),10,1024,42,Precision@5,1.0,0.0043500000028871,ok
kADDSHAP,SOUM(n=10),10,1024,42,Precision@10,1.0,0.0043500000028871,ok
kADDSHAP,SOUM(n=10),10,1024,42,KendallTau,0.9555555555555554,0.0043500000028871,ok
kADDSHAP,SOUM(n=10),10,1024,42,L2_Norm_Error,5.906826365604071e-14,0.0043500000028871,ok
SPEX,SOUM(n=10),10,1024,42,MSE,0.12543059404678217,0.3859489000024041,ok
SPEX,SOUM(n=10),10,1024,42,MAE,0.10678457701942728,0.3859489000024041,ok
SPEX,SOUM(n=10),10,1024,42,SSE,1.3797365345146038,0.3859489000024041,ok
SPEX,SOUM(n=10),10,1024,42,SAE,1.1746303472137,0.3859489000024041,ok
SPEX,SOUM(n=10),10,1024,42,Precision@5,1.0,0.3859489000024041,ok
SPEX,SOUM(n=10),10,1024,42,Precision@10,1.0,0.3859489000024041,ok
SPEX,SOUM(n=10),10,1024,42,KendallTau,0.9999999999999999,0.3859489000024041,ok
SPEX,SOUM(n=10),10,1024,42,L2_Norm_Error,2.4189474281357555e-11,0.3859489000024041,ok
RegressionMSR,SOUM(n=10),10,1024,42,MSE,3.884035736209605e-15,0.05428860000392888,ok
RegressionMSR,SOUM(n=10),10,1024,42,MAE,4.5583617349808196e-08,0.05428860000392888,ok
RegressionMSR,SOUM(n=10),10,1024,42,SSE,4.2724393098305654e-14,0.05428860000392888,ok
RegressionMSR,SOUM(n=10),10,1024,42,SAE,5.014197908478901e-07,0.05428860000392888,ok
RegressionMSR,SOUM(n=10),10,1024,42,Precision@5,1.0,0.05428860000392888,ok
RegressionMSR,SOUM(n=10),10,1024,42,Precision@10,1.0,0.05428860000392888,ok
RegressionMSR,SOUM(n=10),10,1024,42,KendallTau,0.9555555555555554,0.05428860000392888,ok
RegressionMSR,SOUM(n=10),10,1024,42,L2_Norm_Error,2.6598609689192684e-14,0.05428860000392888,ok
ProxySPEX,SOUM(n=10),10,1024,42,MSE,0.12680651088531003,4.928837799998291,ok
ProxySPEX,SOUM(n=10),10,1024,42,MAE,0.13393267420942953,4.928837799998291,ok
ProxySPEX,SOUM(n=10),10,1024,42,SSE,1.3948716197384103,4.928837799998291,ok
ProxySPEX,SOUM(n=10),10,1024,42,SAE,1.473259416303725,4.928837799998291,ok
ProxySPEX,SOUM(n=10),10,1024,42,Precision@5,1.0,4.928837799998291,ok
ProxySPEX,SOUM(n=10),10,1024,42,Precision@10,1.0,4.928837799998291,ok
ProxySPEX,SOUM(n=10),10,1024,42,KendallTau,0.9888264649460883,4.928837799998291,ok
ProxySPEX,SOUM(n=10),10,1024,42,L2_Norm_Error,0.009422538187678594,4.928837799998291,ok
OddSHAP,SOUM(n=10),10,1024,42,MSE,6.287154532317031e-31,0.10048449999885634,ok
OddSHAP,SOUM(n=10),10,1024,42,MAE,5.633120232899232e-16,0.10048449999885634,ok
OddSHAP,SOUM(n=10),10,1024,42,SSE,6.915869985548735e-30,0.10048449999885634,ok
OddSHAP,SOUM(n=10),10,1024,42,SAE,6.196432256189155e-15,0.10048449999885634,ok
OddSHAP,SOUM(n=10),10,1024,42,Precision@5,1.0,0.10048449999885634,ok
OddSHAP,SOUM(n=10),10,1024,42,Precision@10,1.0,0.10048449999885634,ok
OddSHAP,SOUM(n=10),10,1024,42,KendallTau,0.9555555555555554,0.10048449999885634,ok
OddSHAP,SOUM(n=10),10,1024,42,L2_Norm_Error,4.3055620704442154e-30,0.10048449999885634,ok
ShaplEIG,SOUM(n=10),10,1024,42,_,,0.0,skipped:incompatible_constructor(ImportError)
PolySHAPKAdd,SOUM(n=10),10,1024,42,MSE,9.689178465671785e-31,0.004049999995913822,ok
PolySHAPKAdd,SOUM(n=10),10,1024,42,MAE,7.191217318594764e-16,0.004049999995913822,ok
PolySHAPKAdd,SOUM(n=10),10,1024,42,SSE,1.0658096312238963e-29,0.004049999995913822,ok
PolySHAPKAdd,SOUM(n=10),10,1024,42,SAE,7.91033905045424e-15,0.004049999995913822,ok
PolySHAPKAdd,SOUM(n=10),10,1024,42,Precision@5,1.0,0.004049999995913822,ok
PolySHAPKAdd,SOUM(n=10),10,1024,42,Precision@10,1.0,0.004049999995913822,ok
PolySHAPKAdd,SOUM(n=10),10,1024,42,KendallTau,0.9555555555555554,0.004049999995913822,ok
PolySHAPKAdd,SOUM(n=10),10,1024,42,L2_Norm_Error,6.635332260584191e-30,0.004049999995913822,ok
PolySHAPPartial,SOUM(n=10),10,1024,42,MSE,9.689178465671785e-31,0.004080200000316836,ok
PolySHAPPartial,SOUM(n=10),10,1024,42,MAE,7.191217318594764e-16,0.004080200000316836,ok
PolySHAPPartial,SOUM(n=10),10,1024,42,SSE,1.0658096312238963e-29,0.004080200000316836,ok
PolySHAPPartial,SOUM(n=10),10,1024,42,SAE,7.91033905045424e-15,0.004080200000316836,ok
PolySHAPPartial,SOUM(n=10),10,1024,42,Precision@5,1.0,0.004080200000316836,ok
PolySHAPPartial,SOUM(n=10),10,1024,42,Precision@10,1.0,0.004080200000316836,ok
PolySHAPPartial,SOUM(n=10),10,1024,42,KendallTau,0.9555555555555554,0.004080200000316836,ok
PolySHAPPartial,SOUM(n=10),10,1024,42,L2_Norm_Error,6.635332260584191e-30,0.004080200000316836,ok
OptimizedKernelSHAP,SOUM(n=10),10,1024,42,MSE,2.6178150609420517e-14,0.004216099994664546,ok
OptimizedKernelSHAP,SOUM(n=10),10,1024,42,MAE,1.0427846535255757e-07,0.004216099994664546,ok
OptimizedKernelSHAP,SOUM(n=10),10,1024,42,SSE,2.879596567036257e-13,0.004216099994664546,ok
OptimizedKernelSHAP,SOUM(n=10),10,1024,42,SAE,1.1470631188781333e-06,0.004216099994664546,ok
OptimizedKernelSHAP,SOUM(n=10),10,1024,42,Precision@5,1.0,0.004216099994664546,ok
OptimizedKernelSHAP,SOUM(n=10),10,1024,42,Precision@10,1.0,0.004216099994664546,ok
OptimizedKernelSHAP,SOUM(n=10),10,1024,42,KendallTau,0.9999999999999999,0.004216099994664546,ok
OptimizedKernelSHAP,SOUM(n=10),10,1024,42,L2_Norm_Error,1.7927291552790735e-13,0.004216099994664546,ok
OwenSamplingSV,SOUM(n=10),10,51,1337,MSE,0.02218945537170674,0.01547009999922011,ok
OwenSamplingSV,SOUM(n=10),10,51,1337,MAE,0.12473527107607264,0.01547009999922011,ok
OwenSamplingSV,SOUM(n=10),10,51,1337,SSE,0.24408400908877412,0.01547009999922011,ok
OwenSamplingSV,SOUM(n=10),10,51,1337,SAE,1.372087981836799,0.01547009999922011,ok
OwenSamplingSV,SOUM(n=10),10,51,1337,Precision@5,0.8,0.01547009999922011,ok
OwenSamplingSV,SOUM(n=10),10,51,1337,Precision@10,1.0,0.01547009999922011,ok
OwenSamplingSV,SOUM(n=10),10,51,1337,KendallTau,0.9309493362512627,0.01547009999922011,ok
OwenSamplingSV,SOUM(n=10),10,51,1337,L2_Norm_Error,0.06567445605274053,0.01547009999922011,ok
StratifiedSamplingSV,SOUM(n=10),10,51,1337,MSE,0.03793361859969397,0.014082800000323914,ok
StratifiedSamplingSV,SOUM(n=10),10,51,1337,MAE,0.14516257843157562,0.014082800000323914,ok
StratifiedSamplingSV,SOUM(n=10),10,51,1337,SSE,0.4172698045966337,0.014082800000323914,ok
StratifiedSamplingSV,SOUM(n=10),10,51,1337,SAE,1.5967883627473318,0.014082800000323914,ok
StratifiedSamplingSV,SOUM(n=10),10,51,1337,Precision@5,0.8,0.014082800000323914,ok
StratifiedSamplingSV,SOUM(n=10),10,51,1337,Precision@10,1.0,0.014082800000323914,ok
StratifiedSamplingSV,SOUM(n=10),10,51,1337,KendallTau,0.8819171036881969,0.014082800000323914,ok
StratifiedSamplingSV,SOUM(n=10),10,51,1337,L2_Norm_Error,0.11227268654928695,0.014082800000323914,ok
SVARM,SOUM(n=10),10,51,1337,MSE,0.04316611828317387,0.01468340000428725,ok
SVARM,SOUM(n=10),10,51,1337,MAE,0.14574164759698302,0.01468340000428725,ok
SVARM,SOUM(n=10),10,51,1337,SSE,0.47482730111491256,0.01468340000428725,ok
SVARM,SOUM(n=10),10,51,1337,SAE,1.603158123566813,0.01468340000428725,ok
SVARM,SOUM(n=10),10,51,1337,Precision@5,0.6,0.01468340000428725,ok
SVARM,SOUM(n=10),10,51,1337,Precision@10,1.0,0.01468340000428725,ok
SVARM,SOUM(n=10),10,51,1337,KendallTau,0.7333333333333333,0.01468340000428725,ok
SVARM,SOUM(n=10),10,51,1337,L2_Norm_Error,0.1277593924982238,0.01468340000428725,ok
UnbiasedKernelSHAP,SOUM(n=10),10,51,1337,MSE,0.09817123760526773,0.0042097000041394494,ok
UnbiasedKernelSHAP,SOUM(n=10),10,51,1337,MAE,0.23394909553209653,0.0042097000041394494,ok
UnbiasedKernelSHAP,SOUM(n=10),10,51,1337,SSE,1.079883613657945,0.0042097000041394494,ok
UnbiasedKernelSHAP,SOUM(n=10),10,51,1337,SAE,2.573440050853062,0.0042097000041394494,ok
UnbiasedKernelSHAP,SOUM(n=10),10,51,1337,Precision@5,0.8,0.0042097000041394494,ok
UnbiasedKernelSHAP,SOUM(n=10),10,51,1337,Precision@10,1.0,0.0042097000041394494,ok
UnbiasedKernelSHAP,SOUM(n=10),10,51,1337,KendallTau,0.8666666666666666,0.0042097000041394494,ok
UnbiasedKernelSHAP,SOUM(n=10),10,51,1337,L2_Norm_Error,0.290558849766595,0.0042097000041394494,ok
PermutationSamplingSV,SOUM(n=10),10,51,1337,MSE,0.029953072810988947,0.0017672999965725467,ok
PermutationSamplingSV,SOUM(n=10),10,51,1337,MAE,0.12219500432502821,0.0017672999965725467,ok
PermutationSamplingSV,SOUM(n=10),10,51,1337,SSE,0.3294838009208784,0.0017672999965725467,ok
PermutationSamplingSV,SOUM(n=10),10,51,1337,SAE,1.3441450475753103,0.0017672999965725467,ok
PermutationSamplingSV,SOUM(n=10),10,51,1337,Precision@5,1.0,0.0017672999965725467,ok
PermutationSamplingSV,SOUM(n=10),10,51,1337,Precision@10,1.0,0.0017672999965725467,ok
PermutationSamplingSV,SOUM(n=10),10,51,1337,KendallTau,0.7333333333333333,0.0017672999965725467,ok
PermutationSamplingSV,SOUM(n=10),10,51,1337,L2_Norm_Error,0.08865254829454267,0.0017672999965725467,ok
KernelSHAP,SOUM(n=10),10,51,1337,MSE,0.008638334194265395,0.0034776999964378774,ok
KernelSHAP,SOUM(n=10),10,51,1337,MAE,0.06267998927582236,0.0034776999964378774,ok
KernelSHAP,SOUM(n=10),10,51,1337,SSE,0.09502167613691935,0.0034776999964378774,ok
KernelSHAP,SOUM(n=10),10,51,1337,SAE,0.689479882034046,0.0034776999964378774,ok
KernelSHAP,SOUM(n=10),10,51,1337,Precision@5,0.8,0.0034776999964378774,ok
KernelSHAP,SOUM(n=10),10,51,1337,Precision@10,1.0,0.0034776999964378774,ok
KernelSHAP,SOUM(n=10),10,51,1337,KendallTau,0.8666666666666666,0.0034776999964378774,ok
KernelSHAP,SOUM(n=10),10,51,1337,L2_Norm_Error,0.025567004232719577,0.0034776999964378774,ok
LeverageSHAP,SOUM(n=10),10,51,1337,MSE,0.005343877901846036,0.0009338000018033199,ok
LeverageSHAP,SOUM(n=10),10,51,1337,MAE,0.057397461956772776,0.0009338000018033199,ok
LeverageSHAP,SOUM(n=10),10,51,1337,SSE,0.058782656920306396,0.0009338000018033199,ok
LeverageSHAP,SOUM(n=10),10,51,1337,SAE,0.6313720815245005,0.0009338000018033199,ok
LeverageSHAP,SOUM(n=10),10,51,1337,Precision@5,1.0,0.0009338000018033199,ok
LeverageSHAP,SOUM(n=10),10,51,1337,Precision@10,1.0,0.0009338000018033199,ok
LeverageSHAP,SOUM(n=10),10,51,1337,KendallTau,0.9555555555555554,0.0009338000018033199,ok
LeverageSHAP,SOUM(n=10),10,51,1337,L2_Norm_Error,0.01581635369309221,0.0009338000018033199,ok
kADDSHAP,SOUM(n=10),10,51,1337,MSE,0.008638331675384948,0.0037096000014571473,ok
kADDSHAP,SOUM(n=10),10,51,1337,MAE,0.06267996969629465,0.0037096000014571473,ok
kADDSHAP,SOUM(n=10),10,51,1337,SSE,0.09502164842923444,0.0037096000014571473,ok
kADDSHAP,SOUM(n=10),10,51,1337,SAE,0.6894796666592412,0.0037096000014571473,ok
kADDSHAP,SOUM(n=10),10,51,1337,Precision@5,0.8,0.0037096000014571473,ok
kADDSHAP,SOUM(n=10),10,51,1337,Precision@10,1.0,0.0037096000014571473,ok
kADDSHAP,SOUM(n=10),10,51,1337,KendallTau,0.8666666666666666,0.0037096000014571473,ok
kADDSHAP,SOUM(n=10),10,51,1337,L2_Norm_Error,0.025566996777552232,0.0037096000014571473,ok
SPEX,SOUM(n=10),10,51,1337,_,,0.2021874000056414,skipped:refused_regime(ValueError)
RegressionMSR,SOUM(n=10),10,51,1337,MSE,0.011703941608777024,0.04096189999836497,ok
RegressionMSR,SOUM(n=10),10,51,1337,MAE,0.08110095623618073,0.04096189999836497,ok
RegressionMSR,SOUM(n=10),10,51,1337,SSE,0.12874335769654727,0.04096189999836497,ok
RegressionMSR,SOUM(n=10),10,51,1337,SAE,0.892110518597988,0.04096189999836497,ok
RegressionMSR,SOUM(n=10),10,51,1337,Precision@5,0.8,0.04096189999836497,ok
RegressionMSR,SOUM(n=10),10,51,1337,Precision@10,1.0,0.04096189999836497,ok
RegressionMSR,SOUM(n=10),10,51,1337,KendallTau,0.8666666666666666,0.04096189999836497,ok
RegressionMSR,SOUM(n=10),10,51,1337,L2_Norm_Error,0.03464032739665866,0.04096189999836497,ok
ProxySPEX,SOUM(n=10),10,51,1337,MSE,0.15955241588189445,0.9655872000003001,ok
ProxySPEX,SOUM(n=10),10,51,1337,MAE,0.32533992910212295,0.9655872000003001,ok
ProxySPEX,SOUM(n=10),10,51,1337,SSE,1.755076574700839,0.9655872000003001,ok
ProxySPEX,SOUM(n=10),10,51,1337,SAE,3.5787392201233525,0.9655872000003001,ok
ProxySPEX,SOUM(n=10),10,51,1337,Precision@5,0.8,0.9655872000003001,ok
ProxySPEX,SOUM(n=10),10,51,1337,Precision@10,1.0,0.9655872000003001,ok
ProxySPEX,SOUM(n=10),10,51,1337,KendallTau,0.7399853698407473,0.9655872000003001,ok
ProxySPEX,SOUM(n=10),10,51,1337,L2_Norm_Error,0.38036636538740093,0.9655872000003001,ok
OddSHAP,SOUM(n=10),10,51,1337,MSE,0.013249237677978726,0.016385499999159947,ok
OddSHAP,SOUM(n=10),10,51,1337,MAE,0.09336178852669698,0.016385499999159947,ok
OddSHAP,SOUM(n=10),10,51,1337,SSE,0.14574161445776598,0.016385499999159947,ok
OddSHAP,SOUM(n=10),10,51,1337,SAE,1.0269796737936667,0.016385499999159947,ok
OddSHAP,SOUM(n=10),10,51,1337,Precision@5,0.8,0.016385499999159947,ok
OddSHAP,SOUM(n=10),10,51,1337,Precision@10,1.0,0.016385499999159947,ok
OddSHAP,SOUM(n=10),10,51,1337,KendallTau,0.8832083446486338,0.016385499999159947,ok
OddSHAP,SOUM(n=10),10,51,1337,L2_Norm_Error,0.03921396280524391,0.016385499999159947,ok
ShaplEIG,SOUM(n=10),10,51,1337,_,,0.0,skipped:incompatible_constructor(ImportError)
PolySHAPKAdd,SOUM(n=10),10,51,1337,MSE,0.008638332489238254,0.0033152999967569485,ok
PolySHAPKAdd,SOUM(n=10),10,51,1337,MAE,0.06267997585169716,0.0033152999967569485,ok
PolySHAPKAdd,SOUM(n=10),10,51,1337,SSE,0.0950216573816208,0.0033152999967569485,ok
PolySHAPKAdd,SOUM(n=10),10,51,1337,SAE,0.6894797343686687,0.0033152999967569485,ok
PolySHAPKAdd,SOUM(n=10),10,51,1337,Precision@5,0.8,0.0033152999967569485,ok
PolySHAPKAdd,SOUM(n=10),10,51,1337,Precision@10,1.0,0.0033152999967569485,ok
PolySHAPKAdd,SOUM(n=10),10,51,1337,KendallTau,0.8666666666666666,0.0033152999967569485,ok
PolySHAPKAdd,SOUM(n=10),10,51,1337,L2_Norm_Error,0.025566999186325785,0.0033152999967569485,ok
PolySHAPPartial,SOUM(n=10),10,51,1337,MSE,0.008638332489238254,0.0032128000020748004,ok
PolySHAPPartial,SOUM(n=10),10,51,1337,MAE,0.06267997585169716,0.0032128000020748004,ok
PolySHAPPartial,SOUM(n=10),10,51,1337,SSE,0.0950216573816208,0.0032128000020748004,ok
PolySHAPPartial,SOUM(n=10),10,51,1337,SAE,0.6894797343686687,0.0032128000020748004,ok
PolySHAPPartial,SOUM(n=10),10,51,1337,Precision@5,0.8,0.0032128000020748004,ok
PolySHAPPartial,SOUM(n=10),10,51,1337,Precision@10,1.0,0.0032128000020748004,ok
PolySHAPPartial,SOUM(n=10),10,51,1337,KendallTau,0.8666666666666666,0.0032128000020748004,ok
PolySHAPPartial,SOUM(n=10),10,51,1337,L2_Norm_Error,0.025566999186325785,0.0032128000020748004,ok
OptimizedKernelSHAP,SOUM(n=10),10,51,1337,MSE,0.006917637399429663,0.0024725999974180013,ok
OptimizedKernelSHAP,SOUM(n=10),10,51,1337,MAE,0.05768452624973486,0.0024725999974180013,ok
OptimizedKernelSHAP,SOUM(n=10),10,51,1337,SSE,0.07609401139372629,0.0024725999974180013,ok
OptimizedKernelSHAP,SOUM(n=10),10,51,1337,SAE,0.6345297887470834,0.0024725999974180013,ok
OptimizedKernelSHAP,SOUM(n=10),10,51,1337,Precision@5,0.8,0.0024725999974180013,ok
OptimizedKernelSHAP,SOUM(n=10),10,51,1337,Precision@10,1.0,0.0024725999974180013,ok
OptimizedKernelSHAP,SOUM(n=10),10,51,1337,KendallTau,0.9555555555555554,0.0024725999974180013,ok
OptimizedKernelSHAP,SOUM(n=10),10,51,1337,L2_Norm_Error,0.0204742327275378,0.0024725999974180013,ok
OwenSamplingSV,SOUM(n=10),10,256,1337,MSE,0.007330847942799284,0.08022429999982705,ok
OwenSamplingSV,SOUM(n=10),10,256,1337,MAE,0.0638858388910935,0.08022429999982705,ok
OwenSamplingSV,SOUM(n=10),10,256,1337,SSE,0.08063932737079212,0.08022429999982705,ok
OwenSamplingSV,SOUM(n=10),10,256,1337,SAE,0.7027442278020285,0.08022429999982705,ok
OwenSamplingSV,SOUM(n=10),10,256,1337,Precision@5,1.0,0.08022429999982705,ok
OwenSamplingSV,SOUM(n=10),10,256,1337,Precision@10,1.0,0.08022429999982705,ok
OwenSamplingSV,SOUM(n=10),10,256,1337,KendallTau,0.911111111111111,0.08022429999982705,ok
OwenSamplingSV,SOUM(n=10),10,256,1337,L2_Norm_Error,0.021697218024674,0.08022429999982705,ok
StratifiedSamplingSV,SOUM(n=10),10,256,1337,MSE,0.0020127917978753026,0.07264450000366196,ok
StratifiedSamplingSV,SOUM(n=10),10,256,1337,MAE,0.03551924583641364,0.07264450000366196,ok
StratifiedSamplingSV,SOUM(n=10),10,256,1337,SSE,0.02214070977662833,0.07264450000366196,ok
StratifiedSamplingSV,SOUM(n=10),10,256,1337,SAE,0.39071170420055,0.07264450000366196,ok
StratifiedSamplingSV,SOUM(n=10),10,256,1337,Precision@5,0.8,0.07264450000366196,ok
StratifiedSamplingSV,SOUM(n=10),10,256,1337,Precision@10,1.0,0.07264450000366196,ok
StratifiedSamplingSV,SOUM(n=10),10,256,1337,KendallTau,0.9999999999999999,0.07264450000366196,ok
StratifiedSamplingSV,SOUM(n=10),10,256,1337,L2_Norm_Error,0.005957289363732167,0.07264450000366196,ok
SVARM,SOUM(n=10),10,256,1337,MSE,0.006214870223710706,0.027662699998472817,ok
SVARM,SOUM(n=10),10,256,1337,MAE,0.059439800346475155,0.027662699998472817,ok
SVARM,SOUM(n=10),10,256,1337,SSE,0.06836357246081777,0.027662699998472817,ok
SVARM,SOUM(n=10),10,256,1337,SAE,0.6538378038112267,0.027662699998472817,ok
SVARM,SOUM(n=10),10,256,1337,Precision@5,1.0,0.027662699998472817,ok
SVARM,SOUM(n=10),10,256,1337,Precision@10,1.0,0.027662699998472817,ok
SVARM,SOUM(n=10),10,256,1337,KendallTau,0.9555555555555554,0.027662699998472817,ok
SVARM,SOUM(n=10),10,256,1337,L2_Norm_Error,0.018394242424760347,0.027662699998472817,ok
UnbiasedKernelSHAP,SOUM(n=10),10,256,1337,MSE,0.008257040762833035,0.013625899999169633,ok
UnbiasedKernelSHAP,SOUM(n=10),10,256,1337,MAE,0.07348751897490872,0.013625899999169633,ok
UnbiasedKernelSHAP,SOUM(n=10),10,256,1337,SSE,0.09082744839116338,0.013625899999169633,ok
UnbiasedKernelSHAP,SOUM(n=10),10,256,1337,SAE,0.808362708723996,0.013625899999169633,ok
UnbiasedKernelSHAP,SOUM(n=10),10,256,1337,Precision@5,1.0,0.013625899999169633,ok
UnbiasedKernelSHAP,SOUM(n=10),10,256,1337,Precision@10,1.0,0.013625899999169633,ok
UnbiasedKernelSHAP,SOUM(n=10),10,256,1337,KendallTau,0.8666666666666666,0.013625899999169633,ok
UnbiasedKernelSHAP,SOUM(n=10),10,256,1337,L2_Norm_Error,0.024438484479245473,0.013625899999169633,ok
PermutationSamplingSV,SOUM(n=10),10,256,1337,MSE,0.002828130259306161,0.0033936999971047044,ok
PermutationSamplingSV,SOUM(n=10),10,256,1337,MAE,0.04037401886149419,0.0033936999971047044,ok
PermutationSamplingSV,SOUM(n=10),10,256,1337,SSE,0.03110943285236777,0.0033936999971047044,ok
PermutationSamplingSV,SOUM(n=10),10,256,1337,SAE,0.44411420747643615,0.0033936999971047044,ok
PermutationSamplingSV,SOUM(n=10),10,256,1337,Precision@5,1.0,0.0033936999971047044,ok
PermutationSamplingSV,SOUM(n=10),10,256,1337,Precision@10,1.0,0.0033936999971047044,ok
PermutationSamplingSV,SOUM(n=10),10,256,1337,KendallTau,0.911111111111111,0.0033936999971047044,ok
PermutationSamplingSV,SOUM(n=10),10,256,1337,L2_Norm_Error,0.008370458549562046,0.0033936999971047044,ok
KernelSHAP,SOUM(n=10),10,256,1337,MSE,0.0015553012440049994,0.014222499994502869,ok
KernelSHAP,SOUM(n=10),10,256,1337,MAE,0.029050330035604362,0.014222499994502869,ok
KernelSHAP,SOUM(n=10),10,256,1337,SSE,0.017108313684054993,0.014222499994502869,ok
KernelSHAP,SOUM(n=10),10,256,1337,SAE,0.31955363039164797,0.014222499994502869,ok
KernelSHAP,SOUM(n=10),10,256,1337,Precision@5,1.0,0.014222499994502869,ok
KernelSHAP,SOUM(n=10),10,256,1337,Precision@10,1.0,0.014222499994502869,ok
KernelSHAP,SOUM(n=10),10,256,1337,KendallTau,0.911111111111111,0.014222499994502869,ok
KernelSHAP,SOUM(n=10),10,256,1337,L2_Norm_Error,0.0046032478709874015,0.014222499994502869,ok
LeverageSHAP,SOUM(n=10),10,256,1337,MSE,0.00020862875231792593,0.001958300003025215,ok
LeverageSHAP,SOUM(n=10),10,256,1337,MAE,0.011001591821490833,0.001958300003025215,ok
LeverageSHAP,SOUM(n=10),10,256,1337,SSE,0.002294916275497185,0.001958300003025215,ok
LeverageSHAP,SOUM(n=10),10,256,1337,SAE,0.12101751003639917,0.001958300003025215,ok
LeverageSHAP,SOUM(n=10),10,256,1337,Precision@5,1.0,0.001958300003025215,ok
LeverageSHAP,SOUM(n=10),10,256,1337,Precision@10,1.0,0.001958300003025215,ok
LeverageSHAP,SOUM(n=10),10,256,1337,KendallTau,0.9555555555555554,0.001958300003025215,ok
LeverageSHAP,SOUM(n=10),10,256,1337,L2_Norm_Error,0.0006174815738340419,0.001958300003025215,ok
kADDSHAP,SOUM(n=10),10,256,1337,MSE,0.0015553011086446022,0.013234999998530839,ok
kADDSHAP,SOUM(n=10),10,256,1337,MAE,0.029050332932962344,0.013234999998530839,ok
kADDSHAP,SOUM(n=10),10,256,1337,SSE,0.017108312195090625,0.013234999998530839,ok
kADDSHAP,SOUM(n=10),10,256,1337,SAE,0.3195536622625858,0.013234999998530839,ok
kADDSHAP,SOUM(n=10),10,256,1337,Precision@5,1.0,0.013234999998530839,ok
kADDSHAP,SOUM(n=10),10,256,1337,Precision@10,1.0,0.013234999998530839,ok
kADDSHAP,SOUM(n=10),10,256,1337,KendallTau,0.911111111111111,0.013234999998530839,ok
kADDSHAP,SOUM(n=10),10,256,1337,L2_Norm_Error,0.004603247470359251,0.013234999998530839,ok
SPEX,SOUM(n=10),10,256,1337,_,,0.19315619999542832,skipped:refused_regime(ValueError)
RegressionMSR,SOUM(n=10),10,256,1337,MSE,0.0008918040592957941,0.06305399999837391,ok
RegressionMSR,SOUM(n=10),10,256,1337,MAE,0.022015356982616367,0.06305399999837391,ok
RegressionMSR,SOUM(n=10),10,256,1337,SSE,0.009809844652253735,0.06305399999837391,ok
RegressionMSR,SOUM(n=10),10,256,1337,SAE,0.24216892680878002,0.06305399999837391,ok
RegressionMSR,SOUM(n=10),10,256,1337,Precision@5,1.0,0.06305399999837391,ok
RegressionMSR,SOUM(n=10),10,256,1337,Precision@10,1.0,0.06305399999837391,ok
RegressionMSR,SOUM(n=10),10,256,1337,KendallTau,0.9555555555555554,0.06305399999837391,ok
RegressionMSR,SOUM(n=10),10,256,1337,L2_Norm_Error,0.002639485535753928,0.06305399999837391,ok
ProxySPEX,SOUM(n=10),10,256,1337,MSE,0.03321146503438811,2.3226857999979984,ok
ProxySPEX,SOUM(n=10),10,256,1337,MAE,0.09039417693491873,2.3226857999979984,ok
ProxySPEX,SOUM(n=10),10,256,1337,SSE,0.36532611537826926,2.3226857999979984,ok
ProxySPEX,SOUM(n=10),10,256,1337,SAE,0.994335946284106,2.3226857999979984,ok
ProxySPEX,SOUM(n=10),10,256,1337,Precision@5,1.0,2.3226857999979984,ok
ProxySPEX,SOUM(n=10),10,256,1337,Precision@10,1.0,2.3226857999979984,ok
ProxySPEX,SOUM(n=10),10,256,1337,KendallTau,0.9888264649460883,2.3226857999979984,ok
ProxySPEX,SOUM(n=10),10,256,1337,L2_Norm_Error,0.006433202761165654,2.3226857999979984,ok
OddSHAP,SOUM(n=10),10,256,1337,MSE,3.0399235676355616e-05,0.02935760000400478,ok
OddSHAP,SOUM(n=10),10,256,1337,MAE,0.004621004457930547,0.02935760000400478,ok
OddSHAP,SOUM(n=10),10,256,1337,SSE,0.00033439159243991176,0.02935760000400478,ok
OddSHAP,SOUM(n=10),10,256,1337,SAE,0.05083104903723602,0.02935760000400478,ok
OddSHAP,SOUM(n=10),10,256,1337,Precision@5,1.0,0.02935760000400478,ok
OddSHAP,SOUM(n=10),10,256,1337,Precision@10,1.0,0.02935760000400478,ok
OddSHAP,SOUM(n=10),10,256,1337,KendallTau,0.9555555555555554,0.02935760000400478,ok
OddSHAP,SOUM(n=10),10,256,1337,L2_Norm_Error,8.99730630617167e-05,0.02935760000400478,ok
ShaplEIG,SOUM(n=10),10,256,1337,_,,0.0,skipped:incompatible_constructor(ImportError)
PolySHAPKAdd,SOUM(n=10),10,256,1337,MSE,0.00155529949574213,0.01315440000325907,ok
PolySHAPKAdd,SOUM(n=10),10,256,1337,MAE,0.029050323461406628,0.01315440000325907,ok
PolySHAPKAdd,SOUM(n=10),10,256,1337,SSE,0.01710829445316343,0.01315440000325907,ok
PolySHAPKAdd,SOUM(n=10),10,256,1337,SAE,0.3195535580754729,0.01315440000325907,ok
PolySHAPKAdd,SOUM(n=10),10,256,1337,Precision@5,1.0,0.01315440000325907,ok
PolySHAPKAdd,SOUM(n=10),10,256,1337,Precision@10,1.0,0.01315440000325907,ok
PolySHAPKAdd,SOUM(n=10),10,256,1337,KendallTau,0.911111111111111,0.01315440000325907,ok
PolySHAPKAdd,SOUM(n=10),10,256,1337,L2_Norm_Error,0.004603242696628182,0.01315440000325907,ok
PolySHAPPartial,SOUM(n=10),10,256,1337,MSE,0.00155529949574213,0.013271499999973457,ok
PolySHAPPartial,SOUM(n=10),10,256,1337,MAE,0.029050323461406628,0.013271499999973457,ok
PolySHAPPartial,SOUM(n=10),10,256,1337,SSE,0.01710829445316343,0.013271499999973457,ok
PolySHAPPartial,SOUM(n=10),10,256,1337,SAE,0.3195535580754729,0.013271499999973457,ok
PolySHAPPartial,SOUM(n=10),10,256,1337,Precision@5,1.0,0.013271499999973457,ok
PolySHAPPartial,SOUM(n=10),10,256,1337,Precision@10,1.0,0.013271499999973457,ok
PolySHAPPartial,SOUM(n=10),10,256,1337,KendallTau,0.911111111111111,0.013271499999973457,ok
PolySHAPPartial,SOUM(n=10),10,256,1337,L2_Norm_Error,0.004603242696628182,0.013271499999973457,ok
OptimizedKernelSHAP,SOUM(n=10),10,256,1337,MSE,0.0005289752267344378,0.009072499997273553,ok
OptimizedKernelSHAP,SOUM(n=10),10,256,1337,MAE,0.017245752614022603,0.009072499997273553,ok
OptimizedKernelSHAP,SOUM(n=10),10,256,1337,SSE,0.005818727494078815,0.009072499997273553,ok
OptimizedKernelSHAP,SOUM(n=10),10,256,1337,SAE,0.18970327875424864,0.009072499997273553,ok
OptimizedKernelSHAP,SOUM(n=10),10,256,1337,Precision@5,1.0,0.009072499997273553,ok
OptimizedKernelSHAP,SOUM(n=10),10,256,1337,Precision@10,1.0,0.009072499997273553,ok
OptimizedKernelSHAP,SOUM(n=10),10,256,1337,KendallTau,0.9999999999999999,0.009072499997273553,ok
OptimizedKernelSHAP,SOUM(n=10),10,256,1337,L2_Norm_Error,0.0015656157259927913,0.009072499997273553,ok
OwenSamplingSV,SOUM(n=10),10,512,1337,MSE,0.002036142314541997,0.16947780000191415,ok
OwenSamplingSV,SOUM(n=10),10,512,1337,MAE,0.03323630778549473,0.16947780000191415,ok
OwenSamplingSV,SOUM(n=10),10,512,1337,SSE,0.022397565459961966,0.16947780000191415,ok
OwenSamplingSV,SOUM(n=10),10,512,1337,SAE,0.36559938564044203,0.16947780000191415,ok
OwenSamplingSV,SOUM(n=10),10,512,1337,Precision@5,1.0,0.16947780000191415,ok
OwenSamplingSV,SOUM(n=10),10,512,1337,Precision@10,1.0,0.16947780000191415,ok
OwenSamplingSV,SOUM(n=10),10,512,1337,KendallTau,0.9555555555555554,0.16947780000191415,ok
OwenSamplingSV,SOUM(n=10),10,512,1337,L2_Norm_Error,0.006026400229904708,0.16947780000191415,ok
StratifiedSamplingSV,SOUM(n=10),10,512,1337,MSE,0.0011994502209045211,0.14070950000314042,ok
StratifiedSamplingSV,SOUM(n=10),10,512,1337,MAE,0.02557857944544063,0.14070950000314042,ok
StratifiedSamplingSV,SOUM(n=10),10,512,1337,SSE,0.013193952429949732,0.14070950000314042,ok
StratifiedSamplingSV,SOUM(n=10),10,512,1337,SAE,0.2813643738998469,0.14070950000314042,ok
StratifiedSamplingSV,SOUM(n=10),10,512,1337,Precision@5,1.0,0.14070950000314042,ok
StratifiedSamplingSV,SOUM(n=10),10,512,1337,Precision@10,1.0,0.14070950000314042,ok
StratifiedSamplingSV,SOUM(n=10),10,512,1337,KendallTau,0.911111111111111,0.14070950000314042,ok
StratifiedSamplingSV,SOUM(n=10),10,512,1337,L2_Norm_Error,0.0035500303860853577,0.14070950000314042,ok
SVARM,SOUM(n=10),10,512,1337,MSE,0.0013470802475293543,0.038993800000753254,ok
SVARM,SOUM(n=10),10,512,1337,MAE,0.02459440205356759,0.038993800000753254,ok
SVARM,SOUM(n=10),10,512,1337,SSE,0.014817882722822898,0.038993800000753254,ok
SVARM,SOUM(n=10),10,512,1337,SAE,0.2705384225892435,0.038993800000753254,ok
SVARM,SOUM(n=10),10,512,1337,Precision@5,1.0,0.038993800000753254,ok
SVARM,SOUM(n=10),10,512,1337,Precision@10,1.0,0.038993800000753254,ok
SVARM,SOUM(n=10),10,512,1337,KendallTau,0.9999999999999999,0.038993800000753254,ok
SVARM,SOUM(n=10),10,512,1337,L2_Norm_Error,0.003986973138091793,0.038993800000753254,ok
UnbiasedKernelSHAP,SOUM(n=10),10,512,1337,MSE,0.0015846174996161832,0.026598700002068654,ok
UnbiasedKernelSHAP,SOUM(n=10),10,512,1337,MAE,0.030725028358239325,0.026598700002068654,ok
UnbiasedKernelSHAP,SOUM(n=10),10,512,1337,SSE,0.017430792495778016,0.026598700002068654,ok
UnbiasedKernelSHAP,SOUM(n=10),10,512,1337,SAE,0.3379753119406326,0.026598700002068654,ok
UnbiasedKernelSHAP,SOUM(n=10),10,512,1337,Precision@5,1.0,0.026598700002068654,ok
UnbiasedKernelSHAP,SOUM(n=10),10,512,1337,Precision@10,1.0,0.026598700002068654,ok
UnbiasedKernelSHAP,SOUM(n=10),10,512,1337,KendallTau,0.911111111111111,0.026598700002068654,ok
UnbiasedKernelSHAP,SOUM(n=10),10,512,1337,L2_Norm_Error,0.00469001562208879,0.026598700002068654,ok
PermutationSamplingSV,SOUM(n=10),10,512,1337,MSE,0.00058549216798899,0.0060945000004721805,ok
PermutationSamplingSV,SOUM(n=10),10,512,1337,MAE,0.016725717331509835,0.0060945000004721805,ok
PermutationSamplingSV,SOUM(n=10),10,512,1337,SSE,0.006440413847878889,0.0060945000004721805,ok
PermutationSamplingSV,SOUM(n=10),10,512,1337,SAE,0.18398289064660817,0.0060945000004721805,ok
PermutationSamplingSV,SOUM(n=10),10,512,1337,Precision@5,1.0,0.0060945000004721805,ok
PermutationSamplingSV,SOUM(n=10),10,512,1337,Precision@10,1.0,0.0060945000004721805,ok
PermutationSamplingSV,SOUM(n=10),10,512,1337,KendallTau,0.9555555555555554,0.0060945000004721805,ok
PermutationSamplingSV,SOUM(n=10),10,512,1337,L2_Norm_Error,0.0017328897447769626,0.0060945000004721805,ok
KernelSHAP,SOUM(n=10),10,512,1337,MSE,0.0005550105399336717,0.02265169999736827,ok
KernelSHAP,SOUM(n=10),10,512,1337,MAE,0.019171586726852166,0.02265169999736827,ok
KernelSHAP,SOUM(n=10),10,512,1337,SSE,0.006105115939270388,0.02265169999736827,ok
KernelSHAP,SOUM(n=10),10,512,1337,SAE,0.2108874539953738,0.02265169999736827,ok
KernelSHAP,SOUM(n=10),10,512,1337,Precision@5,0.8,0.02265169999736827,ok
KernelSHAP,SOUM(n=10),10,512,1337,Precision@10,1.0,0.02265169999736827,ok
KernelSHAP,SOUM(n=10),10,512,1337,KendallTau,0.9999999999999999,0.02265169999736827,ok
KernelSHAP,SOUM(n=10),10,512,1337,L2_Norm_Error,0.0016426728237845026,0.02265169999736827,ok
LeverageSHAP,SOUM(n=10),10,512,1337,MSE,8.083048638698574e-05,0.003117000000202097,ok
LeverageSHAP,SOUM(n=10),10,512,1337,MAE,0.007677541944350672,0.003117000000202097,ok
LeverageSHAP,SOUM(n=10),10,512,1337,SSE,0.0008891353502568432,0.003117000000202097,ok
LeverageSHAP,SOUM(n=10),10,512,1337,SAE,0.08445296138785739,0.003117000000202097,ok
LeverageSHAP,SOUM(n=10),10,512,1337,Precision@5,1.0,0.003117000000202097,ok
LeverageSHAP,SOUM(n=10),10,512,1337,Precision@10,1.0,0.003117000000202097,ok
LeverageSHAP,SOUM(n=10),10,512,1337,KendallTau,0.9555555555555554,0.003117000000202097,ok
LeverageSHAP,SOUM(n=10),10,512,1337,L2_Norm_Error,0.00023923517441137737,0.003117000000202097,ok
kADDSHAP,SOUM(n=10),10,512,1337,MSE,0.0005550106745203311,0.022705799994582776,ok
kADDSHAP,SOUM(n=10),10,512,1337,MAE,0.019171583660491733,0.022705799994582776,ok
kADDSHAP,SOUM(n=10),10,512,1337,SSE,0.0061051174197236414,0.022705799994582776,ok
kADDSHAP,SOUM(n=10),10,512,1337,SAE,0.21088742026540905,0.022705799994582776,ok
kADDSHAP,SOUM(n=10),10,512,1337,Precision@5,0.8,0.022705799994582776,ok
kADDSHAP,SOUM(n=10),10,512,1337,Precision@10,1.0,0.022705799994582776,ok
kADDSHAP,SOUM(n=10),10,512,1337,KendallTau,0.9999999999999999,0.022705799994582776,ok
kADDSHAP,SOUM(n=10),10,512,1337,L2_Norm_Error,0.0016426732221226101,0.022705799994582776,ok
SPEX,SOUM(n=10),10,512,1337,MSE,0.031037876431299627,0.6549771000063629,ok
SPEX,SOUM(n=10),10,512,1337,MAE,0.05313009250288963,0.6549771000063629,ok
SPEX,SOUM(n=10),10,512,1337,SSE,0.3414166407442959,0.6549771000063629,ok
SPEX,SOUM(n=10),10,512,1337,SAE,0.584431017531786,0.6549771000063629,ok
SPEX,SOUM(n=10),10,512,1337,Precision@5,1.0,0.6549771000063629,ok
SPEX,SOUM(n=10),10,512,1337,Precision@10,1.0,0.6549771000063629,ok
SPEX,SOUM(n=10),10,512,1337,KendallTau,0.9555555555555554,0.6549771000063629,ok
SPEX,SOUM(n=10),10,512,1337,L2_Norm_Error,7.379970890678663e-10,0.6549771000063629,ok
RegressionMSR,SOUM(n=10),10,512,1337,MSE,1.4367568808608865e-05,0.09604640000179643,ok
RegressionMSR,SOUM(n=10),10,512,1337,MAE,0.002965735870830223,0.09604640000179643,ok
RegressionMSR,SOUM(n=10),10,512,1337,SSE,0.0001580432568946975,0.09604640000179643,ok
RegressionMSR,SOUM(n=10),10,512,1337,SAE,0.032623094579132456,0.09604640000179643,ok
RegressionMSR,SOUM(n=10),10,512,1337,Precision@5,1.0,0.09604640000179643,ok
RegressionMSR,SOUM(n=10),10,512,1337,Precision@10,1.0,0.09604640000179643,ok
RegressionMSR,SOUM(n=10),10,512,1337,KendallTau,0.9555555555555554,0.09604640000179643,ok
RegressionMSR,SOUM(n=10),10,512,1337,L2_Norm_Error,4.252390383176544e-05,0.09604640000179643,ok
ProxySPEX,SOUM(n=10),10,512,1337,MSE,0.03634155710131706,3.266658599997754,ok
ProxySPEX,SOUM(n=10),10,512,1337,MAE,0.1029638187110513,3.266658599997754,ok
ProxySPEX,SOUM(n=10),10,512,1337,SSE,0.3997571281144877,3.266658599997754,ok
ProxySPEX,SOUM(n=10),10,512,1337,SAE,1.1326020058215642,3.266658599997754,ok
ProxySPEX,SOUM(n=10),10,512,1337,Precision@5,1.0,3.266658599997754,ok
ProxySPEX,SOUM(n=10),10,512,1337,Precision@10,1.0,3.266658599997754,ok
ProxySPEX,SOUM(n=10),10,512,1337,KendallTau,0.8989331499509894,3.266658599997754,ok
ProxySPEX,SOUM(n=10),10,512,1337,L2_Norm_Error,0.015697382095313298,3.266658599997754,ok
OddSHAP,SOUM(n=10),10,512,1337,MSE,1.2913710446197214e-30,0.05260430000635097,ok
OddSHAP,SOUM(n=10),10,512,1337,MAE,8.137430123673022e-16,0.05260430000635097,ok
OddSHAP,SOUM(n=10),10,512,1337,SSE,1.4205081490816935e-29,0.05260430000635097,ok
OddSHAP,SOUM(n=10),10,512,1337,SAE,8.951173136040325e-15,0.05260430000635097,ok
OddSHAP,SOUM(n=10),10,512,1337,Precision@5,1.0,0.05260430000635097,ok
OddSHAP,SOUM(n=10),10,512,1337,Precision@10,1.0,0.05260430000635097,ok
OddSHAP,SOUM(n=10),10,512,1337,KendallTau,0.9555555555555554,0.05260430000635097,ok
OddSHAP,SOUM(n=10),10,512,1337,L2_Norm_Error,3.8220897943173e-30,0.05260430000635097,ok
ShaplEIG,SOUM(n=10),10,512,1337,_,,0.0,skipped:incompatible_constructor(ImportError)
PolySHAPKAdd,SOUM(n=10),10,512,1337,MSE,0.0005550096636789593,0.021968499997456092,ok
PolySHAPKAdd,SOUM(n=10),10,512,1337,MAE,0.01917155104239599,0.021968499997456092,ok
PolySHAPKAdd,SOUM(n=10),10,512,1337,SSE,0.006105106300468553,0.021968499997456092,ok
PolySHAPKAdd,SOUM(n=10),10,512,1337,SAE,0.2108870614663559,0.021968499997456092,ok
PolySHAPKAdd,SOUM(n=10),10,512,1337,Precision@5,0.8,0.021968499997456092,ok
PolySHAPKAdd,SOUM(n=10),10,512,1337,Precision@10,1.0,0.021968499997456092,ok
PolySHAPKAdd,SOUM(n=10),10,512,1337,KendallTau,0.9999999999999999,0.021968499997456092,ok
PolySHAPKAdd,SOUM(n=10),10,512,1337,L2_Norm_Error,0.0016426702303205972,0.021968499997456092,ok
PolySHAPPartial,SOUM(n=10),10,512,1337,MSE,0.0005550096636789593,0.02279650000127731,ok
PolySHAPPartial,SOUM(n=10),10,512,1337,MAE,0.01917155104239599,0.02279650000127731,ok
PolySHAPPartial,SOUM(n=10),10,512,1337,SSE,0.006105106300468553,0.02279650000127731,ok
PolySHAPPartial,SOUM(n=10),10,512,1337,SAE,0.2108870614663559,0.02279650000127731,ok
PolySHAPPartial,SOUM(n=10),10,512,1337,Precision@5,0.8,0.02279650000127731,ok
PolySHAPPartial,SOUM(n=10),10,512,1337,Precision@10,1.0,0.02279650000127731,ok
PolySHAPPartial,SOUM(n=10),10,512,1337,KendallTau,0.9999999999999999,0.02279650000127731,ok
PolySHAPPartial,SOUM(n=10),10,512,1337,L2_Norm_Error,0.0016426702303205972,0.02279650000127731,ok
OptimizedKernelSHAP,SOUM(n=10),10,512,1337,MSE,0.00018649109575358995,0.014289700004155748,ok
OptimizedKernelSHAP,SOUM(n=10),10,512,1337,MAE,0.011523108094219258,0.014289700004155748,ok
OptimizedKernelSHAP,SOUM(n=10),10,512,1337,SSE,0.0020514020532894895,0.014289700004155748,ok
OptimizedKernelSHAP,SOUM(n=10),10,512,1337,SAE,0.12675418903641184,0.014289700004155748,ok
OptimizedKernelSHAP,SOUM(n=10),10,512,1337,Precision@5,1.0,0.014289700004155748,ok
OptimizedKernelSHAP,SOUM(n=10),10,512,1337,Precision@10,1.0,0.014289700004155748,ok
OptimizedKernelSHAP,SOUM(n=10),10,512,1337,KendallTau,0.9555555555555554,0.014289700004155748,ok
OptimizedKernelSHAP,SOUM(n=10),10,512,1337,L2_Norm_Error,0.0005519604274701275,0.014289700004155748,ok
OwenSamplingSV,SOUM(n=10),10,1024,1337,MSE,0.0009997310776469303,0.3002097999997204,ok
OwenSamplingSV,SOUM(n=10),10,1024,1337,MAE,0.024081954820071447,0.3002097999997204,ok
OwenSamplingSV,SOUM(n=10),10,1024,1337,SSE,0.010997041854116233,0.3002097999997204,ok
OwenSamplingSV,SOUM(n=10),10,1024,1337,SAE,0.2649015030207859,0.3002097999997204,ok
OwenSamplingSV,SOUM(n=10),10,1024,1337,Precision@5,1.0,0.3002097999997204,ok
OwenSamplingSV,SOUM(n=10),10,1024,1337,Precision@10,1.0,0.3002097999997204,ok
OwenSamplingSV,SOUM(n=10),10,1024,1337,KendallTau,0.911111111111111,0.3002097999997204,ok
OwenSamplingSV,SOUM(n=10),10,1024,1337,L2_Norm_Error,0.002958918712678262,0.3002097999997204,ok
StratifiedSamplingSV,SOUM(n=10),10,1024,1337,MSE,0.00042101123804240154,0.28488629999628756,ok
StratifiedSamplingSV,SOUM(n=10),10,1024,1337,MAE,0.014118948468954083,0.28488629999628756,ok
StratifiedSamplingSV,SOUM(n=10),10,1024,1337,SSE,0.004631123618466417,0.28488629999628756,ok
StratifiedSamplingSV,SOUM(n=10),10,1024,1337,SAE,0.1553084331584949,0.28488629999628756,ok
StratifiedSamplingSV,SOUM(n=10),10,1024,1337,Precision@5,1.0,0.28488629999628756,ok
StratifiedSamplingSV,SOUM(n=10),10,1024,1337,Precision@10,1.0,0.28488629999628756,ok
StratifiedSamplingSV,SOUM(n=10),10,1024,1337,KendallTau,0.9555555555555554,0.28488629999628756,ok
StratifiedSamplingSV,SOUM(n=10),10,1024,1337,L2_Norm_Error,0.0012460731274090238,0.28488629999628756,ok
SVARM,SOUM(n=10),10,1024,1337,MSE,1.1570987105878513e-30,0.025957300000300165,ok
SVARM,SOUM(n=10),10,1024,1337,MAE,7.266914343001025e-16,0.025957300000300165,ok
SVARM,SOUM(n=10),10,1024,1337,SSE,1.2728085816466364e-29,0.025957300000300165,ok
SVARM,SOUM(n=10),10,1024,1337,SAE,7.993605777301127e-15,0.025957300000300165,ok
SVARM,SOUM(n=10),10,1024,1337,Precision@5,1.0,0.025957300000300165,ok
SVARM,SOUM(n=10),10,1024,1337,Precision@10,1.0,0.025957300000300165,ok
SVARM,SOUM(n=10),10,1024,1337,KendallTau,0.9888264649460883,0.025957300000300165,ok
SVARM,SOUM(n=10),10,1024,1337,L2_Norm_Error,3.42468200071643e-30,0.025957300000300165,ok
UnbiasedKernelSHAP,SOUM(n=10),10,1024,1337,MSE,1.1570987105878513e-30,0.0050612999984878115,ok
UnbiasedKernelSHAP,SOUM(n=10),10,1024,1337,MAE,7.266914343001025e-16,0.0050612999984878115,ok
UnbiasedKernelSHAP,SOUM(n=10),10,1024,1337,SSE,1.2728085816466364e-29,0.0050612999984878115,ok
UnbiasedKernelSHAP,SOUM(n=10),10,1024,1337,SAE,7.993605777301127e-15,0.0050612999984878115,ok
UnbiasedKernelSHAP,SOUM(n=10),10,1024,1337,Precision@5,1.0,0.0050612999984878115,ok
UnbiasedKernelSHAP,SOUM(n=10),10,1024,1337,Precision@10,1.0,0.0050612999984878115,ok
UnbiasedKernelSHAP,SOUM(n=10),10,1024,1337,KendallTau,0.9888264649460883,0.0050612999984878115,ok
UnbiasedKernelSHAP,SOUM(n=10),10,1024,1337,L2_Norm_Error,3.42468200071643e-30,0.0050612999984878115,ok
PermutationSamplingSV,SOUM(n=10),10,1024,1337,MSE,0.0009033362721097181,0.01153619999968214,ok
PermutationSamplingSV,SOUM(n=10),10,1024,1337,MAE,0.023784009231880884,0.01153619999968214,ok
PermutationSamplingSV,SOUM(n=10),10,1024,1337,SSE,0.0099366989932069,0.01153619999968214,ok
PermutationSamplingSV,SOUM(n=10),10,1024,1337,SAE,0.2616241015506897,0.01153619999968214,ok
PermutationSamplingSV,SOUM(n=10),10,1024,1337,Precision@5,1.0,0.01153619999968214,ok
PermutationSamplingSV,SOUM(n=10),10,1024,1337,Precision@10,1.0,0.01153619999968214,ok
PermutationSamplingSV,SOUM(n=10),10,1024,1337,KendallTau,0.9555555555555554,0.01153619999968214,ok
PermutationSamplingSV,SOUM(n=10),10,1024,1337,L2_Norm_Error,0.002673617594921302,0.01153619999968214,ok
KernelSHAP,SOUM(n=10),10,1024,1337,MSE,2.872221534666889e-15,0.004363499996543396,ok
KernelSHAP,SOUM(n=10),10,1024,1337,MAE,4.033360636136362e-08,0.004363499996543396,ok
KernelSHAP,SOUM(n=10),10,1024,1337,SSE,3.159443688133578e-14,0.004363499996543396,ok
KernelSHAP,SOUM(n=10),10,1024,1337,SAE,4.436696699749998e-07,0.004363499996543396,ok
KernelSHAP,SOUM(n=10),10,1024,1337,Precision@5,1.0,0.004363499996543396,ok
KernelSHAP,SOUM(n=10),10,1024,1337,Precision@10,1.0,0.004363499996543396,ok
KernelSHAP,SOUM(n=10),10,1024,1337,KendallTau,0.9999999999999999,0.004363499996543396,ok
KernelSHAP,SOUM(n=10),10,1024,1337,L2_Norm_Error,8.500956143012655e-15,0.004363499996543396,ok
LeverageSHAP,SOUM(n=10),10,1024,1337,MSE,1.4005852792297096e-29,0.006030399999872316,ok
LeverageSHAP,SOUM(n=10),10,1024,1337,MAE,3.0909618299223107e-15,0.006030399999872316,ok
LeverageSHAP,SOUM(n=10),10,1024,1337,SSE,1.5406438071526805e-28,0.006030399999872316,ok
LeverageSHAP,SOUM(n=10),10,1024,1337,SAE,3.400058012914542e-14,0.006030399999872316,ok
LeverageSHAP,SOUM(n=10),10,1024,1337,Precision@5,1.0,0.006030399999872316,ok
LeverageSHAP,SOUM(n=10),10,1024,1337,Precision@10,1.0,0.006030399999872316,ok
LeverageSHAP,SOUM(n=10),10,1024,1337,KendallTau,0.9999999999999999,0.006030399999872316,ok
LeverageSHAP,SOUM(n=10),10,1024,1337,L2_Norm_Error,4.1453327640556634e-29,0.006030399999872316,ok
kADDSHAP,SOUM(n=10),10,1024,1337,MSE,9.13390433869909e-15,0.005113299994263798,ok
kADDSHAP,SOUM(n=10),10,1024,1337,MAE,7.889481457402546e-08,0.005113299994263798,ok
kADDSHAP,SOUM(n=10),10,1024,1337,SSE,1.0047294772568999e-13,0.005113299994263798,ok
kADDSHAP,SOUM(n=10),10,1024,1337,SAE,8.678429603142801e-07,0.005113299994263798,ok
kADDSHAP,SOUM(n=10),10,1024,1337,Precision@5,1.0,0.005113299994263798,ok
kADDSHAP,SOUM(n=10),10,1024,1337,Precision@10,1.0,0.005113299994263798,ok
kADDSHAP,SOUM(n=10),10,1024,1337,KendallTau,0.9999999999999999,0.005113299994263798,ok
kADDSHAP,SOUM(n=10),10,1024,1337,L2_Norm_Error,2.703375044737251e-14,0.005113299994263798,ok
SPEX,SOUM(n=10),10,1024,1337,MSE,0.031037876541872324,0.37523890000011306,ok
SPEX,SOUM(n=10),10,1024,1337,MAE,0.05312946581498434,0.37523890000011306,ok
SPEX,SOUM(n=10),10,1024,1337,SSE,0.34141664196059557,0.37523890000011306,ok
SPEX,SOUM(n=10),10,1024,1337,SAE,0.5844241239648277,0.37523890000011306,ok
SPEX,SOUM(n=10),10,1024,1337,Precision@5,1.0,0.37523890000011306,ok
SPEX,SOUM(n=10),10,1024,1337,Precision@10,1.0,0.37523890000011306,ok
SPEX,SOUM(n=10),10,1024,1337,KendallTau,0.9999999999999999,0.37523890000011306,ok
SPEX,SOUM(n=10),10,1024,1337,L2_Norm_Error,1.0652607107686232e-09,0.37523890000011306,ok
RegressionMSR,SOUM(n=10),10,1024,1337,MSE,1.2389825280115408e-15,0.055018099999870174,ok
RegressionMSR,SOUM(n=10),10,1024,1337,MAE,2.701070939011134e-08,0.055018099999870174,ok
RegressionMSR,SOUM(n=10),10,1024,1337,SSE,1.3628807808126949e-14,0.055018099999870174,ok
RegressionMSR,SOUM(n=10),10,1024,1337,SAE,2.971178032912247e-07,0.055018099999870174,ok
RegressionMSR,SOUM(n=10),10,1024,1337,Precision@5,1.0,0.055018099999870174,ok
RegressionMSR,SOUM(n=10),10,1024,1337,Precision@10,1.0,0.055018099999870174,ok
RegressionMSR,SOUM(n=10),10,1024,1337,KendallTau,0.9999999999999999,0.055018099999870174,ok
RegressionMSR,SOUM(n=10),10,1024,1337,L2_Norm_Error,3.6670347344243365e-15,0.055018099999870174,ok
ProxySPEX,SOUM(n=10),10,1024,1337,MSE,0.03642156308609801,4.925760400001309,ok
ProxySPEX,SOUM(n=10),10,1024,1337,MAE,0.1018870716992465,4.925760400001309,ok
ProxySPEX,SOUM(n=10),10,1024,1337,SSE,0.4006371939470781,4.925760400001309,ok
ProxySPEX,SOUM(n=10),10,1024,1337,SAE,1.1207577886917115,4.925760400001309,ok
ProxySPEX,SOUM(n=10),10,1024,1337,Precision@5,1.0,4.925760400001309,ok
ProxySPEX,SOUM(n=10),10,1024,1337,Precision@10,1.0,4.925760400001309,ok
ProxySPEX,SOUM(n=10),10,1024,1337,KendallTau,0.8989331499509894,4.925760400001309,ok
ProxySPEX,SOUM(n=10),10,1024,1337,L2_Norm_Error,0.01593417698024554,4.925760400001309,ok
OddSHAP,SOUM(n=10),10,1024,1337,MSE,1.1129949148613836e-30,0.09038460000010673,ok
OddSHAP,SOUM(n=10),10,1024,1337,MAE,7.380459879610415e-16,0.09038460000010673,ok
OddSHAP,SOUM(n=10),10,1024,1337,SSE,1.224294406347522e-29,0.09038460000010673,ok
OddSHAP,SOUM(n=10),10,1024,1337,SAE,8.118505867571457e-15,0.09038460000010673,ok
OddSHAP,SOUM(n=10),10,1024,1337,Precision@5,1.0,0.09038460000010673,ok
OddSHAP,SOUM(n=10),10,1024,1337,Precision@10,1.0,0.09038460000010673,ok
OddSHAP,SOUM(n=10),10,1024,1337,KendallTau,0.9999999999999999,0.09038460000010673,ok
OddSHAP,SOUM(n=10),10,1024,1337,L2_Norm_Error,3.2941473505559665e-30,0.09038460000010673,ok
ShaplEIG,SOUM(n=10),10,1024,1337,_,,0.0,skipped:incompatible_constructor(ImportError)
PolySHAPKAdd,SOUM(n=10),10,1024,1337,MSE,2.660864811165405e-30,0.004143300000578165,ok
PolySHAPKAdd,SOUM(n=10),10,1024,1337,MAE,1.2918958832001822e-15,0.004143300000578165,ok
PolySHAPKAdd,SOUM(n=10),10,1024,1337,SSE,2.9269512922819456e-29,0.004143300000578165,ok
PolySHAPKAdd,SOUM(n=10),10,1024,1337,SAE,1.4210854715202004e-14,0.004143300000578165,ok
PolySHAPKAdd,SOUM(n=10),10,1024,1337,Precision@5,1.0,0.004143300000578165,ok
PolySHAPKAdd,SOUM(n=10),10,1024,1337,Precision@10,1.0,0.004143300000578165,ok
PolySHAPKAdd,SOUM(n=10),10,1024,1337,KendallTau,0.9999999999999999,0.004143300000578165,ok
PolySHAPKAdd,SOUM(n=10),10,1024,1337,L2_Norm_Error,7.875400552912483e-30,0.004143300000578165,ok
PolySHAPPartial,SOUM(n=10),10,1024,1337,MSE,2.660864811165405e-30,0.003952300001401454,ok
PolySHAPPartial,SOUM(n=10),10,1024,1337,MAE,1.2918958832001822e-15,0.003952300001401454,ok
PolySHAPPartial,SOUM(n=10),10,1024,1337,SSE,2.9269512922819456e-29,0.003952300001401454,ok
PolySHAPPartial,SOUM(n=10),10,1024,1337,SAE,1.4210854715202004e-14,0.003952300001401454,ok
PolySHAPPartial,SOUM(n=10),10,1024,1337,Precision@5,1.0,0.003952300001401454,ok
PolySHAPPartial,SOUM(n=10),10,1024,1337,Precision@10,1.0,0.003952300001401454,ok
PolySHAPPartial,SOUM(n=10),10,1024,1337,KendallTau,0.9999999999999999,0.003952300001401454,ok
PolySHAPPartial,SOUM(n=10),10,1024,1337,L2_Norm_Error,7.875400552912483e-30,0.003952300001401454,ok
OptimizedKernelSHAP,SOUM(n=10),10,1024,1337,MSE,2.872221534666889e-15,0.004285200004233047,ok
OptimizedKernelSHAP,SOUM(n=10),10,1024,1337,MAE,4.033360636136362e-08,0.004285200004233047,ok
OptimizedKernelSHAP,SOUM(n=10),10,1024,1337,SSE,3.159443688133578e-14,0.004285200004233047,ok
OptimizedKernelSHAP,SOUM(n=10),10,1024,1337,SAE,4.436696699749998e-07,0.004285200004233047,ok
OptimizedKernelSHAP,SOUM(n=10),10,1024,1337,Precision@5,1.0,0.004285200004233047,ok
OptimizedKernelSHAP,SOUM(n=10),10,1024,1337,Precision@10,1.0,0.004285200004233047,ok
OptimizedKernelSHAP,SOUM(n=10),10,1024,1337,KendallTau,0.9999999999999999,0.004285200004233047,ok
OptimizedKernelSHAP,SOUM(n=10),10,1024,1337,L2_Norm_Error,8.500956143012655e-15,0.004285200004233047,ok
OwenSamplingSV,IRIS(n=4),4,2,0,MSE,0.09889175979292256,0.0012425000022631139,ok
OwenSamplingSV,IRIS(n=4),4,2,0,MAE,0.19848129749298096,0.0012425000022631139,ok
OwenSamplingSV,IRIS(n=4),4,2,0,SSE,0.49445879896461276,0.0012425000022631139,ok
OwenSamplingSV,IRIS(n=4),4,2,0,SAE,0.9924064874649048,0.0012425000022631139,ok
OwenSamplingSV,IRIS(n=4),4,2,0,Precision@5,1.0,0.0012425000022631139,ok
OwenSamplingSV,IRIS(n=4),4,2,0,Precision@10,1.0,0.0012425000022631139,ok
OwenSamplingSV,IRIS(n=4),4,2,0,KendallTau,nan,0.0012425000022631139,ok
OwenSamplingSV,IRIS(n=4),4,2,0,L2_Norm_Error,1.0,0.0012425000022631139,ok
StratifiedSamplingSV,IRIS(n=4),4,2,0,MSE,0.09889175979292256,0.0012669999996433035,ok
StratifiedSamplingSV,IRIS(n=4),4,2,0,MAE,0.19848129749298096,0.0012669999996433035,ok
StratifiedSamplingSV,IRIS(n=4),4,2,0,SSE,0.49445879896461276,0.0012669999996433035,ok
StratifiedSamplingSV,IRIS(n=4),4,2,0,SAE,0.9924064874649048,0.0012669999996433035,ok
StratifiedSamplingSV,IRIS(n=4),4,2,0,Precision@5,1.0,0.0012669999996433035,ok
StratifiedSamplingSV,IRIS(n=4),4,2,0,Precision@10,1.0,0.0012669999996433035,ok
StratifiedSamplingSV,IRIS(n=4),4,2,0,KendallTau,nan,0.0012669999996433035,ok
StratifiedSamplingSV,IRIS(n=4),4,2,0,L2_Norm_Error,1.0,0.0012669999996433035,ok
SVARM,IRIS(n=4),4,2,0,MSE,0.04964822797480105,0.0036462999996729195,ok
SVARM,IRIS(n=4),4,2,0,MAE,0.19627644220987955,0.0036462999996729195,ok
SVARM,IRIS(n=4),4,2,0,SSE,0.24824113987400526,0.0036462999996729195,ok
SVARM,IRIS(n=4),4,2,0,SAE,0.9813822110493977,0.0036462999996729195,ok
SVARM,IRIS(n=4),4,2,0,Precision@5,1.0,0.0036462999996729195,ok
SVARM,IRIS(n=4),4,2,0,Precision@10,1.0,0.0036462999996729195,ok
SVARM,IRIS(n=4),4,2,0,KendallTau,nan,0.0036462999996729195,ok
SVARM,IRIS(n=4),4,2,0,L2_Norm_Error,0.5020461571192938,0.0036462999996729195,ok
UnbiasedKernelSHAP,IRIS(n=4),4,2,0,MSE,0.04964822797480105,0.0019046000015805475,ok
UnbiasedKernelSHAP,IRIS(n=4),4,2,0,MAE,0.19627644220987955,0.0019046000015805475,ok
UnbiasedKernelSHAP,IRIS(n=4),4,2,0,SSE,0.24824113987400526,0.0019046000015805475,ok
UnbiasedKernelSHAP,IRIS(n=4),4,2,0,SAE,0.9813822110493977,0.0019046000015805475,ok
UnbiasedKernelSHAP,IRIS(n=4),4,2,0,Precision@5,1.0,0.0019046000015805475,ok
UnbiasedKernelSHAP,IRIS(n=4),4,2,0,Precision@10,1.0,0.0019046000015805475,ok
UnbiasedKernelSHAP,IRIS(n=4),4,2,0,KendallTau,nan,0.0019046000015805475,ok
UnbiasedKernelSHAP,IRIS(n=4),4,2,0,L2_Norm_Error,0.5020461571192938,0.0019046000015805475,ok
PermutationSamplingSV,IRIS(n=4),4,2,0,MSE,0.09889175979292256,0.0010877000022446737,ok
PermutationSamplingSV,IRIS(n=4),4,2,0,MAE,0.19848129749298096,0.0010877000022446737,ok
PermutationSamplingSV,IRIS(n=4),4,2,0,SSE,0.49445879896461276,0.0010877000022446737,ok
PermutationSamplingSV,IRIS(n=4),4,2,0,SAE,0.9924064874649048,0.0010877000022446737,ok
PermutationSamplingSV,IRIS(n=4),4,2,0,Precision@5,1.0,0.0010877000022446737,ok
PermutationSamplingSV,IRIS(n=4),4,2,0,Precision@10,1.0,0.0010877000022446737,ok
PermutationSamplingSV,IRIS(n=4),4,2,0,KendallTau,nan,0.0010877000022446737,ok
PermutationSamplingSV,IRIS(n=4),4,2,0,L2_Norm_Error,1.0,0.0010877000022446737,ok
KernelSHAP,IRIS(n=4),4,2,0,MSE,0.04964822797480105,0.00144680000084918,ok
KernelSHAP,IRIS(n=4),4,2,0,MAE,0.19627644220987955,0.00144680000084918,ok
KernelSHAP,IRIS(n=4),4,2,0,SSE,0.24824113987400526,0.00144680000084918,ok
KernelSHAP,IRIS(n=4),4,2,0,SAE,0.9813822110493977,0.00144680000084918,ok
KernelSHAP,IRIS(n=4),4,2,0,Precision@5,1.0,0.00144680000084918,ok
KernelSHAP,IRIS(n=4),4,2,0,Precision@10,1.0,0.00144680000084918,ok
KernelSHAP,IRIS(n=4),4,2,0,KendallTau,-0.2357022603955159,0.00144680000084918,ok
KernelSHAP,IRIS(n=4),4,2,0,L2_Norm_Error,0.5020461571192938,0.00144680000084918,ok
LeverageSHAP,IRIS(n=4),4,2,0,MSE,0.04964822797480105,0.0007766000053379685,ok
LeverageSHAP,IRIS(n=4),4,2,0,MAE,0.19627644220987955,0.0007766000053379685,ok
LeverageSHAP,IRIS(n=4),4,2,0,SSE,0.24824113987400526,0.0007766000053379685,ok
LeverageSHAP,IRIS(n=4),4,2,0,SAE,0.9813822110493977,0.0007766000053379685,ok
LeverageSHAP,IRIS(n=4),4,2,0,Precision@5,1.0,0.0007766000053379685,ok
LeverageSHAP,IRIS(n=4),4,2,0,Precision@10,1.0,0.0007766000053379685,ok
LeverageSHAP,IRIS(n=4),4,2,0,KendallTau,nan,0.0007766000053379685,ok
LeverageSHAP,IRIS(n=4),4,2,0,L2_Norm_Error,0.5020461571192938,0.0007766000053379685,ok
kADDSHAP,IRIS(n=4),4,2,0,MSE,0.04964822797480104,0.0014407999988179654,ok
kADDSHAP,IRIS(n=4),4,2,0,MAE,0.19627644220987955,0.0014407999988179654,ok
kADDSHAP,IRIS(n=4),4,2,0,SSE,0.2482411398740052,0.0014407999988179654,ok
kADDSHAP,IRIS(n=4),4,2,0,SAE,0.9813822110493977,0.0014407999988179654,ok
kADDSHAP,IRIS(n=4),4,2,0,Precision@5,1.0,0.0014407999988179654,ok
kADDSHAP,IRIS(n=4),4,2,0,Precision@10,1.0,0.0014407999988179654,ok
kADDSHAP,IRIS(n=4),4,2,0,KendallTau,0.7071067811865477,0.0014407999988179654,ok
kADDSHAP,IRIS(n=4),4,2,0,L2_Norm_Error,0.5020461571192937,0.0014407999988179654,ok
SPEX,IRIS(n=4),4,2,0,_,,0.2030365000027814,skipped:refused_regime(ValueError)
RegressionMSR,IRIS(n=4),4,2,0,MSE,0.2951701363105127,0.03562979999696836,ok
RegressionMSR,IRIS(n=4),4,2,0,MAE,0.39643643268500456,0.03562979999696836,ok
RegressionMSR,IRIS(n=4),4,2,0,SSE,1.4758506815525636,0.03562979999696836,ok
RegressionMSR,IRIS(n=4),4,2,0,SAE,1.9821821634250227,0.03562979999696836,ok
RegressionMSR,IRIS(n=4),4,2,0,Precision@5,1.0,0.03562979999696836,ok
RegressionMSR,IRIS(n=4),4,2,0,Precision@10,1.0,0.03562979999696836,ok
RegressionMSR,IRIS(n=4),4,2,0,KendallTau,-0.7071067811865477,0.03562979999696836,ok
RegressionMSR,IRIS(n=4),4,2,0,L2_Norm_Error,2.984779893983011,0.03562979999696836,ok
ProxySPEX,IRIS(n=4),4,2,0,_,,0.0018606999947223812,skipped:refused_regime(ValueError)
OddSHAP,IRIS(n=4),4,2,0,_,,1.0099996870849282e-05,skipped:refused_regime(ValueError)
ShaplEIG,IRIS(n=4),4,2,0,_,,0.0,skipped:incompatible_constructor(ImportError)
PolySHAPKAdd,IRIS(n=4),4,2,0,MSE,0.04964822797480105,0.0017869000002974644,ok
PolySHAPKAdd,IRIS(n=4),4,2,0,MAE,0.19627644220987955,0.0017869000002974644,ok
PolySHAPKAdd,IRIS(n=4),4,2,0,SSE,0.24824113987400526,0.0017869000002974644,ok
PolySHAPKAdd,IRIS(n=4),4,2,0,SAE,0.9813822110493977,0.0017869000002974644,ok
PolySHAPKAdd,IRIS(n=4),4,2,0,Precision@5,1.0,0.0017869000002974644,ok
PolySHAPKAdd,IRIS(n=4),4,2,0,Precision@10,1.0,0.0017869000002974644,ok
PolySHAPKAdd,IRIS(n=4),4,2,0,KendallTau,nan,0.0017869000002974644,ok
PolySHAPKAdd,IRIS(n=4),4,2,0,L2_Norm_Error,0.5020461571192938,0.0017869000002974644,ok
PolySHAPPartial,IRIS(n=4),4,2,0,MSE,0.04964822797480105,0.0011319000041112304,ok
PolySHAPPartial,IRIS(n=4),4,2,0,MAE,0.19627644220987955,0.0011319000041112304,ok
PolySHAPPartial,IRIS(n=4),4,2,0,SSE,0.24824113987400526,0.0011319000041112304,ok
PolySHAPPartial,IRIS(n=4),4,2,0,SAE,0.9813822110493977,0.0011319000041112304,ok
PolySHAPPartial,IRIS(n=4),4,2,0,Precision@5,1.0,0.0011319000041112304,ok
PolySHAPPartial,IRIS(n=4),4,2,0,Precision@10,1.0,0.0011319000041112304,ok
PolySHAPPartial,IRIS(n=4),4,2,0,KendallTau,nan,0.0011319000041112304,ok
PolySHAPPartial,IRIS(n=4),4,2,0,L2_Norm_Error,0.5020461571192938,0.0011319000041112304,ok
OptimizedKernelSHAP,IRIS(n=4),4,2,0,MSE,0.04964822797480105,0.0016357999993488193,ok
OptimizedKernelSHAP,IRIS(n=4),4,2,0,MAE,0.19627644220987955,0.0016357999993488193,ok
OptimizedKernelSHAP,IRIS(n=4),4,2,0,SSE,0.24824113987400526,0.0016357999993488193,ok
OptimizedKernelSHAP,IRIS(n=4),4,2,0,SAE,0.9813822110493977,0.0016357999993488193,ok
OptimizedKernelSHAP,IRIS(n=4),4,2,0,Precision@5,1.0,0.0016357999993488193,ok
OptimizedKernelSHAP,IRIS(n=4),4,2,0,Precision@10,1.0,0.0016357999993488193,ok
OptimizedKernelSHAP,IRIS(n=4),4,2,0,KendallTau,-0.2357022603955159,0.0016357999993488193,ok
OptimizedKernelSHAP,IRIS(n=4),4,2,0,L2_Norm_Error,0.5020461571192938,0.0016357999993488193,ok
OwenSamplingSV,IRIS(n=4),4,4,0,MSE,0.09889175979292256,0.0016986999980872497,ok
OwenSamplingSV,IRIS(n=4),4,4,0,MAE,0.19848129749298096,0.0016986999980872497,ok
OwenSamplingSV,IRIS(n=4),4,4,0,SSE,0.49445879896461276,0.0016986999980872497,ok
OwenSamplingSV,IRIS(n=4),4,4,0,SAE,0.9924064874649048,0.0016986999980872497,ok
OwenSamplingSV,IRIS(n=4),4,4,0,Precision@5,1.0,0.0016986999980872497,ok
OwenSamplingSV,IRIS(n=4),4,4,0,Precision@10,1.0,0.0016986999980872497,ok
OwenSamplingSV,IRIS(n=4),4,4,0,KendallTau,nan,0.0016986999980872497,ok
OwenSamplingSV,IRIS(n=4),4,4,0,L2_Norm_Error,1.0,0.0016986999980872497,ok
StratifiedSamplingSV,IRIS(n=4),4,4,0,MSE,0.09888575391958956,0.0019410000022617169,ok
StratifiedSamplingSV,IRIS(n=4),4,4,0,MAE,0.19749791622161866,0.0019410000022617169,ok
StratifiedSamplingSV,IRIS(n=4),4,4,0,SSE,0.4944287695979478,0.0019410000022617169,ok
StratifiedSamplingSV,IRIS(n=4),4,4,0,SAE,0.9874895811080933,0.0019410000022617169,ok
StratifiedSamplingSV,IRIS(n=4),4,4,0,Precision@5,1.0,0.0019410000022617169,ok
StratifiedSamplingSV,IRIS(n=4),4,4,0,Precision@10,1.0,0.0019410000022617169,ok
StratifiedSamplingSV,IRIS(n=4),4,4,0,KendallTau,-0.2357022603955159,0.0019410000022617169,ok
StratifiedSamplingSV,IRIS(n=4),4,4,0,L2_Norm_Error,0.9999392682125835,0.0019410000022617169,ok
SVARM,IRIS(n=4),4,4,0,MSE,0.04889829289287403,0.004937899997457862,ok
SVARM,IRIS(n=4),4,4,0,MAE,0.16493244568506873,0.004937899997457862,ok
SVARM,IRIS(n=4),4,4,0,SSE,0.24449146446437015,0.004937899997457862,ok
SVARM,IRIS(n=4),4,4,0,SAE,0.8246622284253436,0.004937899997457862,ok
SVARM,IRIS(n=4),4,4,0,Precision@5,1.0,0.004937899997457862,ok
SVARM,IRIS(n=4),4,4,0,Precision@10,1.0,0.004937899997457862,ok
SVARM,IRIS(n=4),4,4,0,KendallTau,0.5477225575051662,0.004937899997457862,ok
SVARM,IRIS(n=4),4,4,0,L2_Norm_Error,0.4944627640894056,0.004937899997457862,ok
UnbiasedKernelSHAP,IRIS(n=4),4,4,0,MSE,0.48420254669457324,0.001902299998619128,ok
UnbiasedKernelSHAP,IRIS(n=4),4,4,0,MAE,0.5490148729748198,0.001902299998619128,ok
UnbiasedKernelSHAP,IRIS(n=4),4,4,0,SSE,2.421012733472866,0.001902299998619128,ok
UnbiasedKernelSHAP,IRIS(n=4),4,4,0,SAE,2.7450743648740987,0.001902299998619128,ok
UnbiasedKernelSHAP,IRIS(n=4),4,4,0,Precision@5,1.0,0.001902299998619128,ok
UnbiasedKernelSHAP,IRIS(n=4),4,4,0,Precision@10,1.0,0.001902299998619128,ok
UnbiasedKernelSHAP,IRIS(n=4),4,4,0,KendallTau,0.18257418583505539,0.001902299998619128,ok
UnbiasedKernelSHAP,IRIS(n=4),4,4,0,L2_Norm_Error,4.896288100327915,0.001902299998619128,ok
PermutationSamplingSV,IRIS(n=4),4,4,0,MSE,0.09889175979292256,0.0014845999976387247,ok
PermutationSamplingSV,IRIS(n=4),4,4,0,MAE,0.19848129749298096,0.0014845999976387247,ok
PermutationSamplingSV,IRIS(n=4),4,4,0,SSE,0.49445879896461276,0.0014845999976387247,ok
PermutationSamplingSV,IRIS(n=4),4,4,0,SAE,0.9924064874649048,0.0014845999976387247,ok
PermutationSamplingSV,IRIS(n=4),4,4,0,Precision@5,1.0,0.0014845999976387247,ok
PermutationSamplingSV,IRIS(n=4),4,4,0,Precision@10,1.0,0.0014845999976387247,ok
PermutationSamplingSV,IRIS(n=4),4,4,0,KendallTau,nan,0.0014845999976387247,ok
PermutationSamplingSV,IRIS(n=4),4,4,0,L2_Norm_Error,1.0,0.0014845999976387247,ok
KernelSHAP,IRIS(n=4),4,4,0,MSE,0.034382755493803555,0.0019394000046304427,ok
KernelSHAP,IRIS(n=4),4,4,0,MAE,0.1335884491602582,0.0019394000046304427,ok
KernelSHAP,IRIS(n=4),4,4,0,SSE,0.17191377746901776,0.0019394000046304427,ok
KernelSHAP,IRIS(n=4),4,4,0,SAE,0.6679422458012909,0.0019394000046304427,ok
KernelSHAP,IRIS(n=4),4,4,0,Precision@5,1.0,0.0019394000046304427,ok
KernelSHAP,IRIS(n=4),4,4,0,Precision@10,1.0,0.0019394000046304427,ok
KernelSHAP,IRIS(n=4),4,4,0,KendallTau,0.3333333333333334,0.0019394000046304427,ok
KernelSHAP,IRIS(n=4),4,4,0,L2_Norm_Error,0.34768069216080677,0.0019394000046304427,ok
LeverageSHAP,IRIS(n=4),4,4,0,MSE,0.04964822797480105,0.0009963999982574023,ok
LeverageSHAP,IRIS(n=4),4,4,0,MAE,0.19627644220987955,0.0009963999982574023,ok
LeverageSHAP,IRIS(n=4),4,4,0,SSE,0.24824113987400526,0.0009963999982574023,ok
LeverageSHAP,IRIS(n=4),4,4,0,SAE,0.9813822110493977,0.0009963999982574023,ok
LeverageSHAP,IRIS(n=4),4,4,0,Precision@5,1.0,0.0009963999982574023,ok
LeverageSHAP,IRIS(n=4),4,4,0,Precision@10,1.0,0.0009963999982574023,ok
LeverageSHAP,IRIS(n=4),4,4,0,KendallTau,nan,0.0009963999982574023,ok
LeverageSHAP,IRIS(n=4),4,4,0,L2_Norm_Error,0.5020461571192938,0.0009963999982574023,ok
kADDSHAP,IRIS(n=4),4,4,0,MSE,0.034382755493724285,0.002011500000662636,ok
kADDSHAP,IRIS(n=4),4,4,0,MAE,0.13358844916046922,0.002011500000662636,ok
kADDSHAP,IRIS(n=4),4,4,0,SSE,0.17191377746862144,0.002011500000662636,ok
kADDSHAP,IRIS(n=4),4,4,0,SAE,0.6679422458023461,0.002011500000662636,ok
kADDSHAP,IRIS(n=4),4,4,0,Precision@5,1.0,0.002011500000662636,ok
kADDSHAP,IRIS(n=4),4,4,0,Precision@10,1.0,0.002011500000662636,ok
kADDSHAP,IRIS(n=4),4,4,0,KendallTau,0.6666666666666669,0.002011500000662636,ok
kADDSHAP,IRIS(n=4),4,4,0,L2_Norm_Error,0.34768069216000524,0.002011500000662636,ok
SPEX,IRIS(n=4),4,4,0,_,,0.20206640000105835,skipped:refused_regime(ValueError)
RegressionMSR,IRIS(n=4),4,4,0,MSE,0.12407418001651158,0.03582539999479195,ok
RegressionMSR,IRIS(n=4),4,4,0,MAE,0.22394440848535552,0.03582539999479195,ok
RegressionMSR,IRIS(n=4),4,4,0,SSE,0.6203709000825579,0.03582539999479195,ok
RegressionMSR,IRIS(n=4),4,4,0,SAE,1.1197220424267775,0.03582539999479195,ok
RegressionMSR,IRIS(n=4),4,4,0,Precision@5,1.0,0.03582539999479195,ok
RegressionMSR,IRIS(n=4),4,4,0,Precision@10,1.0,0.03582539999479195,ok
RegressionMSR,IRIS(n=4),4,4,0,KendallTau,-0.5477225575051662,0.03582539999479195,ok
RegressionMSR,IRIS(n=4),4,4,0,L2_Norm_Error,1.254646294861377,0.03582539999479195,ok
ProxySPEX,IRIS(n=4),4,4,0,_,,0.002496699999028351,skipped:refused_regime(ValueError)
OddSHAP,IRIS(n=4),4,4,0,_,,9.200004569720477e-06,skipped:refused_regime(ValueError)
ShaplEIG,IRIS(n=4),4,4,0,_,,0.0,skipped:incompatible_constructor(ImportError)
PolySHAPKAdd,IRIS(n=4),4,4,0,MSE,0.034382755493803534,0.0017460999952163547,ok
PolySHAPKAdd,IRIS(n=4),4,4,0,MAE,0.13358844916025797,0.0017460999952163547,ok
PolySHAPKAdd,IRIS(n=4),4,4,0,SSE,0.17191377746901768,0.0017460999952163547,ok
PolySHAPKAdd,IRIS(n=4),4,4,0,SAE,0.6679422458012898,0.0017460999952163547,ok
PolySHAPKAdd,IRIS(n=4),4,4,0,Precision@5,1.0,0.0017460999952163547,ok
PolySHAPKAdd,IRIS(n=4),4,4,0,Precision@10,1.0,0.0017460999952163547,ok
PolySHAPKAdd,IRIS(n=4),4,4,0,KendallTau,0.5477225575051662,0.0017460999952163547,ok
PolySHAPKAdd,IRIS(n=4),4,4,0,L2_Norm_Error,0.3476806921608066,0.0017460999952163547,ok
PolySHAPPartial,IRIS(n=4),4,4,0,MSE,0.034382755493803534,0.0014841000011074357,ok
PolySHAPPartial,IRIS(n=4),4,4,0,MAE,0.13358844916025797,0.0014841000011074357,ok
PolySHAPPartial,IRIS(n=4),4,4,0,SSE,0.17191377746901768,0.0014841000011074357,ok
PolySHAPPartial,IRIS(n=4),4,4,0,SAE,0.6679422458012898,0.0014841000011074357,ok
PolySHAPPartial,IRIS(n=4),4,4,0,Precision@5,1.0,0.0014841000011074357,ok
PolySHAPPartial,IRIS(n=4),4,4,0,Precision@10,1.0,0.0014841000011074357,ok
PolySHAPPartial,IRIS(n=4),4,4,0,KendallTau,0.5477225575051662,0.0014841000011074357,ok
PolySHAPPartial,IRIS(n=4),4,4,0,L2_Norm_Error,0.3476806921608066,0.0014841000011074357,ok
OptimizedKernelSHAP,IRIS(n=4),4,4,0,MSE,0.04058854923020705,0.001832799993280787,ok
OptimizedKernelSHAP,IRIS(n=4),4,4,0,MAE,0.14722465659586165,0.001832799993280787,ok
OptimizedKernelSHAP,IRIS(n=4),4,4,0,SSE,0.20294274615103525,0.001832799993280787,ok
OptimizedKernelSHAP,IRIS(n=4),4,4,0,SAE,0.7361232829793083,0.001832799993280787,ok
OptimizedKernelSHAP,IRIS(n=4),4,4,0,Precision@5,1.0,0.001832799993280787,ok
OptimizedKernelSHAP,IRIS(n=4),4,4,0,Precision@10,1.0,0.001832799993280787,ok
OptimizedKernelSHAP,IRIS(n=4),4,4,0,KendallTau,0.3333333333333334,0.001832799993280787,ok
OptimizedKernelSHAP,IRIS(n=4),4,4,0,L2_Norm_Error,0.4104340878875924,0.001832799993280787,ok
OwenSamplingSV,IRIS(n=4),4,8,0,MSE,0.06428368656358002,0.003493199998047203,ok
OwenSamplingSV,IRIS(n=4),4,8,0,MAE,0.1346595207850138,0.003493199998047203,ok
OwenSamplingSV,IRIS(n=4),4,8,0,SSE,0.3214184328179001,0.003493199998047203,ok
OwenSamplingSV,IRIS(n=4),4,8,0,SAE,0.6732976039250691,0.003493199998047203,ok
OwenSamplingSV,IRIS(n=4),4,8,0,Precision@5,1.0,0.003493199998047203,ok
OwenSamplingSV,IRIS(n=4),4,8,0,Precision@10,1.0,0.003493199998047203,ok
OwenSamplingSV,IRIS(n=4),4,8,0,KendallTau,0.18257418583505539,0.003493199998047203,ok
OwenSamplingSV,IRIS(n=4),4,8,0,L2_Norm_Error,0.650040880030741,0.003493199998047203,ok
StratifiedSamplingSV,IRIS(n=4),4,8,0,MSE,0.005655466252742278,0.0035967000003438443,ok
StratifiedSamplingSV,IRIS(n=4),4,8,0,MAE,0.04768043359120688,0.0035967000003438443,ok
StratifiedSamplingSV,IRIS(n=4),4,8,0,SSE,0.028277331263711392,0.0035967000003438443,ok
StratifiedSamplingSV,IRIS(n=4),4,8,0,SAE,0.23840216795603442,0.0035967000003438443,ok
StratifiedSamplingSV,IRIS(n=4),4,8,0,Precision@5,1.0,0.0035967000003438443,ok
StratifiedSamplingSV,IRIS(n=4),4,8,0,Precision@10,1.0,0.0035967000003438443,ok
StratifiedSamplingSV,IRIS(n=4),4,8,0,KendallTau,1.0,0.0035967000003438443,ok
StratifiedSamplingSV,IRIS(n=4),4,8,0,L2_Norm_Error,0.05718844790086369,0.0035967000003438443,ok
SVARM,IRIS(n=4),4,8,0,MSE,0.020761805126100475,0.006462999997893348,ok
SVARM,IRIS(n=4),4,8,0,MAE,0.08198237260182695,0.006462999997893348,ok
SVARM,IRIS(n=4),4,8,0,SSE,0.10380902563050237,0.006462999997893348,ok
SVARM,IRIS(n=4),4,8,0,SAE,0.40991186300913474,0.006462999997893348,ok
SVARM,IRIS(n=4),4,8,0,Precision@5,1.0,0.006462999997893348,ok
SVARM,IRIS(n=4),4,8,0,Precision@10,1.0,0.006462999997893348,ok
SVARM,IRIS(n=4),4,8,0,KendallTau,1.0,0.006462999997893348,ok
SVARM,IRIS(n=4),4,8,0,L2_Norm_Error,0.2099447433191127,0.006462999997893348,ok
UnbiasedKernelSHAP,IRIS(n=4),4,8,0,MSE,0.12075200356414348,0.0022492999996757135,ok
UnbiasedKernelSHAP,IRIS(n=4),4,8,0,MAE,0.26883423030376463,0.0022492999996757135,ok
UnbiasedKernelSHAP,IRIS(n=4),4,8,0,SSE,0.6037600178207174,0.0022492999996757135,ok
UnbiasedKernelSHAP,IRIS(n=4),4,8,0,SAE,1.344171151518823,0.0022492999996757135,ok
UnbiasedKernelSHAP,IRIS(n=4),4,8,0,Precision@5,1.0,0.0022492999996757135,ok
UnbiasedKernelSHAP,IRIS(n=4),4,8,0,Precision@10,1.0,0.0022492999996757135,ok
UnbiasedKernelSHAP,IRIS(n=4),4,8,0,KendallTau,0.3333333333333334,0.0022492999996757135,ok
UnbiasedKernelSHAP,IRIS(n=4),4,8,0,L2_Norm_Error,1.2210522273746152,0.0022492999996757135,ok
PermutationSamplingSV,IRIS(n=4),4,8,0,MSE,2.8779686876606776e-07,0.0015589000031468458,ok
PermutationSamplingSV,IRIS(n=4),4,8,0,MAE,0.00038849512736001125,0.0015589000031468458,ok
PermutationSamplingSV,IRIS(n=4),4,8,0,SSE,1.4389843438303387e-06,0.0015589000031468458,ok
PermutationSamplingSV,IRIS(n=4),4,8,0,SAE,0.0019424756368000562,0.0015589000031468458,ok
PermutationSamplingSV,IRIS(n=4),4,8,0,Precision@5,1.0,0.0015589000031468458,ok
PermutationSamplingSV,IRIS(n=4),4,8,0,Precision@10,1.0,0.0015589000031468458,ok
PermutationSamplingSV,IRIS(n=4),4,8,0,KendallTau,1.0,0.0015589000031468458,ok
PermutationSamplingSV,IRIS(n=4),4,8,0,L2_Norm_Error,2.9102209260782582e-06,0.0015589000031468458,ok
KernelSHAP,IRIS(n=4),4,8,0,MSE,0.002297766867559907,0.0018643999937921762,ok
KernelSHAP,IRIS(n=4),4,8,0,MAE,0.03694323913897187,0.0018643999937921762,ok
KernelSHAP,IRIS(n=4),4,8,0,SSE,0.011488834337799535,0.0018643999937921762,ok
KernelSHAP,IRIS(n=4),4,8,0,SAE,0.18471619569485936,0.0018643999937921762,ok
KernelSHAP,IRIS(n=4),4,8,0,Precision@5,1.0,0.0018643999937921762,ok
KernelSHAP,IRIS(n=4),4,8,0,Precision@10,1.0,0.0018643999937921762,ok
KernelSHAP,IRIS(n=4),4,8,0,KendallTau,1.0,0.0018643999937921762,ok
KernelSHAP,IRIS(n=4),4,8,0,L2_Norm_Error,0.023235170173646284,0.0018643999937921762,ok
LeverageSHAP,IRIS(n=4),4,8,0,MSE,0.040588549230316066,0.0011687000005622394,ok
LeverageSHAP,IRIS(n=4),4,8,0,MAE,0.14722465674082438,0.0011687000005622394,ok
LeverageSHAP,IRIS(n=4),4,8,0,SSE,0.20294274615158034,0.0011687000005622394,ok
LeverageSHAP,IRIS(n=4),4,8,0,SAE,0.736123283704122,0.0011687000005622394,ok
LeverageSHAP,IRIS(n=4),4,8,0,Precision@5,1.0,0.0011687000005622394,ok
LeverageSHAP,IRIS(n=4),4,8,0,Precision@10,1.0,0.0011687000005622394,ok
LeverageSHAP,IRIS(n=4),4,8,0,KendallTau,0.5477225575051662,0.0011687000005622394,ok
LeverageSHAP,IRIS(n=4),4,8,0,L2_Norm_Error,0.4104340878886948,0.0011687000005622394,ok
kADDSHAP,IRIS(n=4),4,8,0,MSE,0.002297766820203436,0.0018272000015713274,ok
kADDSHAP,IRIS(n=4),4,8,0,MAE,0.03694323903009851,0.0018272000015713274,ok
kADDSHAP,IRIS(n=4),4,8,0,SSE,0.01148883410101718,0.0018272000015713274,ok
kADDSHAP,IRIS(n=4),4,8,0,SAE,0.18471619515049253,0.0018272000015713274,ok
kADDSHAP,IRIS(n=4),4,8,0,Precision@5,1.0,0.0018272000015713274,ok
kADDSHAP,IRIS(n=4),4,8,0,Precision@10,1.0,0.0018272000015713274,ok
kADDSHAP,IRIS(n=4),4,8,0,KendallTau,1.0,0.0018272000015713274,ok
kADDSHAP,IRIS(n=4),4,8,0,L2_Norm_Error,0.023235169694774526,0.0018272000015713274,ok
SPEX,IRIS(n=4),4,8,0,_,,0.19006549999903655,skipped:refused_regime(ValueError)
RegressionMSR,IRIS(n=4),4,8,0,MSE,1.5457617806065213e-06,0.038127399995573796,ok
RegressionMSR,IRIS(n=4),4,8,0,MAE,0.0010745878719414237,0.038127399995573796,ok
RegressionMSR,IRIS(n=4),4,8,0,SSE,7.728808903032606e-06,0.038127399995573796,ok
RegressionMSR,IRIS(n=4),4,8,0,SAE,0.0053729393597071184,0.038127399995573796,ok
RegressionMSR,IRIS(n=4),4,8,0,Precision@5,1.0,0.038127399995573796,ok
RegressionMSR,IRIS(n=4),4,8,0,Precision@10,1.0,0.038127399995573796,ok
RegressionMSR,IRIS(n=4),4,8,0,KendallTau,1.0,0.038127399995573796,ok
RegressionMSR,IRIS(n=4),4,8,0,L2_Norm_Error,1.563084511635061e-05,0.038127399995573796,ok
ProxySPEX,IRIS(n=4),4,8,0,MSE,0.30284351814391597,0.3465356999950018,ok
ProxySPEX,IRIS(n=4),4,8,0,MAE,0.40044751167297366,0.3465356999950018,ok
ProxySPEX,IRIS(n=4),4,8,0,SSE,1.5142175907195798,0.3465356999950018,ok
ProxySPEX,IRIS(n=4),4,8,0,SAE,2.002237558364868,0.3465356999950018,ok
ProxySPEX,IRIS(n=4),4,8,0,Precision@5,1.0,0.3465356999950018,ok
ProxySPEX,IRIS(n=4),4,8,0,Precision@10,1.0,0.3465356999950018,ok
ProxySPEX,IRIS(n=4),4,8,0,KendallTau,nan,0.3465356999950018,ok
ProxySPEX,IRIS(n=4),4,8,0,L2_Norm_Error,1.0,0.3465356999950018,ok
OddSHAP,IRIS(n=4),4,8,0,_,,9.199997293762863e-06,skipped:refused_regime(ValueError)
ShaplEIG,IRIS(n=4),4,8,0,_,,0.0,skipped:incompatible_constructor(ImportError)
PolySHAPKAdd,IRIS(n=4),4,8,0,MSE,0.0022977666015273155,0.0024732000019866973,ok
PolySHAPKAdd,IRIS(n=4),4,8,0,MAE,0.036943236986796114,0.0024732000019866973,ok
PolySHAPKAdd,IRIS(n=4),4,8,0,SSE,0.011488833007636578,0.0024732000019866973,ok
PolySHAPKAdd,IRIS(n=4),4,8,0,SAE,0.18471618493398057,0.0024732000019866973,ok
PolySHAPKAdd,IRIS(n=4),4,8,0,Precision@5,1.0,0.0024732000019866973,ok
PolySHAPKAdd,IRIS(n=4),4,8,0,Precision@10,1.0,0.0024732000019866973,ok
PolySHAPKAdd,IRIS(n=4),4,8,0,KendallTau,1.0,0.0024732000019866973,ok
PolySHAPKAdd,IRIS(n=4),4,8,0,L2_Norm_Error,0.023235167483507166,0.0024732000019866973,ok
PolySHAPPartial,IRIS(n=4),4,8,0,MSE,0.0022977666015273155,0.0021593999990727752,ok
PolySHAPPartial,IRIS(n=4),4,8,0,MAE,0.036943236986796114,0.0021593999990727752,ok
PolySHAPPartial,IRIS(n=4),4,8,0,SSE,0.011488833007636578,0.0021593999990727752,ok
PolySHAPPartial,IRIS(n=4),4,8,0,SAE,0.18471618493398057,0.0021593999990727752,ok
PolySHAPPartial,IRIS(n=4),4,8,0,Precision@5,1.0,0.0021593999990727752,ok
PolySHAPPartial,IRIS(n=4),4,8,0,Precision@10,1.0,0.0021593999990727752,ok
PolySHAPPartial,IRIS(n=4),4,8,0,KendallTau,1.0,0.0021593999990727752,ok
PolySHAPPartial,IRIS(n=4),4,8,0,L2_Norm_Error,0.023235167483507166,0.0021593999990727752,ok
OptimizedKernelSHAP,IRIS(n=4),4,8,0,MSE,1.6965748858861123e-07,0.0019966999971074983,ok
OptimizedKernelSHAP,IRIS(n=4),4,8,0,MAE,0.0003008074039518269,0.0019966999971074983,ok
OptimizedKernelSHAP,IRIS(n=4),4,8,0,SSE,8.482874429430562e-07,0.0019966999971074983,ok
OptimizedKernelSHAP,IRIS(n=4),4,8,0,SAE,0.0015040370197591344,0.0019966999971074983,ok
OptimizedKernelSHAP,IRIS(n=4),4,8,0,Precision@5,1.0,0.0019966999971074983,ok
OptimizedKernelSHAP,IRIS(n=4),4,8,0,Precision@10,1.0,0.0019966999971074983,ok
OptimizedKernelSHAP,IRIS(n=4),4,8,0,KendallTau,1.0,0.0019966999971074983,ok
OptimizedKernelSHAP,IRIS(n=4),4,8,0,L2_Norm_Error,1.7155877187732401e-06,0.0019966999971074983,ok
OwenSamplingSV,IRIS(n=4),4,16,0,MSE,0.00285987780834821,0.006821200004196726,ok
OwenSamplingSV,IRIS(n=4),4,16,0,MAE,0.02415351072947187,0.006821200004196726,ok
OwenSamplingSV,IRIS(n=4),4,16,0,SSE,0.014299389041741049,0.006821200004196726,ok
OwenSamplingSV,IRIS(n=4),4,16,0,SAE,0.12076755364735936,0.006821200004196726,ok
OwenSamplingSV,IRIS(n=4),4,16,0,Precision@5,1.0,0.006821200004196726,ok
OwenSamplingSV,IRIS(n=4),4,16,0,Precision@10,1.0,0.006821200004196726,ok
OwenSamplingSV,IRIS(n=4),4,16,0,KendallTau,1.0,0.006821200004196726,ok
OwenSamplingSV,IRIS(n=4),4,16,0,L2_Norm_Error,0.028919273095521194,0.006821200004196726,ok
StratifiedSamplingSV,IRIS(n=4),4,16,0,MSE,0.005719585280321365,0.007552199997007847,ok
StratifiedSamplingSV,IRIS(n=4),4,16,0,MAE,0.04798123836517334,0.007552199997007847,ok
StratifiedSamplingSV,IRIS(n=4),4,16,0,SSE,0.028597926401606827,0.007552199997007847,ok
StratifiedSamplingSV,IRIS(n=4),4,16,0,SAE,0.2399061918258667,0.007552199997007847,ok
StratifiedSamplingSV,IRIS(n=4),4,16,0,Precision@5,1.0,0.007552199997007847,ok
StratifiedSamplingSV,IRIS(n=4),4,16,0,Precision@10,1.0,0.007552199997007847,ok
StratifiedSamplingSV,IRIS(n=4),4,16,0,KendallTau,1.0,0.007552199997007847,ok
StratifiedSamplingSV,IRIS(n=4),4,16,0,L2_Norm_Error,0.05783682373837888,0.007552199997007847,ok
SVARM,IRIS(n=4),4,16,0,MSE,1.2797804480453183e-32,0.006338499995763414,ok
SVARM,IRIS(n=4),4,16,0,MAE,7.632783294297951e-17,0.006338499995763414,ok
SVARM,IRIS(n=4),4,16,0,SSE,6.398902240226591e-32,0.006338499995763414,ok
SVARM,IRIS(n=4),4,16,0,SAE,3.8163916471489756e-16,0.006338499995763414,ok
SVARM,IRIS(n=4),4,16,0,Precision@5,1.0,0.006338499995763414,ok
SVARM,IRIS(n=4),4,16,0,Precision@10,1.0,0.006338499995763414,ok
SVARM,IRIS(n=4),4,16,0,KendallTau,1.0,0.006338499995763414,ok
SVARM,IRIS(n=4),4,16,0,L2_Norm_Error,1.2941224331786125e-31,0.006338499995763414,ok
UnbiasedKernelSHAP,IRIS(n=4),4,16,0,MSE,1.2797804480453183e-32,0.0019145999976899475,ok
UnbiasedKernelSHAP,IRIS(n=4),4,16,0,MAE,7.632783294297951e-17,0.0019145999976899475,ok
UnbiasedKernelSHAP,IRIS(n=4),4,16,0,SSE,6.398902240226591e-32,0.0019145999976899475,ok
UnbiasedKernelSHAP,IRIS(n=4),4,16,0,SAE,3.8163916471489756e-16,0.0019145999976899475,ok
UnbiasedKernelSHAP,IRIS(n=4),4,16,0,Precision@5,1.0,0.0019145999976899475,ok
UnbiasedKernelSHAP,IRIS(n=4),4,16,0,Precision@10,1.0,0.0019145999976899475,ok
UnbiasedKernelSHAP,IRIS(n=4),4,16,0,KendallTau,1.0,0.0019145999976899475,ok
UnbiasedKernelSHAP,IRIS(n=4),4,16,0,L2_Norm_Error,1.2941224331786125e-31,0.0019145999976899475,ok
PermutationSamplingSV,IRIS(n=4),4,16,0,MSE,7.194921719152945e-08,0.0016853999986778945,ok
PermutationSamplingSV,IRIS(n=4),4,16,0,MAE,0.00019424756368002782,0.0016853999986778945,ok
PermutationSamplingSV,IRIS(n=4),4,16,0,SSE,3.5974608595764726e-07,0.0016853999986778945,ok
PermutationSamplingSV,IRIS(n=4),4,16,0,SAE,0.0009712378184001391,0.0016853999986778945,ok
PermutationSamplingSV,IRIS(n=4),4,16,0,Precision@5,1.0,0.0016853999986778945,ok
PermutationSamplingSV,IRIS(n=4),4,16,0,Precision@10,1.0,0.0016853999986778945,ok
PermutationSamplingSV,IRIS(n=4),4,16,0,KendallTau,1.0,0.0016853999986778945,ok
PermutationSamplingSV,IRIS(n=4),4,16,0,L2_Norm_Error,7.275552315196912e-07,0.0016853999986778945,ok
KernelSHAP,IRIS(n=4),4,16,0,MSE,4.0186187916405235e-17,0.0016269000043394044,ok
KernelSHAP,IRIS(n=4),4,16,0,MAE,4.203025093385185e-09,0.0016269000043394044,ok
KernelSHAP,IRIS(n=4),4,16,0,SSE,2.0093093958202616e-16,0.0016269000043394044,ok
KernelSHAP,IRIS(n=4),4,16,0,SAE,2.1015125466925923e-08,0.0016269000043394044,ok
KernelSHAP,IRIS(n=4),4,16,0,Precision@5,1.0,0.0016269000043394044,ok
KernelSHAP,IRIS(n=4),4,16,0,Precision@10,1.0,0.0016269000043394044,ok
KernelSHAP,IRIS(n=4),4,16,0,KendallTau,1.0,0.0016269000043394044,ok
KernelSHAP,IRIS(n=4),4,16,0,L2_Norm_Error,4.063653837342397e-16,0.0016269000043394044,ok
LeverageSHAP,IRIS(n=4),4,16,0,MSE,9.244463733058732e-33,0.0013706000027013943,ok
LeverageSHAP,IRIS(n=4),4,16,0,MAE,7.771561172376095e-17,0.0013706000027013943,ok
LeverageSHAP,IRIS(n=4),4,16,0,SSE,4.622231866529366e-32,0.0013706000027013943,ok
LeverageSHAP,IRIS(n=4),4,16,0,SAE,3.885780586188048e-16,0.0013706000027013943,ok
LeverageSHAP,IRIS(n=4),4,16,0,Precision@5,1.0,0.0013706000027013943,ok
LeverageSHAP,IRIS(n=4),4,16,0,Precision@10,1.0,0.0013706000027013943,ok
LeverageSHAP,IRIS(n=4),4,16,0,KendallTau,1.0,0.0013706000027013943,ok
LeverageSHAP,IRIS(n=4),4,16,0,L2_Norm_Error,9.348062722734899e-32,0.0013706000027013943,ok
kADDSHAP,IRIS(n=4),4,16,0,MSE,1.7985692455345397e-17,0.0015723999968031421,ok
kADDSHAP,IRIS(n=4),4,16,0,MAE,3.167693769202377e-09,0.0015723999968031421,ok
kADDSHAP,IRIS(n=4),4,16,0,SSE,8.992846227672699e-17,0.0015723999968031421,ok
kADDSHAP,IRIS(n=4),4,16,0,SAE,1.5838468846011885e-08,0.0015723999968031421,ok
kADDSHAP,IRIS(n=4),4,16,0,Precision@5,1.0,0.0015723999968031421,ok
kADDSHAP,IRIS(n=4),4,16,0,Precision@10,1.0,0.0015723999968031421,ok
kADDSHAP,IRIS(n=4),4,16,0,KendallTau,1.0,0.0015723999968031421,ok
kADDSHAP,IRIS(n=4),4,16,0,L2_Norm_Error,1.8187250882183806e-16,0.0015723999968031421,ok
SPEX,IRIS(n=4),4,16,0,_,,0.19103870000253664,skipped:refused_regime(ValueError)
RegressionMSR,IRIS(n=4),4,16,0,MSE,9.261978207131672e-15,0.024657499998284038,ok
RegressionMSR,IRIS(n=4),4,16,0,MAE,5.605009693789714e-08,0.024657499998284038,ok
RegressionMSR,IRIS(n=4),4,16,0,SSE,4.6309891035658357e-14,0.024657499998284038,ok
RegressionMSR,IRIS(n=4),4,16,0,SAE,2.802504846894857e-07,0.024657499998284038,ok
RegressionMSR,IRIS(n=4),4,16,0,Precision@5,1.0,0.024657499998284038,ok
RegressionMSR,IRIS(n=4),4,16,0,Precision@10,1.0,0.024657499998284038,ok
RegressionMSR,IRIS(n=4),4,16,0,KendallTau,1.0,0.024657499998284038,ok
RegressionMSR,IRIS(n=4),4,16,0,L2_Norm_Error,9.365773474479649e-14,0.024657499998284038,ok
ProxySPEX,IRIS(n=4),4,16,0,MSE,0.30284351814391597,0.34872270000050776,ok
ProxySPEX,IRIS(n=4),4,16,0,MAE,0.40044751167297366,0.34872270000050776,ok
ProxySPEX,IRIS(n=4),4,16,0,SSE,1.5142175907195798,0.34872270000050776,ok
ProxySPEX,IRIS(n=4),4,16,0,SAE,2.002237558364868,0.34872270000050776,ok
ProxySPEX,IRIS(n=4),4,16,0,Precision@5,1.0,0.34872270000050776,ok
ProxySPEX,IRIS(n=4),4,16,0,Precision@10,1.0,0.34872270000050776,ok
ProxySPEX,IRIS(n=4),4,16,0,KendallTau,nan,0.34872270000050776,ok
ProxySPEX,IRIS(n=4),4,16,0,L2_Norm_Error,1.0,0.34872270000050776,ok
OddSHAP,IRIS(n=4),4,16,0,MSE,2.3727456914850746e-32,0.005634200002532452,ok
OddSHAP,IRIS(n=4),4,16,0,MAE,1.1102230246251565e-16,0.005634200002532452,ok
OddSHAP,IRIS(n=4),4,16,0,SSE,1.1863728457425373e-31,0.005634200002532452,ok
OddSHAP,IRIS(n=4),4,16,0,SAE,5.551115123125783e-16,0.005634200002532452,ok
OddSHAP,IRIS(n=4),4,16,0,Precision@5,1.0,0.005634200002532452,ok
OddSHAP,IRIS(n=4),4,16,0,Precision@10,1.0,0.005634200002532452,ok
OddSHAP,IRIS(n=4),4,16,0,KendallTau,1.0,0.005634200002532452,ok
OddSHAP,IRIS(n=4),4,16,0,L2_Norm_Error,2.3993360988352907e-31,0.005634200002532452,ok
ShaplEIG,IRIS(n=4),4,16,0,_,,0.0,skipped:incompatible_constructor(ImportError)
PolySHAPKAdd,IRIS(n=4),4,16,0,MSE,1.8026704279464526e-32,0.0012872000006609596,ok
PolySHAPKAdd,IRIS(n=4),4,16,0,MAE,9.43689570931383e-17,0.0012872000006609596,ok
PolySHAPKAdd,IRIS(n=4),4,16,0,SSE,9.013352139732264e-32,0.0012872000006609596,ok
PolySHAPKAdd,IRIS(n=4),4,16,0,SAE,4.718447854656915e-16,0.0012872000006609596,ok
PolySHAPKAdd,IRIS(n=4),4,16,0,Precision@5,1.0,0.0012872000006609596,ok
PolySHAPKAdd,IRIS(n=4),4,16,0,Precision@10,1.0,0.0012872000006609596,ok
PolySHAPKAdd,IRIS(n=4),4,16,0,KendallTau,1.0,0.0012872000006609596,ok
PolySHAPKAdd,IRIS(n=4),4,16,0,L2_Norm_Error,1.8228722309333053e-31,0.0012872000006609596,ok
PolySHAPPartial,IRIS(n=4),4,16,0,MSE,1.8026704279464526e-32,0.0012189999979455024,ok
PolySHAPPartial,IRIS(n=4),4,16,0,MAE,9.43689570931383e-17,0.0012189999979455024,ok
PolySHAPPartial,IRIS(n=4),4,16,0,SSE,9.013352139732264e-32,0.0012189999979455024,ok
PolySHAPPartial,IRIS(n=4),4,16,0,SAE,4.718447854656915e-16,0.0012189999979455024,ok
PolySHAPPartial,IRIS(n=4),4,16,0,Precision@5,1.0,0.0012189999979455024,ok
PolySHAPPartial,IRIS(n=4),4,16,0,Precision@10,1.0,0.0012189999979455024,ok
PolySHAPPartial,IRIS(n=4),4,16,0,KendallTau,1.0,0.0012189999979455024,ok
PolySHAPPartial,IRIS(n=4),4,16,0,L2_Norm_Error,1.8228722309333053e-31,0.0012189999979455024,ok
OptimizedKernelSHAP,IRIS(n=4),4,16,0,MSE,4.0186187916405235e-17,0.001557600000523962,ok
OptimizedKernelSHAP,IRIS(n=4),4,16,0,MAE,4.203025093385185e-09,0.001557600000523962,ok
OptimizedKernelSHAP,IRIS(n=4),4,16,0,SSE,2.0093093958202616e-16,0.001557600000523962,ok
OptimizedKernelSHAP,IRIS(n=4),4,16,0,SAE,2.1015125466925923e-08,0.001557600000523962,ok
OptimizedKernelSHAP,IRIS(n=4),4,16,0,Precision@5,1.0,0.001557600000523962,ok
OptimizedKernelSHAP,IRIS(n=4),4,16,0,Precision@10,1.0,0.001557600000523962,ok
OptimizedKernelSHAP,IRIS(n=4),4,16,0,KendallTau,1.0,0.001557600000523962,ok
OptimizedKernelSHAP,IRIS(n=4),4,16,0,L2_Norm_Error,4.063653837342397e-16,0.001557600000523962,ok
OwenSamplingSV,IRIS(n=4),4,2,42,MSE,0.00042764241275260287,0.0007790000017848797,ok
OwenSamplingSV,IRIS(n=4),4,2,42,MAE,0.013511053721110033,0.0007790000017848797,ok
OwenSamplingSV,IRIS(n=4),4,2,42,SSE,0.0021382120637630144,0.0007790000017848797,ok
OwenSamplingSV,IRIS(n=4),4,2,42,SAE,0.06755526860555017,0.0007790000017848797,ok
OwenSamplingSV,IRIS(n=4),4,2,42,Precision@5,1.0,0.0007790000017848797,ok
OwenSamplingSV,IRIS(n=4),4,2,42,Precision@10,1.0,0.0007790000017848797,ok
OwenSamplingSV,IRIS(n=4),4,2,42,KendallTau,nan,0.0007790000017848797,ok
OwenSamplingSV,IRIS(n=4),4,2,42,L2_Norm_Error,1.0,0.0007790000017848797,ok
StratifiedSamplingSV,IRIS(n=4),4,2,42,MSE,0.00042764241275260287,0.001193800002511125,ok
StratifiedSamplingSV,IRIS(n=4),4,2,42,MAE,0.013511053721110033,0.001193800002511125,ok
StratifiedSamplingSV,IRIS(n=4),4,2,42,SSE,0.0021382120637630144,0.001193800002511125,ok
StratifiedSamplingSV,IRIS(n=4),4,2,42,SAE,0.06755526860555017,0.001193800002511125,ok
StratifiedSamplingSV,IRIS(n=4),4,2,42,Precision@5,1.0,0.001193800002511125,ok
StratifiedSamplingSV,IRIS(n=4),4,2,42,Precision@10,1.0,0.001193800002511125,ok
StratifiedSamplingSV,IRIS(n=4),4,2,42,KendallTau,nan,0.001193800002511125,ok
StratifiedSamplingSV,IRIS(n=4),4,2,42,L2_Norm_Error,1.0,0.001193800002511125,ok
SVARM,IRIS(n=4),4,2,42,MSE,0.00042737488260097094,0.003462199994828552,ok
SVARM,IRIS(n=4),4,2,42,MAE,0.013511053721110033,0.003462199994828552,ok
SVARM,IRIS(n=4),4,2,42,SSE,0.0021368744130048547,0.003462199994828552,ok
SVARM,IRIS(n=4),4,2,42,SAE,0.06755526860555017,0.003462199994828552,ok
SVARM,IRIS(n=4),4,2,42,Precision@5,1.0,0.003462199994828552,ok
SVARM,IRIS(n=4),4,2,42,Precision@10,1.0,0.003462199994828552,ok
SVARM,IRIS(n=4),4,2,42,KendallTau,nan,0.003462199994828552,ok
SVARM,IRIS(n=4),4,2,42,L2_Norm_Error,0.9993744068790793,0.003462199994828552,ok
UnbiasedKernelSHAP,IRIS(n=4),4,2,42,MSE,0.00042737488260097094,0.0017373000009683892,ok
UnbiasedKernelSHAP,IRIS(n=4),4,2,42,MAE,0.013511053721110033,0.0017373000009683892,ok
UnbiasedKernelSHAP,IRIS(n=4),4,2,42,SSE,0.0021368744130048547,0.0017373000009683892,ok
UnbiasedKernelSHAP,IRIS(n=4),4,2,42,SAE,0.06755526860555017,0.0017373000009683892,ok
UnbiasedKernelSHAP,IRIS(n=4),4,2,42,Precision@5,1.0,0.0017373000009683892,ok
UnbiasedKernelSHAP,IRIS(n=4),4,2,42,Precision@10,1.0,0.0017373000009683892,ok
UnbiasedKernelSHAP,IRIS(n=4),4,2,42,KendallTau,nan,0.0017373000009683892,ok
UnbiasedKernelSHAP,IRIS(n=4),4,2,42,L2_Norm_Error,0.9993744068790793,0.0017373000009683892,ok
PermutationSamplingSV,IRIS(n=4),4,2,42,MSE,0.00042764241275260287,0.0011135999957332388,ok
PermutationSamplingSV,IRIS(n=4),4,2,42,MAE,0.013511053721110033,0.0011135999957332388,ok
PermutationSamplingSV,IRIS(n=4),4,2,42,SSE,0.0021382120637630144,0.0011135999957332388,ok
PermutationSamplingSV,IRIS(n=4),4,2,42,SAE,0.06755526860555017,0.0011135999957332388,ok
PermutationSamplingSV,IRIS(n=4),4,2,42,Precision@5,1.0,0.0011135999957332388,ok
PermutationSamplingSV,IRIS(n=4),4,2,42,Precision@10,1.0,0.0011135999957332388,ok
PermutationSamplingSV,IRIS(n=4),4,2,42,KendallTau,nan,0.0011135999957332388,ok
PermutationSamplingSV,IRIS(n=4),4,2,42,L2_Norm_Error,1.0,0.0011135999957332388,ok
KernelSHAP,IRIS(n=4),4,2,42,MSE,0.00042737488260097094,0.0014249000014388002,ok
KernelSHAP,IRIS(n=4),4,2,42,MAE,0.013511053721110033,0.0014249000014388002,ok
KernelSHAP,IRIS(n=4),4,2,42,SSE,0.0021368744130048547,0.0014249000014388002,ok
KernelSHAP,IRIS(n=4),4,2,42,SAE,0.06755526860555017,0.0014249000014388002,ok
KernelSHAP,IRIS(n=4),4,2,42,Precision@5,1.0,0.0014249000014388002,ok
KernelSHAP,IRIS(n=4),4,2,42,Precision@10,1.0,0.0014249000014388002,ok
KernelSHAP,IRIS(n=4),4,2,42,KendallTau,-0.18257418583505539,0.0014249000014388002,ok
KernelSHAP,IRIS(n=4),4,2,42,L2_Norm_Error,0.9993744068790793,0.0014249000014388002,ok
LeverageSHAP,IRIS(n=4),4,2,42,MSE,0.00042737488260097094,0.0007932000007713214,ok
LeverageSHAP,IRIS(n=4),4,2,42,MAE,0.013511053721110033,0.0007932000007713214,ok
LeverageSHAP,IRIS(n=4),4,2,42,SSE,0.0021368744130048547,0.0007932000007713214,ok
LeverageSHAP,IRIS(n=4),4,2,42,SAE,0.06755526860555017,0.0007932000007713214,ok
LeverageSHAP,IRIS(n=4),4,2,42,Precision@5,1.0,0.0007932000007713214,ok
LeverageSHAP,IRIS(n=4),4,2,42,Precision@10,1.0,0.0007932000007713214,ok
LeverageSHAP,IRIS(n=4),4,2,42,KendallTau,nan,0.0007932000007713214,ok
LeverageSHAP,IRIS(n=4),4,2,42,L2_Norm_Error,0.9993744068790793,0.0007932000007713214,ok
kADDSHAP,IRIS(n=4),4,2,42,MSE,0.00042737488260097094,0.0013773000027867965,ok
kADDSHAP,IRIS(n=4),4,2,42,MAE,0.013511053721110033,0.0013773000027867965,ok
kADDSHAP,IRIS(n=4),4,2,42,SSE,0.0021368744130048547,0.0013773000027867965,ok
kADDSHAP,IRIS(n=4),4,2,42,SAE,0.06755526860555017,0.0013773000027867965,ok
kADDSHAP,IRIS(n=4),4,2,42,Precision@5,1.0,0.0013773000027867965,ok
kADDSHAP,IRIS(n=4),4,2,42,Precision@10,1.0,0.0013773000027867965,ok
kADDSHAP,IRIS(n=4),4,2,42,KendallTau,0.7071067811865477,0.0013773000027867965,ok
kADDSHAP,IRIS(n=4),4,2,42,L2_Norm_Error,0.9993744068790793,0.0013773000027867965,ok
SPEX,IRIS(n=4),4,2,42,_,,0.19754370000009658,skipped:refused_regime(ValueError)
RegressionMSR,IRIS(n=4),4,2,42,MSE,0.000431954010948131,0.03199129999848083,ok
RegressionMSR,IRIS(n=4),4,2,42,MAE,0.013580447835071641,0.03199129999848083,ok
RegressionMSR,IRIS(n=4),4,2,42,SSE,0.002159770054740655,0.03199129999848083,ok
RegressionMSR,IRIS(n=4),4,2,42,SAE,0.0679022391753582,0.03199129999848083,ok
RegressionMSR,IRIS(n=4),4,2,42,Precision@5,1.0,0.03199129999848083,ok
RegressionMSR,IRIS(n=4),4,2,42,Precision@10,1.0,0.03199129999848083,ok
RegressionMSR,IRIS(n=4),4,2,42,KendallTau,-0.7071067811865477,0.03199129999848083,ok
RegressionMSR,IRIS(n=4),4,2,42,L2_Norm_Error,1.0100822511213883,0.03199129999848083,ok
ProxySPEX,IRIS(n=4),4,2,42,_,,0.0017758000030880794,skipped:refused_regime(ValueError)
OddSHAP,IRIS(n=4),4,2,42,_,,9.499999578110874e-06,skipped:refused_regime(ValueError)
ShaplEIG,IRIS(n=4),4,2,42,_,,0.0,skipped:incompatible_constructor(ImportError)
PolySHAPKAdd,IRIS(n=4),4,2,42,MSE,0.00042737488260097094,0.0015911000009509735,ok
PolySHAPKAdd,IRIS(n=4),4,2,42,MAE,0.013511053721110033,0.0015911000009509735,ok
PolySHAPKAdd,IRIS(n=4),4,2,42,SSE,0.0021368744130048547,0.0015911000009509735,ok
PolySHAPKAdd,IRIS(n=4),4,2,42,SAE,0.06755526860555017,0.0015911000009509735,ok
PolySHAPKAdd,IRIS(n=4),4,2,42,Precision@5,1.0,0.0015911000009509735,ok
PolySHAPKAdd,IRIS(n=4),4,2,42,Precision@10,1.0,0.0015911000009509735,ok
PolySHAPKAdd,IRIS(n=4),4,2,42,KendallTau,nan,0.0015911000009509735,ok
PolySHAPKAdd,IRIS(n=4),4,2,42,L2_Norm_Error,0.9993744068790793,0.0015911000009509735,ok
PolySHAPPartial,IRIS(n=4),4,2,42,MSE,0.00042737488260097094,0.001384999995934777,ok
PolySHAPPartial,IRIS(n=4),4,2,42,MAE,0.013511053721110033,0.001384999995934777,ok
PolySHAPPartial,IRIS(n=4),4,2,42,SSE,0.0021368744130048547,0.001384999995934777,ok
PolySHAPPartial,IRIS(n=4),4,2,42,SAE,0.06755526860555017,0.001384999995934777,ok
PolySHAPPartial,IRIS(n=4),4,2,42,Precision@5,1.0,0.001384999995934777,ok
PolySHAPPartial,IRIS(n=4),4,2,42,Precision@10,1.0,0.001384999995934777,ok
PolySHAPPartial,IRIS(n=4),4,2,42,KendallTau,nan,0.001384999995934777,ok
PolySHAPPartial,IRIS(n=4),4,2,42,L2_Norm_Error,0.9993744068790793,0.001384999995934777,ok
OptimizedKernelSHAP,IRIS(n=4),4,2,42,MSE,0.00042737488260097094,0.001531100002466701,ok
OptimizedKernelSHAP,IRIS(n=4),4,2,42,MAE,0.013511053721110033,0.001531100002466701,ok
OptimizedKernelSHAP,IRIS(n=4),4,2,42,SSE,0.0021368744130048547,0.001531100002466701,ok
OptimizedKernelSHAP,IRIS(n=4),4,2,42,SAE,0.06755526860555017,0.001531100002466701,ok
OptimizedKernelSHAP,IRIS(n=4),4,2,42,Precision@5,1.0,0.001531100002466701,ok
OptimizedKernelSHAP,IRIS(n=4),4,2,42,Precision@10,1.0,0.001531100002466701,ok
OptimizedKernelSHAP,IRIS(n=4),4,2,42,KendallTau,-0.18257418583505539,0.001531100002466701,ok
OptimizedKernelSHAP,IRIS(n=4),4,2,42,L2_Norm_Error,0.9993744068790793,0.001531100002466701,ok
OwenSamplingSV,IRIS(n=4),4,4,42,MSE,0.0004267212839293712,0.0015864999950281344,ok
OwenSamplingSV,IRIS(n=4),4,4,42,MAE,0.01349677244822185,0.0015864999950281344,ok
OwenSamplingSV,IRIS(n=4),4,4,42,SSE,0.002133606419646856,0.0015864999950281344,ok
OwenSamplingSV,IRIS(n=4),4,4,42,SAE,0.06748386224110925,0.0015864999950281344,ok
OwenSamplingSV,IRIS(n=4),4,4,42,Precision@5,1.0,0.0015864999950281344,ok
OwenSamplingSV,IRIS(n=4),4,4,42,Precision@10,1.0,0.0015864999950281344,ok
OwenSamplingSV,IRIS(n=4),4,4,42,KendallTau,0.7071067811865477,0.0015864999950281344,ok
OwenSamplingSV,IRIS(n=4),4,4,42,L2_Norm_Error,0.9978460302445151,0.0015864999950281344,ok
StratifiedSamplingSV,IRIS(n=4),4,4,42,MSE,0.0004262491477740143,0.001782300001650583,ok
StratifiedSamplingSV,IRIS(n=4),4,4,42,MAE,0.013338273763656594,0.001782300001650583,ok
StratifiedSamplingSV,IRIS(n=4),4,4,42,SSE,0.0021312457388700714,0.001782300001650583,ok
StratifiedSamplingSV,IRIS(n=4),4,4,42,SAE,0.06669136881828297,0.001782300001650583,ok
StratifiedSamplingSV,IRIS(n=4),4,4,42,Precision@5,1.0,0.001782300001650583,ok
StratifiedSamplingSV,IRIS(n=4),4,4,42,Precision@10,1.0,0.001782300001650583,ok
StratifiedSamplingSV,IRIS(n=4),4,4,42,KendallTau,0.5477225575051662,0.001782300001650583,ok
StratifiedSamplingSV,IRIS(n=4),4,4,42,L2_Norm_Error,0.9967419859746357,0.001782300001650583,ok
SVARM,IRIS(n=4),4,4,42,MSE,6.254184444800923e-07,0.0044209000043338165,ok
SVARM,IRIS(n=4),4,4,42,MAE,0.0005229453245798821,0.0044209000043338165,ok
SVARM,IRIS(n=4),4,4,42,SSE,3.1270922224004616e-06,0.0044209000043338165,ok
SVARM,IRIS(n=4),4,4,42,SAE,0.0026147266228994104,0.0044209000043338165,ok
SVARM,IRIS(n=4),4,4,42,Precision@5,1.0,0.0044209000043338165,ok
SVARM,IRIS(n=4),4,4,42,Precision@10,1.0,0.0044209000043338165,ok
SVARM,IRIS(n=4),4,4,42,KendallTau,0.912870929175277,0.0044209000043338165,ok
SVARM,IRIS(n=4),4,4,42,L2_Norm_Error,0.0014624799267557815,0.0044209000043338165,ok
UnbiasedKernelSHAP,IRIS(n=4),4,4,42,MSE,0.0030536583516580485,0.0019662999984575436,ok
UnbiasedKernelSHAP,IRIS(n=4),4,4,42,MAE,0.03539892137050628,0.0019662999984575436,ok
UnbiasedKernelSHAP,IRIS(n=4),4,4,42,SSE,0.015268291758290243,0.0019662999984575436,ok
UnbiasedKernelSHAP,IRIS(n=4),4,4,42,SAE,0.1769946068525314,0.0019662999984575436,ok
UnbiasedKernelSHAP,IRIS(n=4),4,4,42,Precision@5,1.0,0.0019662999984575436,ok
UnbiasedKernelSHAP,IRIS(n=4),4,4,42,Precision@10,1.0,0.0019662999984575436,ok
UnbiasedKernelSHAP,IRIS(n=4),4,4,42,KendallTau,0.912870929175277,0.0019662999984575436,ok
UnbiasedKernelSHAP,IRIS(n=4),4,4,42,L2_Norm_Error,7.140681701804523,0.0019662999984575436,ok
PermutationSamplingSV,IRIS(n=4),4,4,42,MSE,0.00042764241275260287,0.0011698000016622245,ok
PermutationSamplingSV,IRIS(n=4),4,4,42,MAE,0.013511053721110033,0.0011698000016622245,ok
PermutationSamplingSV,IRIS(n=4),4,4,42,SSE,0.0021382120637630144,0.0011698000016622245,ok
PermutationSamplingSV,IRIS(n=4),4,4,42,SAE,0.06755526860555017,0.0011698000016622245,ok
PermutationSamplingSV,IRIS(n=4),4,4,42,Precision@5,1.0,0.0011698000016622245,ok
PermutationSamplingSV,IRIS(n=4),4,4,42,Precision@10,1.0,0.0011698000016622245,ok
PermutationSamplingSV,IRIS(n=4),4,4,42,KendallTau,nan,0.0011698000016622245,ok
PermutationSamplingSV,IRIS(n=4),4,4,42,L2_Norm_Error,1.0,0.0011698000016622245,ok
KernelSHAP,IRIS(n=4),4,4,42,MSE,0.00040133808234477455,0.0015457999979844317,ok
KernelSHAP,IRIS(n=4),4,4,42,MAE,0.013100743293762245,0.0015457999979844317,ok
KernelSHAP,IRIS(n=4),4,4,42,SSE,0.0020066904117238727,0.0015457999979844317,ok
KernelSHAP,IRIS(n=4),4,4,42,SAE,0.06550371646881123,0.0015457999979844317,ok
KernelSHAP,IRIS(n=4),4,4,42,Precision@5,1.0,0.0015457999979844317,ok
KernelSHAP,IRIS(n=4),4,4,42,Precision@10,1.0,0.0015457999979844317,ok
KernelSHAP,IRIS(n=4),4,4,42,KendallTau,0.6666666666666669,0.0015457999979844317,ok
KernelSHAP,IRIS(n=4),4,4,42,L2_Norm_Error,0.9384898933702215,0.0015457999979844317,ok
LeverageSHAP,IRIS(n=4),4,4,42,MSE,0.00022821732828087654,0.0009630999993532896,ok
LeverageSHAP,IRIS(n=4),4,4,42,MAE,0.013511053721110033,0.0009630999993532896,ok
LeverageSHAP,IRIS(n=4),4,4,42,SSE,0.0011410866414043827,0.0009630999993532896,ok
LeverageSHAP,IRIS(n=4),4,4,42,SAE,0.06755526860555017,0.0009630999993532896,ok
LeverageSHAP,IRIS(n=4),4,4,42,Precision@5,1.0,0.0009630999993532896,ok
LeverageSHAP,IRIS(n=4),4,4,42,Precision@10,1.0,0.0009630999993532896,ok
LeverageSHAP,IRIS(n=4),4,4,42,KendallTau,0.4082482904638631,0.0009630999993532896,ok
LeverageSHAP,IRIS(n=4),4,4,42,L2_Norm_Error,0.5336639245202824,0.0009630999993532896,ok
kADDSHAP,IRIS(n=4),4,4,42,MSE,0.00040133808234577397,0.0018276000046171248,ok
kADDSHAP,IRIS(n=4),4,4,42,MAE,0.013100743293778125,0.0018276000046171248,ok
kADDSHAP,IRIS(n=4),4,4,42,SSE,0.00200669041172887,0.0018276000046171248,ok
kADDSHAP,IRIS(n=4),4,4,42,SAE,0.06550371646889062,0.0018276000046171248,ok
kADDSHAP,IRIS(n=4),4,4,42,Precision@5,1.0,0.0018276000046171248,ok
kADDSHAP,IRIS(n=4),4,4,42,Precision@10,1.0,0.0018276000046171248,ok
kADDSHAP,IRIS(n=4),4,4,42,KendallTau,0.6666666666666669,0.0018276000046171248,ok
kADDSHAP,IRIS(n=4),4,4,42,L2_Norm_Error,0.9384898933725586,0.0018276000046171248,ok
SPEX,IRIS(n=4),4,4,42,_,,0.19161789999634493,skipped:refused_regime(ValueError)
RegressionMSR,IRIS(n=4),4,4,42,MSE,0.0004197024426705662,0.034626000000571366,ok
RegressionMSR,IRIS(n=4),4,4,42,MAE,0.01358629892447424,0.034626000000571366,ok
RegressionMSR,IRIS(n=4),4,4,42,SSE,0.002098512213352831,0.034626000000571366,ok
RegressionMSR,IRIS(n=4),4,4,42,SAE,0.0679314946223712,0.034626000000571366,ok
RegressionMSR,IRIS(n=4),4,4,42,Precision@5,1.0,0.034626000000571366,ok
RegressionMSR,IRIS(n=4),4,4,42,Precision@10,1.0,0.034626000000571366,ok
RegressionMSR,IRIS(n=4),4,4,42,KendallTau,0.5477225575051662,0.034626000000571366,ok
RegressionMSR,IRIS(n=4),4,4,42,L2_Norm_Error,0.9814331557271657,0.034626000000571366,ok
ProxySPEX,IRIS(n=4),4,4,42,_,,0.0019981000004918315,skipped:refused_regime(ValueError)
OddSHAP,IRIS(n=4),4,4,42,_,,1.0700001439545304e-05,skipped:refused_regime(ValueError)
ShaplEIG,IRIS(n=4),4,4,42,_,,0.0,skipped:incompatible_constructor(ImportError)
PolySHAPKAdd,IRIS(n=4),4,4,42,MSE,0.0004013380823447741,0.001422200002707541,ok
PolySHAPKAdd,IRIS(n=4),4,4,42,MAE,0.01310074329376223,0.001422200002707541,ok
PolySHAPKAdd,IRIS(n=4),4,4,42,SSE,0.0020066904117238705,0.001422200002707541,ok
PolySHAPKAdd,IRIS(n=4),4,4,42,SAE,0.06550371646881115,0.001422200002707541,ok
PolySHAPKAdd,IRIS(n=4),4,4,42,Precision@5,1.0,0.001422200002707541,ok
PolySHAPKAdd,IRIS(n=4),4,4,42,Precision@10,1.0,0.001422200002707541,ok
PolySHAPKAdd,IRIS(n=4),4,4,42,KendallTau,1.0,0.001422200002707541,ok
PolySHAPKAdd,IRIS(n=4),4,4,42,L2_Norm_Error,0.9384898933702205,0.001422200002707541,ok
PolySHAPPartial,IRIS(n=4),4,4,42,MSE,0.0004013380823447741,0.0011893999981111847,ok
PolySHAPPartial,IRIS(n=4),4,4,42,MAE,0.01310074329376223,0.0011893999981111847,ok
PolySHAPPartial,IRIS(n=4),4,4,42,SSE,0.0020066904117238705,0.0011893999981111847,ok
PolySHAPPartial,IRIS(n=4),4,4,42,SAE,0.06550371646881115,0.0011893999981111847,ok
PolySHAPPartial,IRIS(n=4),4,4,42,Precision@5,1.0,0.0011893999981111847,ok
PolySHAPPartial,IRIS(n=4),4,4,42,Precision@10,1.0,0.0011893999981111847,ok
PolySHAPPartial,IRIS(n=4),4,4,42,KendallTau,1.0,0.0011893999981111847,ok
PolySHAPPartial,IRIS(n=4),4,4,42,L2_Norm_Error,0.9384898933702205,0.0011893999981111847,ok
OptimizedKernelSHAP,IRIS(n=4),4,4,42,MSE,0.00013937282844732243,0.0014751999988220632,ok
OptimizedKernelSHAP,IRIS(n=4),4,4,42,MAE,0.008621883352890115,0.0014751999988220632,ok
OptimizedKernelSHAP,IRIS(n=4),4,4,42,SSE,0.0006968641422366121,0.0014751999988220632,ok
OptimizedKernelSHAP,IRIS(n=4),4,4,42,SAE,0.04310941676445058,0.0014751999988220632,ok
OptimizedKernelSHAP,IRIS(n=4),4,4,42,Precision@5,1.0,0.0014751999988220632,ok
OptimizedKernelSHAP,IRIS(n=4),4,4,42,Precision@10,1.0,0.0014751999988220632,ok
OptimizedKernelSHAP,IRIS(n=4),4,4,42,KendallTau,0.5477225575051662,0.0014751999988220632,ok
OptimizedKernelSHAP,IRIS(n=4),4,4,42,L2_Norm_Error,0.3259097420908799,0.0014751999988220632,ok
OwenSamplingSV,IRIS(n=4),4,8,42,MSE,0.00039940773900833777,0.0034357000040472485,ok
OwenSamplingSV,IRIS(n=4),4,8,42,MAE,0.012918877601623514,0.0034357000040472485,ok
OwenSamplingSV,IRIS(n=4),4,8,42,SSE,0.0019970386950416887,0.0034357000040472485,ok
OwenSamplingSV,IRIS(n=4),4,8,42,SAE,0.06459438800811756,0.0034357000040472485,ok
OwenSamplingSV,IRIS(n=4),4,8,42,Precision@5,1.0,0.0034357000040472485,ok
OwenSamplingSV,IRIS(n=4),4,8,42,Precision@10,1.0,0.0034357000040472485,ok
OwenSamplingSV,IRIS(n=4),4,8,42,KendallTau,1.0,0.0034357000040472485,ok
OwenSamplingSV,IRIS(n=4),4,8,42,L2_Norm_Error,0.9339759740795418,0.0034357000040472485,ok
StratifiedSamplingSV,IRIS(n=4),4,8,42,MSE,0.0003873301000732744,0.0035352999984752387,ok
StratifiedSamplingSV,IRIS(n=4),4,8,42,MAE,0.012728601694107033,0.0035352999984752387,ok
StratifiedSamplingSV,IRIS(n=4),4,8,42,SSE,0.001936650500366372,0.0035352999984752387,ok
StratifiedSamplingSV,IRIS(n=4),4,8,42,SAE,0.06364300847053517,0.0035352999984752387,ok
StratifiedSamplingSV,IRIS(n=4),4,8,42,Precision@5,1.0,0.0035352999984752387,ok
StratifiedSamplingSV,IRIS(n=4),4,8,42,Precision@10,1.0,0.0035352999984752387,ok
StratifiedSamplingSV,IRIS(n=4),4,8,42,KendallTau,1.0,0.0035352999984752387,ok
StratifiedSamplingSV,IRIS(n=4),4,8,42,L2_Norm_Error,0.9057335954592285,0.0035352999984752387,ok
SVARM,IRIS(n=4),4,8,42,MSE,5.340529791033079e-05,0.006298500004049856,ok
SVARM,IRIS(n=4),4,8,42,MAE,0.005577778816223122,0.006298500004049856,ok
SVARM,IRIS(n=4),4,8,42,SSE,0.00026702648955165395,0.006298500004049856,ok
SVARM,IRIS(n=4),4,8,42,SAE,0.02788889408111561,0.006298500004049856,ok
SVARM,IRIS(n=4),4,8,42,Precision@5,1.0,0.006298500004049856,ok
SVARM,IRIS(n=4),4,8,42,Precision@10,1.0,0.006298500004049856,ok
SVARM,IRIS(n=4),4,8,42,KendallTau,0.6666666666666669,0.006298500004049856,ok
SVARM,IRIS(n=4),4,8,42,L2_Norm_Error,0.12488307127110543,0.006298500004049856,ok
UnbiasedKernelSHAP,IRIS(n=4),4,8,42,MSE,0.00041227054869394234,0.0022873999987496063,ok
UnbiasedKernelSHAP,IRIS(n=4),4,8,42,MAE,0.015471508105595907,0.0022873999987496063,ok
UnbiasedKernelSHAP,IRIS(n=4),4,8,42,SSE,0.002061352743469712,0.0022873999987496063,ok
UnbiasedKernelSHAP,IRIS(n=4),4,8,42,SAE,0.07735754052797954,0.0022873999987496063,ok
UnbiasedKernelSHAP,IRIS(n=4),4,8,42,Precision@5,1.0,0.0022873999987496063,ok
UnbiasedKernelSHAP,IRIS(n=4),4,8,42,Precision@10,1.0,0.0022873999987496063,ok
UnbiasedKernelSHAP,IRIS(n=4),4,8,42,KendallTau,1.0,0.0022873999987496063,ok
UnbiasedKernelSHAP,IRIS(n=4),4,8,42,L2_Norm_Error,0.9640543977859526,0.0022873999987496063,ok
PermutationSamplingSV,IRIS(n=4),4,8,42,MSE,0.0003947678365006194,0.0016476000018883497,ok
PermutationSamplingSV,IRIS(n=4),4,8,42,MAE,0.012649279832839987,0.0016476000018883497,ok
PermutationSamplingSV,IRIS(n=4),4,8,42,SSE,0.001973839182503097,0.0016476000018883497,ok
PermutationSamplingSV,IRIS(n=4),4,8,42,SAE,0.06324639916419994,0.0016476000018883497,ok
PermutationSamplingSV,IRIS(n=4),4,8,42,Precision@5,1.0,0.0016476000018883497,ok
PermutationSamplingSV,IRIS(n=4),4,8,42,Precision@10,1.0,0.0016476000018883497,ok
PermutationSamplingSV,IRIS(n=4),4,8,42,KendallTau,1.0,0.0016476000018883497,ok
PermutationSamplingSV,IRIS(n=4),4,8,42,L2_Norm_Error,0.9231260154006243,0.0016476000018883497,ok
KernelSHAP,IRIS(n=4),4,8,42,MSE,0.00043085354418380157,0.0019538999986252747,ok
KernelSHAP,IRIS(n=4),4,8,42,MAE,0.01821779520043623,0.0019538999986252747,ok
KernelSHAP,IRIS(n=4),4,8,42,SSE,0.0021542677209190077,0.0019538999986252747,ok
KernelSHAP,IRIS(n=4),4,8,42,SAE,0.09108897600218115,0.0019538999986252747,ok
KernelSHAP,IRIS(n=4),4,8,42,Precision@5,1.0,0.0019538999986252747,ok
KernelSHAP,IRIS(n=4),4,8,42,Precision@10,1.0,0.0019538999986252747,ok
KernelSHAP,IRIS(n=4),4,8,42,KendallTau,1.0,0.0019538999986252747,ok
KernelSHAP,IRIS(n=4),4,8,42,L2_Norm_Error,1.0075089171126166,0.0019538999986252747,ok
LeverageSHAP,IRIS(n=4),4,8,42,MSE,1.3911320490589391e-09,0.0011033999981009401,ok
LeverageSHAP,IRIS(n=4),4,8,42,MAE,2.569158871966919e-05,0.0011033999981009401,ok
LeverageSHAP,IRIS(n=4),4,8,42,SSE,6.955660245294695e-09,0.0011033999981009401,ok
LeverageSHAP,IRIS(n=4),4,8,42,SAE,0.00012845794359834595,0.0011033999981009401,ok
LeverageSHAP,IRIS(n=4),4,8,42,Precision@5,1.0,0.0011033999981009401,ok
LeverageSHAP,IRIS(n=4),4,8,42,Precision@10,1.0,0.0011033999981009401,ok
LeverageSHAP,IRIS(n=4),4,8,42,KendallTau,1.0,0.0011033999981009401,ok
LeverageSHAP,IRIS(n=4),4,8,42,L2_Norm_Error,3.2530263780541536e-06,0.0011033999981009401,ok
kADDSHAP,IRIS(n=4),4,8,42,MSE,0.0004308534762246626,0.002130200002284255,ok
kADDSHAP,IRIS(n=4),4,8,42,MAE,0.018217793758250708,0.002130200002284255,ok
kADDSHAP,IRIS(n=4),4,8,42,SSE,0.002154267381123313,0.002130200002284255,ok
kADDSHAP,IRIS(n=4),4,8,42,SAE,0.09108896879125354,0.002130200002284255,ok
kADDSHAP,IRIS(n=4),4,8,42,Precision@5,1.0,0.002130200002284255,ok
kADDSHAP,IRIS(n=4),4,8,42,Precision@10,1.0,0.002130200002284255,ok
kADDSHAP,IRIS(n=4),4,8,42,KendallTau,1.0,0.002130200002284255,ok
kADDSHAP,IRIS(n=4),4,8,42,L2_Norm_Error,1.00750875819681,0.002130200002284255,ok
SPEX,IRIS(n=4),4,8,42,_,,0.19629839999834076,skipped:refused_regime(ValueError)
RegressionMSR,IRIS(n=4),4,8,42,MSE,3.891274412784248e-07,0.03777319999790052,ok
RegressionMSR,IRIS(n=4),4,8,42,MAE,0.0004460175903962929,0.03777319999790052,ok
RegressionMSR,IRIS(n=4),4,8,42,SSE,1.945637206392124e-06,0.03777319999790052,ok
RegressionMSR,IRIS(n=4),4,8,42,SAE,0.0022300879519814645,0.03777319999790052,ok
RegressionMSR,IRIS(n=4),4,8,42,Precision@5,1.0,0.03777319999790052,ok
RegressionMSR,IRIS(n=4),4,8,42,Precision@10,1.0,0.03777319999790052,ok
RegressionMSR,IRIS(n=4),4,8,42,KendallTau,1.0,0.03777319999790052,ok
RegressionMSR,IRIS(n=4),4,8,42,L2_Norm_Error,0.0009099365022606877,0.03777319999790052,ok
ProxySPEX,IRIS(n=4),4,8,42,MSE,0.20070363554210796,0.3209041000009165,ok
ProxySPEX,IRIS(n=4),4,8,42,MAE,0.21364900271097817,0.3209041000009165,ok
ProxySPEX,IRIS(n=4),4,8,42,SSE,1.0035181777105397,0.3209041000009165,ok
ProxySPEX,IRIS(n=4),4,8,42,SAE,1.0682450135548909,0.3209041000009165,ok
ProxySPEX,IRIS(n=4),4,8,42,Precision@5,1.0,0.3209041000009165,ok
ProxySPEX,IRIS(n=4),4,8,42,Precision@10,1.0,0.3209041000009165,ok
ProxySPEX,IRIS(n=4),4,8,42,KendallTau,nan,0.3209041000009165,ok
ProxySPEX,IRIS(n=4),4,8,42,L2_Norm_Error,1.0,0.3209041000009165,ok
OddSHAP,IRIS(n=4),4,8,42,_,,9.199997293762863e-06,skipped:refused_regime(ValueError)
ShaplEIG,IRIS(n=4),4,8,42,_,,0.0,skipped:incompatible_constructor(ImportError)
PolySHAPKAdd,IRIS(n=4),4,8,42,MSE,0.00043085356978109495,0.0024544000043533742,ok
PolySHAPKAdd,IRIS(n=4),4,8,42,MAE,0.018217795689900708,0.0024544000043533742,ok
PolySHAPKAdd,IRIS(n=4),4,8,42,SSE,0.0021542678489054746,0.0024544000043533742,ok
PolySHAPKAdd,IRIS(n=4),4,8,42,SAE,0.09108897844950353,0.0024544000043533742,ok
PolySHAPKAdd,IRIS(n=4),4,8,42,Precision@5,1.0,0.0024544000043533742,ok
PolySHAPKAdd,IRIS(n=4),4,8,42,Precision@10,1.0,0.0024544000043533742,ok
PolySHAPKAdd,IRIS(n=4),4,8,42,KendallTau,1.0,0.0024544000043533742,ok
PolySHAPKAdd,IRIS(n=4),4,8,42,L2_Norm_Error,1.0075089769693861,0.0024544000043533742,ok
PolySHAPPartial,IRIS(n=4),4,8,42,MSE,0.00043085356978109495,0.001764000000548549,ok
PolySHAPPartial,IRIS(n=4),4,8,42,MAE,0.018217795689900708,0.001764000000548549,ok
PolySHAPPartial,IRIS(n=4),4,8,42,SSE,0.0021542678489054746,0.001764000000548549,ok
PolySHAPPartial,IRIS(n=4),4,8,42,SAE,0.09108897844950353,0.001764000000548549,ok
PolySHAPPartial,IRIS(n=4),4,8,42,Precision@5,1.0,0.001764000000548549,ok
PolySHAPPartial,IRIS(n=4),4,8,42,Precision@10,1.0,0.001764000000548549,ok
PolySHAPPartial,IRIS(n=4),4,8,42,KendallTau,1.0,0.001764000000548549,ok
PolySHAPPartial,IRIS(n=4),4,8,42,L2_Norm_Error,1.0075089769693861,0.001764000000548549,ok
OptimizedKernelSHAP,IRIS(n=4),4,8,42,MSE,4.936453588395183e-07,0.0016794999974081293,ok
OptimizedKernelSHAP,IRIS(n=4),4,8,42,MAE,0.00045130848000549,0.0016794999974081293,ok
OptimizedKernelSHAP,IRIS(n=4),4,8,42,SSE,2.4682267941975915e-06,0.0016794999974081293,ok
OptimizedKernelSHAP,IRIS(n=4),4,8,42,SAE,0.00225654240002745,0.0016794999974081293,ok
OptimizedKernelSHAP,IRIS(n=4),4,8,42,Precision@5,1.0,0.0016794999974081293,ok
OptimizedKernelSHAP,IRIS(n=4),4,8,42,Precision@10,1.0,0.0016794999974081293,ok
OptimizedKernelSHAP,IRIS(n=4),4,8,42,KendallTau,1.0,0.0016794999974081293,ok
OptimizedKernelSHAP,IRIS(n=4),4,8,42,L2_Norm_Error,0.0011543414406959187,0.0016794999974081293,ok
OwenSamplingSV,IRIS(n=4),4,16,42,MSE,0.0003994077219739046,0.006501400006527547,ok
OwenSamplingSV,IRIS(n=4),4,16,42,MAE,0.012918865680694558,0.006501400006527547,ok
OwenSamplingSV,IRIS(n=4),4,16,42,SSE,0.001997038609869523,0.006501400006527547,ok
OwenSamplingSV,IRIS(n=4),4,16,42,SAE,0.06459432840347279,0.006501400006527547,ok
OwenSamplingSV,IRIS(n=4),4,16,42,Precision@5,1.0,0.006501400006527547,ok
OwenSamplingSV,IRIS(n=4),4,16,42,Precision@10,1.0,0.006501400006527547,ok
OwenSamplingSV,IRIS(n=4),4,16,42,KendallTau,0.6666666666666669,0.006501400006527547,ok
OwenSamplingSV,IRIS(n=4),4,16,42,L2_Norm_Error,0.9339759342461842,0.006501400006527547,ok
StratifiedSamplingSV,IRIS(n=4),4,16,42,MSE,0.0003830757124262811,0.006852599995909259,ok
StratifiedSamplingSV,IRIS(n=4),4,16,42,MAE,0.012660185496012347,0.006852599995909259,ok
StratifiedSamplingSV,IRIS(n=4),4,16,42,SSE,0.0019153785621314054,0.006852599995909259,ok
StratifiedSamplingSV,IRIS(n=4),4,16,42,SAE,0.06330092748006173,0.006852599995909259,ok
StratifiedSamplingSV,IRIS(n=4),4,16,42,Precision@5,1.0,0.006852599995909259,ok
StratifiedSamplingSV,IRIS(n=4),4,16,42,Precision@10,1.0,0.006852599995909259,ok
StratifiedSamplingSV,IRIS(n=4),4,16,42,KendallTau,1.0,0.006852599995909259,ok
StratifiedSamplingSV,IRIS(n=4),4,16,42,L2_Norm_Error,0.8957851256159097,0.006852599995909259,ok
SVARM,IRIS(n=4),4,16,42,MSE,1.4435446786289953e-33,0.005448099997011013,ok
SVARM,IRIS(n=4),4,16,42,MAE,2.463307335887066e-17,0.005448099997011013,ok
SVARM,IRIS(n=4),4,16,42,SSE,7.217723393144977e-33,0.005448099997011013,ok
SVARM,IRIS(n=4),4,16,42,SAE,1.231653667943533e-16,0.005448099997011013,ok
SVARM,IRIS(n=4),4,16,42,Precision@5,1.0,0.005448099997011013,ok
SVARM,IRIS(n=4),4,16,42,Precision@10,1.0,0.005448099997011013,ok
SVARM,IRIS(n=4),4,16,42,KendallTau,1.0,0.005448099997011013,ok
SVARM,IRIS(n=4),4,16,42,L2_Norm_Error,3.375588191398841e-30,0.005448099997011013,ok
UnbiasedKernelSHAP,IRIS(n=4),4,16,42,MSE,1.4435446786289953e-33,0.001833099995565135,ok
UnbiasedKernelSHAP,IRIS(n=4),4,16,42,MAE,2.463307335887066e-17,0.001833099995565135,ok
UnbiasedKernelSHAP,IRIS(n=4),4,16,42,SSE,7.217723393144977e-33,0.001833099995565135,ok
UnbiasedKernelSHAP,IRIS(n=4),4,16,42,SAE,1.231653667943533e-16,0.001833099995565135,ok
UnbiasedKernelSHAP,IRIS(n=4),4,16,42,Precision@5,1.0,0.001833099995565135,ok
UnbiasedKernelSHAP,IRIS(n=4),4,16,42,Precision@10,1.0,0.001833099995565135,ok
UnbiasedKernelSHAP,IRIS(n=4),4,16,42,KendallTau,1.0,0.001833099995565135,ok
UnbiasedKernelSHAP,IRIS(n=4),4,16,42,L2_Norm_Error,3.375588191398841e-30,0.001833099995565135,ok
PermutationSamplingSV,IRIS(n=4),4,16,42,MSE,9.59483607943058e-05,0.0015807000017957762,ok
PermutationSamplingSV,IRIS(n=4),4,16,42,MAE,0.00635299086570742,0.0015807000017957762,ok
PermutationSamplingSV,IRIS(n=4),4,16,42,SSE,0.000479741803971529,0.0015807000017957762,ok
PermutationSamplingSV,IRIS(n=4),4,16,42,SAE,0.0317649543285371,0.0015807000017957762,ok
PermutationSamplingSV,IRIS(n=4),4,16,42,Precision@5,1.0,0.0015807000017957762,ok
PermutationSamplingSV,IRIS(n=4),4,16,42,Precision@10,1.0,0.0015807000017957762,ok
PermutationSamplingSV,IRIS(n=4),4,16,42,KendallTau,1.0,0.0015807000017957762,ok
PermutationSamplingSV,IRIS(n=4),4,16,42,L2_Norm_Error,0.22436586721301957,0.0015807000017957762,ok
KernelSHAP,IRIS(n=4),4,16,42,MSE,7.602564677149995e-21,0.0014767000029678456,ok
KernelSHAP,IRIS(n=4),4,16,42,MAE,6.415636025908223e-11,0.0014767000029678456,ok
KernelSHAP,IRIS(n=4),4,16,42,SSE,3.801282338574998e-20,0.0014767000029678456,ok
KernelSHAP,IRIS(n=4),4,16,42,SAE,3.207818012954111e-10,0.0014767000029678456,ok
KernelSHAP,IRIS(n=4),4,16,42,Precision@5,1.0,0.0014767000029678456,ok
KernelSHAP,IRIS(n=4),4,16,42,Precision@10,1.0,0.0014767000029678456,ok
KernelSHAP,IRIS(n=4),4,16,42,KendallTau,1.0,0.0014767000029678456,ok
KernelSHAP,IRIS(n=4),4,16,42,L2_Norm_Error,1.7777854699244216e-17,0.0014767000029678456,ok
LeverageSHAP,IRIS(n=4),4,16,42,MSE,1.2580234582048187e-33,0.0011030000023311004,ok
LeverageSHAP,IRIS(n=4),4,16,42,MAE,2.3765711620882256e-17,0.0011030000023311004,ok
LeverageSHAP,IRIS(n=4),4,16,42,SSE,6.290117291024093e-33,0.0011030000023311004,ok
LeverageSHAP,IRIS(n=4),4,16,42,SAE,1.1882855810441129e-16,0.0011030000023311004,ok
LeverageSHAP,IRIS(n=4),4,16,42,Precision@5,1.0,0.0011030000023311004,ok
LeverageSHAP,IRIS(n=4),4,16,42,Precision@10,1.0,0.0011030000023311004,ok
LeverageSHAP,IRIS(n=4),4,16,42,KendallTau,1.0,0.0011030000023311004,ok
LeverageSHAP,IRIS(n=4),4,16,42,L2_Norm_Error,2.941764943536138e-30,0.0011030000023311004,ok
kADDSHAP,IRIS(n=4),4,16,42,MSE,1.1183256907331294e-20,0.0016302999938488938,ok
kADDSHAP,IRIS(n=4),4,16,42,MAE,7.843796955269572e-11,0.0016302999938488938,ok
kADDSHAP,IRIS(n=4),4,16,42,SSE,5.591628453665647e-20,0.0016302999938488938,ok
kADDSHAP,IRIS(n=4),4,16,42,SAE,3.921898477634786e-10,0.0016302999938488938,ok
kADDSHAP,IRIS(n=4),4,16,42,Precision@5,1.0,0.0016302999938488938,ok
kADDSHAP,IRIS(n=4),4,16,42,Precision@10,1.0,0.0016302999938488938,ok
kADDSHAP,IRIS(n=4),4,16,42,KendallTau,1.0,0.0016302999938488938,ok
kADDSHAP,IRIS(n=4),4,16,42,L2_Norm_Error,2.615095363284503e-17,0.0016302999938488938,ok
SPEX,IRIS(n=4),4,16,42,_,,0.19626549999520648,skipped:refused_regime(ValueError)
RegressionMSR,IRIS(n=4),4,16,42,MSE,2.7005069194555136e-18,0.020924399999785237,ok
RegressionMSR,IRIS(n=4),4,16,42,MAE,1.2024732538905639e-09,0.020924399999785237,ok
RegressionMSR,IRIS(n=4),4,16,42,SSE,1.3502534597277567e-17,0.020924399999785237,ok
RegressionMSR,IRIS(n=4),4,16,42,SAE,6.012366269452819e-09,0.020924399999785237,ok
RegressionMSR,IRIS(n=4),4,16,42,Precision@5,1.0,0.020924399999785237,ok
RegressionMSR,IRIS(n=4),4,16,42,Precision@10,1.0,0.020924399999785237,ok
RegressionMSR,IRIS(n=4),4,16,42,KendallTau,1.0,0.020924399999785237,ok
RegressionMSR,IRIS(n=4),4,16,42,L2_Norm_Error,6.3148715817806276e-15,0.020924399999785237,ok
ProxySPEX,IRIS(n=4),4,16,42,MSE,0.20070363554210796,0.3500369000030332,ok
ProxySPEX,IRIS(n=4),4,16,42,MAE,0.21364900271097817,0.3500369000030332,ok
ProxySPEX,IRIS(n=4),4,16,42,SSE,1.0035181777105397,0.3500369000030332,ok
ProxySPEX,IRIS(n=4),4,16,42,SAE,1.0682450135548909,0.3500369000030332,ok
ProxySPEX,IRIS(n=4),4,16,42,Precision@5,1.0,0.3500369000030332,ok
ProxySPEX,IRIS(n=4),4,16,42,Precision@10,1.0,0.3500369000030332,ok
ProxySPEX,IRIS(n=4),4,16,42,KendallTau,nan,0.3500369000030332,ok
ProxySPEX,IRIS(n=4),4,16,42,L2_Norm_Error,1.0,0.3500369000030332,ok
OddSHAP,IRIS(n=4),4,16,42,MSE,1.395340006290475e-33,0.005549300003622193,ok
OddSHAP,IRIS(n=4),4,16,42,MAE,2.194425197110661e-17,0.005549300003622193,ok
OddSHAP,IRIS(n=4),4,16,42,SSE,6.976700031452375e-33,0.005549300003622193,ok
OddSHAP,IRIS(n=4),4,16,42,SAE,1.0972125985553305e-16,0.005549300003622193,ok
OddSHAP,IRIS(n=4),4,16,42,Precision@5,1.0,0.005549300003622193,ok
OddSHAP,IRIS(n=4),4,16,42,Precision@10,1.0,0.005549300003622193,ok
OddSHAP,IRIS(n=4),4,16,42,KendallTau,1.0,0.005549300003622193,ok
OddSHAP,IRIS(n=4),4,16,42,L2_Norm_Error,3.262866274907346e-30,0.005549300003622193,ok
ShaplEIG,IRIS(n=4),4,16,42,_,,0.0,skipped:incompatible_constructor(ImportError)
PolySHAPKAdd,IRIS(n=4),4,16,42,MSE,1.548568045908862e-33,0.0015516999992541969,ok
PolySHAPKAdd,IRIS(n=4),4,16,42,MAE,2.671474153004283e-17,0.0015516999992541969,ok
PolySHAPKAdd,IRIS(n=4),4,16,42,SSE,7.742840229544309e-33,0.0015516999992541969,ok
PolySHAPKAdd,IRIS(n=4),4,16,42,SAE,1.3357370765021415e-16,0.0015516999992541969,ok
PolySHAPKAdd,IRIS(n=4),4,16,42,Precision@5,1.0,0.0015516999992541969,ok
PolySHAPKAdd,IRIS(n=4),4,16,42,Precision@10,1.0,0.0015516999992541969,ok
PolySHAPKAdd,IRIS(n=4),4,16,42,KendallTau,1.0,0.0015516999992541969,ok
PolySHAPKAdd,IRIS(n=4),4,16,42,L2_Norm_Error,3.6211750746171434e-30,0.0015516999992541969,ok
PolySHAPPartial,IRIS(n=4),4,16,42,MSE,1.548568045908862e-33,0.0015439999988302588,ok
PolySHAPPartial,IRIS(n=4),4,16,42,MAE,2.671474153004283e-17,0.0015439999988302588,ok
PolySHAPPartial,IRIS(n=4),4,16,42,SSE,7.742840229544309e-33,0.0015439999988302588,ok
PolySHAPPartial,IRIS(n=4),4,16,42,SAE,1.3357370765021415e-16,0.0015439999988302588,ok
PolySHAPPartial,IRIS(n=4),4,16,42,Precision@5,1.0,0.0015439999988302588,ok
PolySHAPPartial,IRIS(n=4),4,16,42,Precision@10,1.0,0.0015439999988302588,ok
PolySHAPPartial,IRIS(n=4),4,16,42,KendallTau,1.0,0.0015439999988302588,ok
PolySHAPPartial,IRIS(n=4),4,16,42,L2_Norm_Error,3.6211750746171434e-30,0.0015439999988302588,ok
OptimizedKernelSHAP,IRIS(n=4),4,16,42,MSE,7.602564677149995e-21,0.0017155000023194589,ok
OptimizedKernelSHAP,IRIS(n=4),4,16,42,MAE,6.415636025908223e-11,0.0017155000023194589,ok
OptimizedKernelSHAP,IRIS(n=4),4,16,42,SSE,3.801282338574998e-20,0.0017155000023194589,ok
OptimizedKernelSHAP,IRIS(n=4),4,16,42,SAE,3.207818012954111e-10,0.0017155000023194589,ok
OptimizedKernelSHAP,IRIS(n=4),4,16,42,Precision@5,1.0,0.0017155000023194589,ok
OptimizedKernelSHAP,IRIS(n=4),4,16,42,Precision@10,1.0,0.0017155000023194589,ok
OptimizedKernelSHAP,IRIS(n=4),4,16,42,KendallTau,1.0,0.0017155000023194589,ok
OptimizedKernelSHAP,IRIS(n=4),4,16,42,L2_Norm_Error,1.7777854699244216e-17,0.0017155000023194589,ok
OwenSamplingSV,IRIS(n=4),4,2,1337,MSE,3.0556712751206303e-07,0.0008158000055118464,ok
OwenSamplingSV,IRIS(n=4),4,2,1337,MAE,0.000349104404449474,0.0008158000055118464,ok
OwenSamplingSV,IRIS(n=4),4,2,1337,SSE,1.5278356375603153e-06,0.0008158000055118464,ok
OwenSamplingSV,IRIS(n=4),4,2,1337,SAE,0.00174552202224737,0.0008158000055118464,ok
OwenSamplingSV,IRIS(n=4),4,2,1337,Precision@5,1.0,0.0008158000055118464,ok
OwenSamplingSV,IRIS(n=4),4,2,1337,Precision@10,1.0,0.0008158000055118464,ok
OwenSamplingSV,IRIS(n=4),4,2,1337,KendallTau,nan,0.0008158000055118464,ok
OwenSamplingSV,IRIS(n=4),4,2,1337,L2_Norm_Error,1.0,0.0008158000055118464,ok
StratifiedSamplingSV,IRIS(n=4),4,2,1337,MSE,3.0556712751206303e-07,0.0010866000011446886,ok
StratifiedSamplingSV,IRIS(n=4),4,2,1337,MAE,0.000349104404449474,0.0010866000011446886,ok
StratifiedSamplingSV,IRIS(n=4),4,2,1337,SSE,1.5278356375603153e-06,0.0010866000011446886,ok
StratifiedSamplingSV,IRIS(n=4),4,2,1337,SAE,0.00174552202224737,0.0010866000011446886,ok
StratifiedSamplingSV,IRIS(n=4),4,2,1337,Precision@5,1.0,0.0010866000011446886,ok
StratifiedSamplingSV,IRIS(n=4),4,2,1337,Precision@10,1.0,0.0010866000011446886,ok
StratifiedSamplingSV,IRIS(n=4),4,2,1337,KendallTau,nan,0.0010866000011446886,ok
StratifiedSamplingSV,IRIS(n=4),4,2,1337,L2_Norm_Error,1.0,0.0010866000011446886,ok
SVARM,IRIS(n=4),4,2,1337,MSE,1.5322477100453564e-07,0.0037674000050174072,ok
SVARM,IRIS(n=4),4,2,1337,MAE,0.0003491044044494518,0.0037674000050174072,ok
SVARM,IRIS(n=4),4,2,1337,SSE,7.661238550226782e-07,0.0037674000050174072,ok
SVARM,IRIS(n=4),4,2,1337,SAE,0.001745522022247259,0.0037674000050174072,ok
SVARM,IRIS(n=4),4,2,1337,Precision@5,1.0,0.0037674000050174072,ok
SVARM,IRIS(n=4),4,2,1337,Precision@10,1.0,0.0037674000050174072,ok
SVARM,IRIS(n=4),4,2,1337,KendallTau,nan,0.0037674000050174072,ok
SVARM,IRIS(n=4),4,2,1337,L2_Norm_Error,0.5014438963120688,0.0037674000050174072,ok
UnbiasedKernelSHAP,IRIS(n=4),4,2,1337,MSE,1.5322477100453564e-07,0.0015516999992541969,ok
UnbiasedKernelSHAP,IRIS(n=4),4,2,1337,MAE,0.0003491044044494518,0.0015516999992541969,ok
UnbiasedKernelSHAP,IRIS(n=4),4,2,1337,SSE,7.661238550226782e-07,0.0015516999992541969,ok
UnbiasedKernelSHAP,IRIS(n=4),4,2,1337,SAE,0.001745522022247259,0.0015516999992541969,ok
UnbiasedKernelSHAP,IRIS(n=4),4,2,1337,Precision@5,1.0,0.0015516999992541969,ok
UnbiasedKernelSHAP,IRIS(n=4),4,2,1337,Precision@10,1.0,0.0015516999992541969,ok
UnbiasedKernelSHAP,IRIS(n=4),4,2,1337,KendallTau,nan,0.0015516999992541969,ok
UnbiasedKernelSHAP,IRIS(n=4),4,2,1337,L2_Norm_Error,0.5014438963120688,0.0015516999992541969,ok
PermutationSamplingSV,IRIS(n=4),4,2,1337,MSE,3.0556712751206303e-07,0.001010899999528192,ok
PermutationSamplingSV,IRIS(n=4),4,2,1337,MAE,0.000349104404449474,0.001010899999528192,ok
PermutationSamplingSV,IRIS(n=4),4,2,1337,SSE,1.5278356375603153e-06,0.001010899999528192,ok
PermutationSamplingSV,IRIS(n=4),4,2,1337,SAE,0.00174552202224737,0.001010899999528192,ok
PermutationSamplingSV,IRIS(n=4),4,2,1337,Precision@5,1.0,0.001010899999528192,ok
PermutationSamplingSV,IRIS(n=4),4,2,1337,Precision@10,1.0,0.001010899999528192,ok
PermutationSamplingSV,IRIS(n=4),4,2,1337,KendallTau,nan,0.001010899999528192,ok
PermutationSamplingSV,IRIS(n=4),4,2,1337,L2_Norm_Error,1.0,0.001010899999528192,ok
KernelSHAP,IRIS(n=4),4,2,1337,MSE,1.532247710045356e-07,0.0014165999964461662,ok
KernelSHAP,IRIS(n=4),4,2,1337,MAE,0.0003491044044494517,0.0014165999964461662,ok
KernelSHAP,IRIS(n=4),4,2,1337,SSE,7.66123855022678e-07,0.0014165999964461662,ok
KernelSHAP,IRIS(n=4),4,2,1337,SAE,0.0017455220222472587,0.0014165999964461662,ok
KernelSHAP,IRIS(n=4),4,2,1337,Precision@5,1.0,0.0014165999964461662,ok
KernelSHAP,IRIS(n=4),4,2,1337,Precision@10,1.0,0.0014165999964461662,ok
KernelSHAP,IRIS(n=4),4,2,1337,KendallTau,0.6,0.0014165999964461662,ok
KernelSHAP,IRIS(n=4),4,2,1337,L2_Norm_Error,0.5014438963120686,0.0014165999964461662,ok
LeverageSHAP,IRIS(n=4),4,2,1337,MSE,1.5322477100453564e-07,0.0007227999958558939,ok
LeverageSHAP,IRIS(n=4),4,2,1337,MAE,0.0003491044044494518,0.0007227999958558939,ok
LeverageSHAP,IRIS(n=4),4,2,1337,SSE,7.661238550226782e-07,0.0007227999958558939,ok
LeverageSHAP,IRIS(n=4),4,2,1337,SAE,0.001745522022247259,0.0007227999958558939,ok
LeverageSHAP,IRIS(n=4),4,2,1337,Precision@5,1.0,0.0007227999958558939,ok
LeverageSHAP,IRIS(n=4),4,2,1337,Precision@10,1.0,0.0007227999958558939,ok
LeverageSHAP,IRIS(n=4),4,2,1337,KendallTau,nan,0.0007227999958558939,ok
LeverageSHAP,IRIS(n=4),4,2,1337,L2_Norm_Error,0.5014438963120688,0.0007227999958558939,ok
kADDSHAP,IRIS(n=4),4,2,1337,MSE,1.5322477100453566e-07,0.0014202999955159612,ok
kADDSHAP,IRIS(n=4),4,2,1337,MAE,0.0003491044044494518,0.0014202999955159612,ok
kADDSHAP,IRIS(n=4),4,2,1337,SSE,7.661238550226783e-07,0.0014202999955159612,ok
kADDSHAP,IRIS(n=4),4,2,1337,SAE,0.001745522022247259,0.0014202999955159612,ok
kADDSHAP,IRIS(n=4),4,2,1337,Precision@5,1.0,0.0014202999955159612,ok
kADDSHAP,IRIS(n=4),4,2,1337,Precision@10,1.0,0.0014202999955159612,ok
kADDSHAP,IRIS(n=4),4,2,1337,KendallTau,-0.7745966692414834,0.0014202999955159612,ok
kADDSHAP,IRIS(n=4),4,2,1337,L2_Norm_Error,0.5014438963120689,0.0014202999955159612,ok
SPEX,IRIS(n=4),4,2,1337,_,,0.19367730000521988,skipped:refused_regime(ValueError)
RegressionMSR,IRIS(n=4),4,2,1337,MSE,1.5322477100453564e-07,0.03697950000059791,ok
RegressionMSR,IRIS(n=4),4,2,1337,MAE,0.0003491044044494518,0.03697950000059791,ok
RegressionMSR,IRIS(n=4),4,2,1337,SSE,7.661238550226782e-07,0.03697950000059791,ok
RegressionMSR,IRIS(n=4),4,2,1337,SAE,0.001745522022247259,0.03697950000059791,ok
RegressionMSR,IRIS(n=4),4,2,1337,Precision@5,1.0,0.03697950000059791,ok
RegressionMSR,IRIS(n=4),4,2,1337,Precision@10,1.0,0.03697950000059791,ok
RegressionMSR,IRIS(n=4),4,2,1337,KendallTau,nan,0.03697950000059791,ok
RegressionMSR,IRIS(n=4),4,2,1337,L2_Norm_Error,0.5014438963120688,0.03697950000059791,ok
ProxySPEX,IRIS(n=4),4,2,1337,_,,0.0019266999952378683,skipped:refused_regime(ValueError)
OddSHAP,IRIS(n=4),4,2,1337,_,,7.700000423938036e-06,skipped:refused_regime(ValueError)
ShaplEIG,IRIS(n=4),4,2,1337,_,,0.0,skipped:incompatible_constructor(ImportError)
PolySHAPKAdd,IRIS(n=4),4,2,1337,MSE,1.5322477100453564e-07,0.001156099999207072,ok
PolySHAPKAdd,IRIS(n=4),4,2,1337,MAE,0.0003491044044494518,0.001156099999207072,ok
PolySHAPKAdd,IRIS(n=4),4,2,1337,SSE,7.661238550226782e-07,0.001156099999207072,ok
PolySHAPKAdd,IRIS(n=4),4,2,1337,SAE,0.001745522022247259,0.001156099999207072,ok
PolySHAPKAdd,IRIS(n=4),4,2,1337,Precision@5,1.0,0.001156099999207072,ok
PolySHAPKAdd,IRIS(n=4),4,2,1337,Precision@10,1.0,0.001156099999207072,ok
PolySHAPKAdd,IRIS(n=4),4,2,1337,KendallTau,nan,0.001156099999207072,ok
PolySHAPKAdd,IRIS(n=4),4,2,1337,L2_Norm_Error,0.5014438963120688,0.001156099999207072,ok
PolySHAPPartial,IRIS(n=4),4,2,1337,MSE,1.5322477100453564e-07,0.0012061999950674362,ok
PolySHAPPartial,IRIS(n=4),4,2,1337,MAE,0.0003491044044494518,0.0012061999950674362,ok
PolySHAPPartial,IRIS(n=4),4,2,1337,SSE,7.661238550226782e-07,0.0012061999950674362,ok
PolySHAPPartial,IRIS(n=4),4,2,1337,SAE,0.001745522022247259,0.0012061999950674362,ok
PolySHAPPartial,IRIS(n=4),4,2,1337,Precision@5,1.0,0.0012061999950674362,ok
PolySHAPPartial,IRIS(n=4),4,2,1337,Precision@10,1.0,0.0012061999950674362,ok
PolySHAPPartial,IRIS(n=4),4,2,1337,KendallTau,nan,0.0012061999950674362,ok
PolySHAPPartial,IRIS(n=4),4,2,1337,L2_Norm_Error,0.5014438963120688,0.0012061999950674362,ok
OptimizedKernelSHAP,IRIS(n=4),4,2,1337,MSE,1.532247710045356e-07,0.001417299994500354,ok
OptimizedKernelSHAP,IRIS(n=4),4,2,1337,MAE,0.0003491044044494517,0.001417299994500354,ok
OptimizedKernelSHAP,IRIS(n=4),4,2,1337,SSE,7.66123855022678e-07,0.001417299994500354,ok
OptimizedKernelSHAP,IRIS(n=4),4,2,1337,SAE,0.0017455220222472587,0.001417299994500354,ok
OptimizedKernelSHAP,IRIS(n=4),4,2,1337,Precision@5,1.0,0.001417299994500354,ok
OptimizedKernelSHAP,IRIS(n=4),4,2,1337,Precision@10,1.0,0.001417299994500354,ok
OptimizedKernelSHAP,IRIS(n=4),4,2,1337,KendallTau,0.6,0.001417299994500354,ok
OptimizedKernelSHAP,IRIS(n=4),4,2,1337,L2_Norm_Error,0.5014438963120686,0.001417299994500354,ok
OwenSamplingSV,IRIS(n=4),4,4,1337,MSE,1.363866676484804e-07,0.001665399999183137,ok
OwenSamplingSV,IRIS(n=4),4,4,1337,MAE,0.00016516447067261853,0.001665399999183137,ok
OwenSamplingSV,IRIS(n=4),4,4,1337,SSE,6.81933338242402e-07,0.001665399999183137,ok
OwenSamplingSV,IRIS(n=4),4,4,1337,SAE,0.0008258223533630926,0.001665399999183137,ok
OwenSamplingSV,IRIS(n=4),4,4,1337,Precision@5,1.0,0.001665399999183137,ok
OwenSamplingSV,IRIS(n=4),4,4,1337,Precision@10,1.0,0.001665399999183137,ok
OwenSamplingSV,IRIS(n=4),4,4,1337,KendallTau,0.7745966692414834,0.001665399999183137,ok
OwenSamplingSV,IRIS(n=4),4,4,1337,L2_Norm_Error,0.44633946314495554,0.001665399999183137,ok
StratifiedSamplingSV,IRIS(n=4),4,4,1337,MSE,3.552713678800501e-16,0.001744900000630878,ok
StratifiedSamplingSV,IRIS(n=4),4,4,1337,MAE,1.1920928966180355e-08,0.001744900000630878,ok
StratifiedSamplingSV,IRIS(n=4),4,4,1337,SSE,1.7763568394002505e-15,0.001744900000630878,ok
StratifiedSamplingSV,IRIS(n=4),4,4,1337,SAE,5.960464483090178e-08,0.001744900000630878,ok
StratifiedSamplingSV,IRIS(n=4),4,4,1337,Precision@5,1.0,0.001744900000630878,ok
StratifiedSamplingSV,IRIS(n=4),4,4,1337,Precision@10,1.0,0.001744900000630878,ok
StratifiedSamplingSV,IRIS(n=4),4,4,1337,KendallTau,1.0,0.001744900000630878,ok
StratifiedSamplingSV,IRIS(n=4),4,4,1337,L2_Norm_Error,1.1626622627004433e-09,0.001744900000630878,ok
SVARM,IRIS(n=4),4,4,1337,MSE,1.2300658465135882e-07,0.0047807000009925105,ok
SVARM,IRIS(n=4),4,4,1337,MAE,0.00027591586112976076,0.0047807000009925105,ok
SVARM,IRIS(n=4),4,4,1337,SSE,6.150329232567941e-07,0.0047807000009925105,ok
SVARM,IRIS(n=4),4,4,1337,SAE,0.0013795793056488037,0.0047807000009925105,ok
SVARM,IRIS(n=4),4,4,1337,Precision@5,1.0,0.0047807000009925105,ok
SVARM,IRIS(n=4),4,4,1337,Precision@10,1.0,0.0047807000009925105,ok
SVARM,IRIS(n=4),4,4,1337,KendallTau,0.39999999999999997,0.0047807000009925105,ok
SVARM,IRIS(n=4),4,4,1337,L2_Norm_Error,0.40255175893062256,0.0047807000009925105,ok
UnbiasedKernelSHAP,IRIS(n=4),4,4,1337,MSE,2.5655388261430366e-06,0.0019831999961752445,ok
UnbiasedKernelSHAP,IRIS(n=4),4,4,1337,MAE,0.0012064238389333094,0.0019831999961752445,ok
UnbiasedKernelSHAP,IRIS(n=4),4,4,1337,SSE,1.2827694130715183e-05,0.0019831999961752445,ok
UnbiasedKernelSHAP,IRIS(n=4),4,4,1337,SAE,0.0060321191946665475,0.0019831999961752445,ok
UnbiasedKernelSHAP,IRIS(n=4),4,4,1337,Precision@5,1.0,0.0019831999961752445,ok
UnbiasedKernelSHAP,IRIS(n=4),4,4,1337,Precision@10,1.0,0.0019831999961752445,ok
UnbiasedKernelSHAP,IRIS(n=4),4,4,1337,KendallTau,0.39999999999999997,0.0019831999961752445,ok
UnbiasedKernelSHAP,IRIS(n=4),4,4,1337,L2_Norm_Error,8.39599091378622,0.0019831999961752445,ok
PermutationSamplingSV,IRIS(n=4),4,4,1337,MSE,3.0556712751206303e-07,0.0011097000024165027,ok
PermutationSamplingSV,IRIS(n=4),4,4,1337,MAE,0.000349104404449474,0.0011097000024165027,ok
PermutationSamplingSV,IRIS(n=4),4,4,1337,SSE,1.5278356375603153e-06,0.0011097000024165027,ok
PermutationSamplingSV,IRIS(n=4),4,4,1337,SAE,0.00174552202224737,0.0011097000024165027,ok
PermutationSamplingSV,IRIS(n=4),4,4,1337,Precision@5,1.0,0.0011097000024165027,ok
PermutationSamplingSV,IRIS(n=4),4,4,1337,Precision@10,1.0,0.0011097000024165027,ok
PermutationSamplingSV,IRIS(n=4),4,4,1337,KendallTau,nan,0.0011097000024165027,ok
PermutationSamplingSV,IRIS(n=4),4,4,1337,L2_Norm_Error,1.0,0.0011097000024165027,ok
KernelSHAP,IRIS(n=4),4,4,1337,MSE,8.459023028705759e-08,0.0018103000038536265,ok
KernelSHAP,IRIS(n=4),4,4,1337,MAE,0.00018395185470581064,0.0018103000038536265,ok
KernelSHAP,IRIS(n=4),4,4,1337,SSE,4.2295115143528796e-07,0.0018103000038536265,ok
KernelSHAP,IRIS(n=4),4,4,1337,SAE,0.0009197592735290533,0.0018103000038536265,ok
KernelSHAP,IRIS(n=4),4,4,1337,Precision@5,1.0,0.0018103000038536265,ok
KernelSHAP,IRIS(n=4),4,4,1337,Precision@10,1.0,0.0018103000038536265,ok
KernelSHAP,IRIS(n=4),4,4,1337,KendallTau,0.18257418583505539,0.0018103000038536265,ok
KernelSHAP,IRIS(n=4),4,4,1337,L2_Norm_Error,0.27683026959016777,0.0018103000038536265,ok
LeverageSHAP,IRIS(n=4),4,4,1337,MSE,1.5278356375602183e-07,0.001104399998439476,ok
LeverageSHAP,IRIS(n=4),4,4,1337,MAE,0.0003491044044494518,0.001104399998439476,ok
LeverageSHAP,IRIS(n=4),4,4,1337,SSE,7.639178187801091e-07,0.001104399998439476,ok
LeverageSHAP,IRIS(n=4),4,4,1337,SAE,0.001745522022247259,0.001104399998439476,ok
LeverageSHAP,IRIS(n=4),4,4,1337,Precision@5,1.0,0.001104399998439476,ok
LeverageSHAP,IRIS(n=4),4,4,1337,Precision@10,1.0,0.001104399998439476,ok
LeverageSHAP,IRIS(n=4),4,4,1337,KendallTau,0.22360679774997896,0.001104399998439476,ok
LeverageSHAP,IRIS(n=4),4,4,1337,L2_Norm_Error,0.49999999999996825,0.001104399998439476,ok
kADDSHAP,IRIS(n=4),4,4,1337,MSE,8.459023028706605e-08,0.0015223000009427778,ok
kADDSHAP,IRIS(n=4),4,4,1337,MAE,0.00018395185470665708,0.0015223000009427778,ok
kADDSHAP,IRIS(n=4),4,4,1337,SSE,4.2295115143533026e-07,0.0015223000009427778,ok
kADDSHAP,IRIS(n=4),4,4,1337,SAE,0.0009197592735332855,0.0015223000009427778,ok
kADDSHAP,IRIS(n=4),4,4,1337,Precision@5,1.0,0.0015223000009427778,ok
kADDSHAP,IRIS(n=4),4,4,1337,Precision@10,1.0,0.0015223000009427778,ok
kADDSHAP,IRIS(n=4),4,4,1337,KendallTau,0.18257418583505539,0.0015223000009427778,ok
kADDSHAP,IRIS(n=4),4,4,1337,L2_Norm_Error,0.27683026959019547,0.0015223000009427778,ok
SPEX,IRIS(n=4),4,4,1337,_,,0.19168699999863748,skipped:refused_regime(ValueError)
RegressionMSR,IRIS(n=4),4,4,1337,MSE,4.913594758844678e-07,0.034718499999144115,ok
RegressionMSR,IRIS(n=4),4,4,1337,MAE,0.000516506008959065,0.034718499999144115,ok
RegressionMSR,IRIS(n=4),4,4,1337,SSE,2.456797379422339e-06,0.034718499999144115,ok
RegressionMSR,IRIS(n=4),4,4,1337,SAE,0.002582530044795325,0.034718499999144115,ok
RegressionMSR,IRIS(n=4),4,4,1337,Precision@5,1.0,0.034718499999144115,ok
RegressionMSR,IRIS(n=4),4,4,1337,Precision@10,1.0,0.034718499999144115,ok
RegressionMSR,IRIS(n=4),4,4,1337,KendallTau,0.7999999999999999,0.034718499999144115,ok
RegressionMSR,IRIS(n=4),4,4,1337,L2_Norm_Error,1.6080246585590923,0.034718499999144115,ok
ProxySPEX,IRIS(n=4),4,4,1337,_,,0.002239500005089212,skipped:refused_regime(ValueError)
OddSHAP,IRIS(n=4),4,4,1337,_,,9.200004569720477e-06,skipped:refused_regime(ValueError)
ShaplEIG,IRIS(n=4),4,4,1337,_,,0.0,skipped:incompatible_constructor(ImportError)
PolySHAPKAdd,IRIS(n=4),4,4,1337,MSE,8.459023028705759e-08,0.0014729000031366013,ok
PolySHAPKAdd,IRIS(n=4),4,4,1337,MAE,0.00018395185470581054,0.0014729000031366013,ok
PolySHAPKAdd,IRIS(n=4),4,4,1337,SSE,4.2295115143528796e-07,0.0014729000031366013,ok
PolySHAPKAdd,IRIS(n=4),4,4,1337,SAE,0.0009197592735290527,0.0014729000031366013,ok
PolySHAPKAdd,IRIS(n=4),4,4,1337,Precision@5,1.0,0.0014729000031366013,ok
PolySHAPKAdd,IRIS(n=4),4,4,1337,Precision@10,1.0,0.0014729000031366013,ok
PolySHAPKAdd,IRIS(n=4),4,4,1337,KendallTau,0.39999999999999997,0.0014729000031366013,ok
PolySHAPKAdd,IRIS(n=4),4,4,1337,L2_Norm_Error,0.27683026959016777,0.0014729000031366013,ok
PolySHAPPartial,IRIS(n=4),4,4,1337,MSE,8.459023028705759e-08,0.001517900003818795,ok
PolySHAPPartial,IRIS(n=4),4,4,1337,MAE,0.00018395185470581054,0.001517900003818795,ok
PolySHAPPartial,IRIS(n=4),4,4,1337,SSE,4.2295115143528796e-07,0.001517900003818795,ok
PolySHAPPartial,IRIS(n=4),4,4,1337,SAE,0.0009197592735290527,0.001517900003818795,ok
PolySHAPPartial,IRIS(n=4),4,4,1337,Precision@5,1.0,0.001517900003818795,ok
PolySHAPPartial,IRIS(n=4),4,4,1337,Precision@10,1.0,0.001517900003818795,ok
PolySHAPPartial,IRIS(n=4),4,4,1337,KendallTau,0.39999999999999997,0.001517900003818795,ok
PolySHAPPartial,IRIS(n=4),4,4,1337,L2_Norm_Error,0.27683026959016777,0.001517900003818795,ok
OptimizedKernelSHAP,IRIS(n=4),4,4,1337,MSE,1.0244398550203304e-07,0.0014701000036438927,ok
OptimizedKernelSHAP,IRIS(n=4),4,4,1337,MAE,0.00023273626963297528,0.0014701000036438927,ok
OptimizedKernelSHAP,IRIS(n=4),4,4,1337,SSE,5.122199275101652e-07,0.0014701000036438927,ok
OptimizedKernelSHAP,IRIS(n=4),4,4,1337,SAE,0.0011636813481648764,0.0014701000036438927,ok
OptimizedKernelSHAP,IRIS(n=4),4,4,1337,Precision@5,1.0,0.0014701000036438927,ok
OptimizedKernelSHAP,IRIS(n=4),4,4,1337,Precision@10,1.0,0.0014701000036438927,ok
OptimizedKernelSHAP,IRIS(n=4),4,4,1337,KendallTau,0.0,0.0014701000036438927,ok
OptimizedKernelSHAP,IRIS(n=4),4,4,1337,L2_Norm_Error,0.3352585284161131,0.0014701000036438927,ok
OwenSamplingSV,IRIS(n=4),4,8,1337,MSE,3.552713678800501e-16,0.0033804999984567985,ok
OwenSamplingSV,IRIS(n=4),4,8,1337,MAE,1.1920928966180355e-08,0.0033804999984567985,ok
OwenSamplingSV,IRIS(n=4),4,8,1337,SSE,1.7763568394002505e-15,0.0033804999984567985,ok
OwenSamplingSV,IRIS(n=4),4,8,1337,SAE,5.960464483090178e-08,0.0033804999984567985,ok
OwenSamplingSV,IRIS(n=4),4,8,1337,Precision@5,1.0,0.0033804999984567985,ok
OwenSamplingSV,IRIS(n=4),4,8,1337,Precision@10,1.0,0.0033804999984567985,ok
OwenSamplingSV,IRIS(n=4),4,8,1337,KendallTau,1.0,0.0033804999984567985,ok
OwenSamplingSV,IRIS(n=4),4,8,1337,L2_Norm_Error,1.1626622627004433e-09,0.0033804999984567985,ok
StratifiedSamplingSV,IRIS(n=4),4,8,1337,MSE,3.552713678800501e-16,0.004021900000225287,ok
StratifiedSamplingSV,IRIS(n=4),4,8,1337,MAE,1.1920928966180355e-08,0.004021900000225287,ok
StratifiedSamplingSV,IRIS(n=4),4,8,1337,SSE,1.7763568394002505e-15,0.004021900000225287,ok
StratifiedSamplingSV,IRIS(n=4),4,8,1337,SAE,5.960464483090178e-08,0.004021900000225287,ok
StratifiedSamplingSV,IRIS(n=4),4,8,1337,Precision@5,1.0,0.004021900000225287,ok
StratifiedSamplingSV,IRIS(n=4),4,8,1337,Precision@10,1.0,0.004021900000225287,ok
StratifiedSamplingSV,IRIS(n=4),4,8,1337,KendallTau,1.0,0.004021900000225287,ok
StratifiedSamplingSV,IRIS(n=4),4,8,1337,L2_Norm_Error,1.1626622627004433e-09,0.004021900000225287,ok
SVARM,IRIS(n=4),4,8,1337,MSE,1.3066476291385279e-08,0.006391599999915343,ok
SVARM,IRIS(n=4),4,8,1337,MAE,8.470142881074425e-05,0.006391599999915343,ok
SVARM,IRIS(n=4),4,8,1337,SSE,6.533238145692639e-08,0.006391599999915343,ok
SVARM,IRIS(n=4),4,8,1337,SAE,0.00042350714405372126,0.006391599999915343,ok
SVARM,IRIS(n=4),4,8,1337,Precision@5,1.0,0.006391599999915343,ok
SVARM,IRIS(n=4),4,8,1337,Precision@10,1.0,0.006391599999915343,ok
SVARM,IRIS(n=4),4,8,1337,KendallTau,0.9128709291752769,0.006391599999915343,ok
SVARM,IRIS(n=4),4,8,1337,L2_Norm_Error,0.04276139386383911,0.006391599999915343,ok
UnbiasedKernelSHAP,IRIS(n=4),4,8,1337,MSE,1.6363050398199504e-07,0.0025137999982689507,ok
UnbiasedKernelSHAP,IRIS(n=4),4,8,1337,MAE,0.00030115817983945246,0.0025137999982689507,ok
UnbiasedKernelSHAP,IRIS(n=4),4,8,1337,SSE,8.181525199099752e-07,0.0025137999982689507,ok
UnbiasedKernelSHAP,IRIS(n=4),4,8,1337,SAE,0.0015057908991972623,0.0025137999982689507,ok
UnbiasedKernelSHAP,IRIS(n=4),4,8,1337,Precision@5,1.0,0.0025137999982689507,ok
UnbiasedKernelSHAP,IRIS(n=4),4,8,1337,Precision@10,1.0,0.0025137999982689507,ok
UnbiasedKernelSHAP,IRIS(n=4),4,8,1337,KendallTau,0.9128709291752769,0.0025137999982689507,ok
UnbiasedKernelSHAP,IRIS(n=4),4,8,1337,L2_Norm_Error,0.5354977327380718,0.0025137999982689507,ok
PermutationSamplingSV,IRIS(n=4),4,8,1337,MSE,3.0814879110195775e-34,0.0017076999938581139,ok
PermutationSamplingSV,IRIS(n=4),4,8,1337,MAE,1.1102230246251566e-17,0.0017076999938581139,ok
PermutationSamplingSV,IRIS(n=4),4,8,1337,SSE,1.5407439555097887e-33,0.0017076999938581139,ok
PermutationSamplingSV,IRIS(n=4),4,8,1337,SAE,5.551115123125783e-17,0.0017076999938581139,ok
PermutationSamplingSV,IRIS(n=4),4,8,1337,Precision@5,1.0,0.0017076999938581139,ok
PermutationSamplingSV,IRIS(n=4),4,8,1337,Precision@10,1.0,0.0017076999938581139,ok
PermutationSamplingSV,IRIS(n=4),4,8,1337,KendallTau,1.0,0.0017076999938581139,ok
PermutationSamplingSV,IRIS(n=4),4,8,1337,L2_Norm_Error,1.0084487608693863e-27,0.0017076999938581139,ok
KernelSHAP,IRIS(n=4),4,8,1337,MSE,9.865140077213072e-17,0.0020780999984708615,ok
KernelSHAP,IRIS(n=4),4,8,1337,MAE,7.946357854708798e-09,0.0020780999984708615,ok
KernelSHAP,IRIS(n=4),4,8,1337,SSE,4.932570038606536e-16,0.0020780999984708615,ok
KernelSHAP,IRIS(n=4),4,8,1337,SAE,3.973178927354399e-08,0.0020780999984708615,ok
KernelSHAP,IRIS(n=4),4,8,1337,Precision@5,1.0,0.0020780999984708615,ok
KernelSHAP,IRIS(n=4),4,8,1337,Precision@10,1.0,0.0020780999984708615,ok
KernelSHAP,IRIS(n=4),4,8,1337,KendallTau,0.9128709291752769,0.0020780999984708615,ok
KernelSHAP,IRIS(n=4),4,8,1337,L2_Norm_Error,3.2284690298774434e-10,0.0020780999984708615,ok
LeverageSHAP,IRIS(n=4),4,8,1337,MSE,3.0756398266242367e-34,0.0013768999997409992,ok
LeverageSHAP,IRIS(n=4),4,8,1337,MAE,1.111307226797642e-17,0.0013768999997409992,ok
LeverageSHAP,IRIS(n=4),4,8,1337,SSE,1.5378199133121182e-33,0.0013768999997409992,ok
LeverageSHAP,IRIS(n=4),4,8,1337,SAE,5.55653613398821e-17,0.0013768999997409992,ok
LeverageSHAP,IRIS(n=4),4,8,1337,Precision@5,1.0,0.0013768999997409992,ok
LeverageSHAP,IRIS(n=4),4,8,1337,Precision@10,1.0,0.0013768999997409992,ok
LeverageSHAP,IRIS(n=4),4,8,1337,KendallTau,0.9128709291752769,0.0013768999997409992,ok
LeverageSHAP,IRIS(n=4),4,8,1337,L2_Norm_Error,1.0065349148209072e-27,0.0013768999997409992,ok
kADDSHAP,IRIS(n=4),4,8,1337,MSE,9.878088071477004e-17,0.0021048999988124706,ok
kADDSHAP,IRIS(n=4),4,8,1337,MAE,7.9501079896524e-09,0.0021048999988124706,ok
kADDSHAP,IRIS(n=4),4,8,1337,SSE,4.939044035738502e-16,0.0021048999988124706,ok
kADDSHAP,IRIS(n=4),4,8,1337,SAE,3.9750539948262005e-08,0.0021048999988124706,ok
kADDSHAP,IRIS(n=4),4,8,1337,Precision@5,1.0,0.0021048999988124706,ok
kADDSHAP,IRIS(n=4),4,8,1337,Precision@10,1.0,0.0021048999988124706,ok
kADDSHAP,IRIS(n=4),4,8,1337,KendallTau,0.9128709291752769,0.0021048999988124706,ok
kADDSHAP,IRIS(n=4),4,8,1337,L2_Norm_Error,3.232706394796031e-10,0.0021048999988124706,ok
SPEX,IRIS(n=4),4,8,1337,_,,0.21036359999561682,skipped:refused_regime(ValueError)
RegressionMSR,IRIS(n=4),4,8,1337,MSE,1.454292904350519e-08,0.04049210000084713,ok
RegressionMSR,IRIS(n=4),4,8,1337,MAE,9.093878577308115e-05,0.04049210000084713,ok
RegressionMSR,IRIS(n=4),4,8,1337,SSE,7.271464521752594e-08,0.04049210000084713,ok
RegressionMSR,IRIS(n=4),4,8,1337,SAE,0.00045469392886540575,0.04049210000084713,ok
RegressionMSR,IRIS(n=4),4,8,1337,Precision@5,1.0,0.04049210000084713,ok
RegressionMSR,IRIS(n=4),4,8,1337,Precision@10,1.0,0.04049210000084713,ok
RegressionMSR,IRIS(n=4),4,8,1337,KendallTau,0.9128709291752769,0.04049210000084713,ok
RegressionMSR,IRIS(n=4),4,8,1337,L2_Norm_Error,0.04759323806167949,0.04049210000084713,ok
ProxySPEX,IRIS(n=4),4,8,1337,MSE,0.20066069707465636,0.32946029999584425,ok
ProxySPEX,IRIS(n=4),4,8,1337,MAE,0.2006790280342102,0.32946029999584425,ok
ProxySPEX,IRIS(n=4),4,8,1337,SSE,1.0033034853732818,0.32946029999584425,ok
ProxySPEX,IRIS(n=4),4,8,1337,SAE,1.003395140171051,0.32946029999584425,ok
ProxySPEX,IRIS(n=4),4,8,1337,Precision@5,1.0,0.32946029999584425,ok
ProxySPEX,IRIS(n=4),4,8,1337,Precision@10,1.0,0.32946029999584425,ok
ProxySPEX,IRIS(n=4),4,8,1337,KendallTau,nan,0.32946029999584425,ok
ProxySPEX,IRIS(n=4),4,8,1337,L2_Norm_Error,1.0,0.32946029999584425,ok
OddSHAP,IRIS(n=4),4,8,1337,_,,8.600000001024455e-06,skipped:refused_regime(ValueError)
ShaplEIG,IRIS(n=4),4,8,1337,_,,0.0,skipped:incompatible_constructor(ImportError)
PolySHAPKAdd,IRIS(n=4),4,8,1337,MSE,9.86864908648932e-17,0.0018810000037774444,ok
PolySHAPKAdd,IRIS(n=4),4,8,1337,MAE,7.947285959159466e-09,0.0018810000037774444,ok
PolySHAPKAdd,IRIS(n=4),4,8,1337,SSE,4.93432454324466e-16,0.0018810000037774444,ok
PolySHAPKAdd,IRIS(n=4),4,8,1337,SAE,3.973642979579733e-08,0.0018810000037774444,ok
PolySHAPKAdd,IRIS(n=4),4,8,1337,Precision@5,1.0,0.0018810000037774444,ok
PolySHAPKAdd,IRIS(n=4),4,8,1337,Precision@10,1.0,0.0018810000037774444,ok
PolySHAPKAdd,IRIS(n=4),4,8,1337,KendallTau,0.9128709291752769,0.0018810000037774444,ok
PolySHAPKAdd,IRIS(n=4),4,8,1337,L2_Norm_Error,3.2296173894227974e-10,0.0018810000037774444,ok
PolySHAPPartial,IRIS(n=4),4,8,1337,MSE,9.86864908648932e-17,0.0017900999955600128,ok
PolySHAPPartial,IRIS(n=4),4,8,1337,MAE,7.947285959159466e-09,0.0017900999955600128,ok
PolySHAPPartial,IRIS(n=4),4,8,1337,SSE,4.93432454324466e-16,0.0017900999955600128,ok
PolySHAPPartial,IRIS(n=4),4,8,1337,SAE,3.973642979579733e-08,0.0017900999955600128,ok
PolySHAPPartial,IRIS(n=4),4,8,1337,Precision@5,1.0,0.0017900999955600128,ok
PolySHAPPartial,IRIS(n=4),4,8,1337,Precision@10,1.0,0.0017900999955600128,ok
PolySHAPPartial,IRIS(n=4),4,8,1337,KendallTau,0.9128709291752769,0.0017900999955600128,ok
PolySHAPPartial,IRIS(n=4),4,8,1337,L2_Norm_Error,3.2296173894227974e-10,0.0017900999955600128,ok
OptimizedKernelSHAP,IRIS(n=4),4,8,1337,MSE,2.6846355104459305e-22,0.001976300001842901,ok
OptimizedKernelSHAP,IRIS(n=4),4,8,1337,MAE,1.1723272099124437e-11,0.001976300001842901,ok
OptimizedKernelSHAP,IRIS(n=4),4,8,1337,SSE,1.3423177552229651e-21,0.001976300001842901,ok
OptimizedKernelSHAP,IRIS(n=4),4,8,1337,SAE,5.861636049562219e-11,0.001976300001842901,ok
OptimizedKernelSHAP,IRIS(n=4),4,8,1337,Precision@5,1.0,0.001976300001842901,ok
OptimizedKernelSHAP,IRIS(n=4),4,8,1337,Precision@10,1.0,0.001976300001842901,ok
OptimizedKernelSHAP,IRIS(n=4),4,8,1337,KendallTau,0.9128709291752769,0.001976300001842901,ok
OptimizedKernelSHAP,IRIS(n=4),4,8,1337,L2_Norm_Error,8.785747119804133e-16,0.001976300001842901,ok
OwenSamplingSV,IRIS(n=4),4,16,1337,MSE,3.552713678800501e-16,0.007246300003316719,ok
OwenSamplingSV,IRIS(n=4),4,16,1337,MAE,1.1920928966180355e-08,0.007246300003316719,ok
OwenSamplingSV,IRIS(n=4),4,16,1337,SSE,1.7763568394002505e-15,0.007246300003316719,ok
OwenSamplingSV,IRIS(n=4),4,16,1337,SAE,5.960464483090178e-08,0.007246300003316719,ok
OwenSamplingSV,IRIS(n=4),4,16,1337,Precision@5,1.0,0.007246300003316719,ok
OwenSamplingSV,IRIS(n=4),4,16,1337,Precision@10,1.0,0.007246300003316719,ok
OwenSamplingSV,IRIS(n=4),4,16,1337,KendallTau,1.0,0.007246300003316719,ok
OwenSamplingSV,IRIS(n=4),4,16,1337,L2_Norm_Error,1.1626622627004433e-09,0.007246300003316719,ok
StratifiedSamplingSV,IRIS(n=4),4,16,1337,MSE,3.552713678800501e-16,0.007214000004751142,ok
StratifiedSamplingSV,IRIS(n=4),4,16,1337,MAE,1.1920928966180355e-08,0.007214000004751142,ok
StratifiedSamplingSV,IRIS(n=4),4,16,1337,SSE,1.7763568394002505e-15,0.007214000004751142,ok
StratifiedSamplingSV,IRIS(n=4),4,16,1337,SAE,5.960464483090178e-08,0.007214000004751142,ok
StratifiedSamplingSV,IRIS(n=4),4,16,1337,Precision@5,1.0,0.007214000004751142,ok
StratifiedSamplingSV,IRIS(n=4),4,16,1337,Precision@10,1.0,0.007214000004751142,ok
StratifiedSamplingSV,IRIS(n=4),4,16,1337,KendallTau,1.0,0.007214000004751142,ok
StratifiedSamplingSV,IRIS(n=4),4,16,1337,L2_Norm_Error,1.1626622627004433e-09,0.007214000004751142,ok
SVARM,IRIS(n=4),4,16,1337,MSE,3.0846161953607033e-34,0.005329100000381004,ok
SVARM,IRIS(n=4),4,16,1337,MAE,1.1172703387463123e-17,0.005329100000381004,ok
SVARM,IRIS(n=4),4,16,1337,SSE,1.5423080976803516e-33,0.005329100000381004,ok
SVARM,IRIS(n=4),4,16,1337,SAE,5.586351693731562e-17,0.005329100000381004,ok
SVARM,IRIS(n=4),4,16,1337,Precision@5,1.0,0.005329100000381004,ok
SVARM,IRIS(n=4),4,16,1337,Precision@10,1.0,0.005329100000381004,ok
SVARM,IRIS(n=4),4,16,1337,KendallTau,0.9128709291752769,0.005329100000381004,ok
SVARM,IRIS(n=4),4,16,1337,L2_Norm_Error,1.0094725242455702e-27,0.005329100000381004,ok
UnbiasedKernelSHAP,IRIS(n=4),4,16,1337,MSE,3.0846161953607033e-34,0.002036400001088623,ok
UnbiasedKernelSHAP,IRIS(n=4),4,16,1337,MAE,1.1172703387463123e-17,0.002036400001088623,ok
UnbiasedKernelSHAP,IRIS(n=4),4,16,1337,SSE,1.5423080976803516e-33,0.002036400001088623,ok
UnbiasedKernelSHAP,IRIS(n=4),4,16,1337,SAE,5.586351693731562e-17,0.002036400001088623,ok
UnbiasedKernelSHAP,IRIS(n=4),4,16,1337,Precision@5,1.0,0.002036400001088623,ok
UnbiasedKernelSHAP,IRIS(n=4),4,16,1337,Precision@10,1.0,0.002036400001088623,ok
UnbiasedKernelSHAP,IRIS(n=4),4,16,1337,KendallTau,0.9128709291752769,0.002036400001088623,ok
UnbiasedKernelSHAP,IRIS(n=4),4,16,1337,L2_Norm_Error,1.0094725242455702e-27,0.002036400001088623,ok
PermutationSamplingSV,IRIS(n=4),4,16,1337,MSE,8.881784197001253e-17,0.002158400006010197,ok
PermutationSamplingSV,IRIS(n=4),4,16,1337,MAE,5.9604644886412924e-09,0.002158400006010197,ok
PermutationSamplingSV,IRIS(n=4),4,16,1337,SSE,4.440892098500626e-16,0.002158400006010197,ok
PermutationSamplingSV,IRIS(n=4),4,16,1337,SAE,2.9802322443206464e-08,0.002158400006010197,ok
PermutationSamplingSV,IRIS(n=4),4,16,1337,Precision@5,1.0,0.002158400006010197,ok
PermutationSamplingSV,IRIS(n=4),4,16,1337,Precision@10,1.0,0.002158400006010197,ok
PermutationSamplingSV,IRIS(n=4),4,16,1337,KendallTau,1.0,0.002158400006010197,ok
PermutationSamplingSV,IRIS(n=4),4,16,1337,L2_Norm_Error,2.9066556567511083e-10,0.002158400006010197,ok
KernelSHAP,IRIS(n=4),4,16,1337,MSE,1.2049306578460935e-22,0.0017474999986006878,ok
KernelSHAP,IRIS(n=4),4,16,1337,MAE,9.180430119725243e-12,0.0017474999986006878,ok
KernelSHAP,IRIS(n=4),4,16,1337,SSE,6.024653289230467e-22,0.0017474999986006878,ok
KernelSHAP,IRIS(n=4),4,16,1337,SAE,4.590215059862621e-11,0.0017474999986006878,ok
KernelSHAP,IRIS(n=4),4,16,1337,Precision@5,1.0,0.0017474999986006878,ok
KernelSHAP,IRIS(n=4),4,16,1337,Precision@10,1.0,0.0017474999986006878,ok
KernelSHAP,IRIS(n=4),4,16,1337,KendallTau,0.9128709291752769,0.0017474999986006878,ok
KernelSHAP,IRIS(n=4),4,16,1337,L2_Norm_Error,3.943260087093386e-16,0.0017474999986006878,ok
LeverageSHAP,IRIS(n=4),4,16,1337,MSE,3.0936660324940963e-34,0.0016450000039185397,ok
LeverageSHAP,IRIS(n=4),4,16,1337,MAE,1.1145598333150985e-17,0.0016450000039185397,ok
LeverageSHAP,IRIS(n=4),4,16,1337,SSE,1.546833016247048e-33,0.0016450000039185397,ok
LeverageSHAP,IRIS(n=4),4,16,1337,SAE,5.572799166575493e-17,0.0016450000039185397,ok
LeverageSHAP,IRIS(n=4),4,16,1337,Precision@5,1.0,0.0016450000039185397,ok
LeverageSHAP,IRIS(n=4),4,16,1337,Precision@10,1.0,0.0016450000039185397,ok
LeverageSHAP,IRIS(n=4),4,16,1337,KendallTau,0.9128709291752769,0.0016450000039185397,ok
LeverageSHAP,IRIS(n=4),4,16,1337,L2_Norm_Error,1.0124341769622997e-27,0.0016450000039185397,ok
kADDSHAP,IRIS(n=4),4,16,1337,MSE,2.344727117939608e-23,0.00184830000216607,ok
kADDSHAP,IRIS(n=4),4,16,1337,MAE,3.8090531620637115e-12,0.00184830000216607,ok
kADDSHAP,IRIS(n=4),4,16,1337,SSE,1.1723635589698039e-22,0.00184830000216607,ok
kADDSHAP,IRIS(n=4),4,16,1337,SAE,1.9045265810318557e-11,0.00184830000216607,ok
kADDSHAP,IRIS(n=4),4,16,1337,Precision@5,1.0,0.00184830000216607,ok
kADDSHAP,IRIS(n=4),4,16,1337,Precision@10,1.0,0.00184830000216607,ok
kADDSHAP,IRIS(n=4),4,16,1337,KendallTau,0.9128709291752769,0.00184830000216607,ok
kADDSHAP,IRIS(n=4),4,16,1337,L2_Norm_Error,7.673361781519001e-17,0.00184830000216607,ok
SPEX,IRIS(n=4),4,16,1337,_,,0.19767419999698177,skipped:refused_regime(ValueError)
RegressionMSR,IRIS(n=4),4,16,1337,MSE,2.7528570628023454e-22,0.020765100001881365,ok
RegressionMSR,IRIS(n=4),4,16,1337,MAE,8.731160228408335e-12,0.020765100001881365,ok
RegressionMSR,IRIS(n=4),4,16,1337,SSE,1.3764285314011728e-21,0.020765100001881365,ok
RegressionMSR,IRIS(n=4),4,16,1337,SAE,4.365580114204168e-11,0.020765100001881365,ok
RegressionMSR,IRIS(n=4),4,16,1337,Precision@5,1.0,0.020765100001881365,ok
RegressionMSR,IRIS(n=4),4,16,1337,Precision@10,1.0,0.020765100001881365,ok
RegressionMSR,IRIS(n=4),4,16,1337,KendallTau,1.0,0.020765100001881365,ok
RegressionMSR,IRIS(n=4),4,16,1337,L2_Norm_Error,9.009009199439064e-16,0.020765100001881365,ok
ProxySPEX,IRIS(n=4),4,16,1337,MSE,0.20066069707465636,0.30568859999766573,ok
ProxySPEX,IRIS(n=4),4,16,1337,MAE,0.2006790280342102,0.30568859999766573,ok
ProxySPEX,IRIS(n=4),4,16,1337,SSE,1.0033034853732818,0.30568859999766573,ok
ProxySPEX,IRIS(n=4),4,16,1337,SAE,1.003395140171051,0.30568859999766573,ok
ProxySPEX,IRIS(n=4),4,16,1337,Precision@5,1.0,0.30568859999766573,ok
ProxySPEX,IRIS(n=4),4,16,1337,Precision@10,1.0,0.30568859999766573,ok
ProxySPEX,IRIS(n=4),4,16,1337,KendallTau,nan,0.30568859999766573,ok
ProxySPEX,IRIS(n=4),4,16,1337,L2_Norm_Error,1.0,0.30568859999766573,ok
OddSHAP,IRIS(n=4),4,16,1337,MSE,3.0694743587541737e-34,0.004917199999908917,ok
OddSHAP,IRIS(n=4),4,16,1337,MAE,1.1080546202801856e-17,0.004917199999908917,ok
OddSHAP,IRIS(n=4),4,16,1337,SSE,1.5347371793770868e-33,0.004917199999908917,ok
OddSHAP,IRIS(n=4),4,16,1337,SAE,5.5402731014009277e-17,0.004917199999908917,ok
OddSHAP,IRIS(n=4),4,16,1337,Precision@5,1.0,0.004917199999908917,ok
OddSHAP,IRIS(n=4),4,16,1337,Precision@10,1.0,0.004917199999908917,ok
OddSHAP,IRIS(n=4),4,16,1337,KendallTau,0.9128709291752769,0.004917199999908917,ok
OddSHAP,IRIS(n=4),4,16,1337,L2_Norm_Error,1.0045172017507014e-27,0.004917199999908917,ok
ShaplEIG,IRIS(n=4),4,16,1337,_,,0.0,skipped:incompatible_constructor(ImportError)
PolySHAPKAdd,IRIS(n=4),4,16,1337,MSE,3.0936425226070797e-34,0.0012931999954162166,ok
PolySHAPKAdd,IRIS(n=4),4,16,1337,MAE,1.1123914289701275e-17,0.0012931999954162166,ok
PolySHAPKAdd,IRIS(n=4),4,16,1337,SSE,1.54682126130354e-33,0.0012931999954162166,ok
PolySHAPKAdd,IRIS(n=4),4,16,1337,SAE,5.561957144850638e-17,0.0012931999954162166,ok
PolySHAPKAdd,IRIS(n=4),4,16,1337,Precision@5,1.0,0.0012931999954162166,ok
PolySHAPKAdd,IRIS(n=4),4,16,1337,Precision@10,1.0,0.0012931999954162166,ok
PolySHAPKAdd,IRIS(n=4),4,16,1337,KendallTau,0.9128709291752769,0.0012931999954162166,ok
PolySHAPKAdd,IRIS(n=4),4,16,1337,L2_Norm_Error,1.0124264831088384e-27,0.0012931999954162166,ok
PolySHAPPartial,IRIS(n=4),4,16,1337,MSE,3.0936425226070797e-34,0.0012709000002359971,ok
PolySHAPPartial,IRIS(n=4),4,16,1337,MAE,1.1123914289701275e-17,0.0012709000002359971,ok
PolySHAPPartial,IRIS(n=4),4,16,1337,SSE,1.54682126130354e-33,0.0012709000002359971,ok
PolySHAPPartial,IRIS(n=4),4,16,1337,SAE,5.561957144850638e-17,0.0012709000002359971,ok
PolySHAPPartial,IRIS(n=4),4,16,1337,Precision@5,1.0,0.0012709000002359971,ok
PolySHAPPartial,IRIS(n=4),4,16,1337,Precision@10,1.0,0.0012709000002359971,ok
PolySHAPPartial,IRIS(n=4),4,16,1337,KendallTau,0.9128709291752769,0.0012709000002359971,ok
PolySHAPPartial,IRIS(n=4),4,16,1337,L2_Norm_Error,1.0124264831088384e-27,0.0012709000002359971,ok
OptimizedKernelSHAP,IRIS(n=4),4,16,1337,MSE,1.2049306578460935e-22,0.0013907999964430928,ok
OptimizedKernelSHAP,IRIS(n=4),4,16,1337,MAE,9.180430119725243e-12,0.0013907999964430928,ok
OptimizedKernelSHAP,IRIS(n=4),4,16,1337,SSE,6.024653289230467e-22,0.0013907999964430928,ok
OptimizedKernelSHAP,IRIS(n=4),4,16,1337,SAE,4.590215059862621e-11,0.0013907999964430928,ok
OptimizedKernelSHAP,IRIS(n=4),4,16,1337,Precision@5,1.0,0.0013907999964430928,ok
OptimizedKernelSHAP,IRIS(n=4),4,16,1337,Precision@10,1.0,0.0013907999964430928,ok
OptimizedKernelSHAP,IRIS(n=4),4,16,1337,KendallTau,0.9128709291752769,0.0013907999964430928,ok
OptimizedKernelSHAP,IRIS(n=4),4,16,1337,L2_Norm_Error,3.943260087093386e-16,0.0013907999964430928,ok
OwenSamplingSV,California(n=8),8,12,0,MSE,1.05244049230882,0.0057193000029656105,ok
OwenSamplingSV,California(n=8),8,12,0,MAE,0.5237188571344608,0.0057193000029656105,ok
OwenSamplingSV,California(n=8),8,12,0,SSE,9.47196443077938,0.0057193000029656105,ok
OwenSamplingSV,California(n=8),8,12,0,SAE,4.713469714210147,0.0057193000029656105,ok
OwenSamplingSV,California(n=8),8,12,0,Precision@5,0.4,0.0057193000029656105,ok
OwenSamplingSV,California(n=8),8,12,0,Precision@10,1.0,0.0057193000029656105,ok
OwenSamplingSV,California(n=8),8,12,0,KendallTau,0.0890870806374748,0.0057193000029656105,ok
OwenSamplingSV,California(n=8),8,12,0,L2_Norm_Error,0.9984881551738707,0.0057193000029656105,ok
StratifiedSamplingSV,California(n=8),8,12,0,MSE,0.679699184962631,0.005440900000394322,ok
StratifiedSamplingSV,California(n=8),8,12,0,MAE,0.42178109695040994,0.005440900000394322,ok
StratifiedSamplingSV,California(n=8),8,12,0,SSE,6.11729266466368,0.005440900000394322,ok
StratifiedSamplingSV,California(n=8),8,12,0,SAE,3.7960298725536896,0.005440900000394322,ok
StratifiedSamplingSV,California(n=8),8,12,0,Precision@5,0.8,0.005440900000394322,ok
StratifiedSamplingSV,California(n=8),8,12,0,Precision@10,1.0,0.005440900000394322,ok
StratifiedSamplingSV,California(n=8),8,12,0,KendallTau,0.6910233190806425,0.005440900000394322,ok
StratifiedSamplingSV,California(n=8),8,12,0,L2_Norm_Error,0.644855068031131,0.005440900000394322,ok
SVARM,California(n=8),8,12,0,MSE,0.4140878473145495,0.011777299994719215,ok
SVARM,California(n=8),8,12,0,MAE,0.42764201294335114,0.011777299994719215,ok
SVARM,California(n=8),8,12,0,SSE,3.7267906258309456,0.011777299994719215,ok
SVARM,California(n=8),8,12,0,SAE,3.84877811649016,0.011777299994719215,ok
SVARM,California(n=8),8,12,0,Precision@5,0.6,0.011777299994719215,ok
SVARM,California(n=8),8,12,0,Precision@10,1.0,0.011777299994719215,ok
SVARM,California(n=8),8,12,0,KendallTau,0.4999999999999999,0.011777299994719215,ok
SVARM,California(n=8),8,12,0,L2_Norm_Error,0.39286003699646793,0.011777299994719215,ok
UnbiasedKernelSHAP,California(n=8),8,12,0,MSE,0.6689965968798544,0.0028257000012672506,ok
UnbiasedKernelSHAP,California(n=8),8,12,0,MAE,0.6512597475859226,0.0028257000012672506,ok
UnbiasedKernelSHAP,California(n=8),8,12,0,SSE,6.02096937191869,0.0028257000012672506,ok
UnbiasedKernelSHAP,California(n=8),8,12,0,SAE,5.861337728273304,0.0028257000012672506,ok
UnbiasedKernelSHAP,California(n=8),8,12,0,Precision@5,0.6,0.0028257000012672506,ok
UnbiasedKernelSHAP,California(n=8),8,12,0,Precision@10,1.0,0.0028257000012672506,ok
UnbiasedKernelSHAP,California(n=8),8,12,0,KendallTau,0.3571428571428571,0.0028257000012672506,ok
UnbiasedKernelSHAP,California(n=8),8,12,0,L2_Norm_Error,0.634701137705898,0.0028257000012672506,ok
PermutationSamplingSV,California(n=8),8,12,0,MSE,0.5041965024363676,0.0018254000024171546,ok
PermutationSamplingSV,California(n=8),8,12,0,MAE,0.41508100795998143,0.0018254000024171546,ok
PermutationSamplingSV,California(n=8),8,12,0,SSE,4.537768521927308,0.0018254000024171546,ok
PermutationSamplingSV,California(n=8),8,12,0,SAE,3.735729071639833,0.0018254000024171546,ok
PermutationSamplingSV,California(n=8),8,12,0,Precision@5,0.8,0.0018254000024171546,ok
PermutationSamplingSV,California(n=8),8,12,0,Precision@10,1.0,0.0018254000024171546,ok
PermutationSamplingSV,California(n=8),8,12,0,KendallTau,0.7637626158259734,0.0018254000024171546,ok
PermutationSamplingSV,California(n=8),8,12,0,L2_Norm_Error,0.4783493596472938,0.0018254000024171546,ok
KernelSHAP,California(n=8),8,12,0,MSE,0.37264518278535536,0.0023303999987547286,ok
KernelSHAP,California(n=8),8,12,0,MAE,0.4910585092015368,0.0023303999987547286,ok
KernelSHAP,California(n=8),8,12,0,SSE,3.353806645068198,0.0023303999987547286,ok
KernelSHAP,California(n=8),8,12,0,SAE,4.419526582813831,0.0023303999987547286,ok
KernelSHAP,California(n=8),8,12,0,Precision@5,1.0,0.0023303999987547286,ok
KernelSHAP,California(n=8),8,12,0,Precision@10,1.0,0.0023303999987547286,ok
KernelSHAP,California(n=8),8,12,0,KendallTau,0.2857142857142857,0.0023303999987547286,ok
KernelSHAP,California(n=8),8,12,0,L2_Norm_Error,0.35354189031392613,0.0023303999987547286,ok
LeverageSHAP,California(n=8),8,12,0,MSE,0.6660306248896871,0.0013510999997379258,ok
LeverageSHAP,California(n=8),8,12,0,MAE,0.6524169540752178,0.0013510999997379258,ok
LeverageSHAP,California(n=8),8,12,0,SSE,5.994275624007184,0.0013510999997379258,ok
LeverageSHAP,California(n=8),8,12,0,SAE,5.87175258667696,0.0013510999997379258,ok
LeverageSHAP,California(n=8),8,12,0,Precision@5,0.8,0.0013510999997379258,ok
LeverageSHAP,California(n=8),8,12,0,Precision@10,1.0,0.0013510999997379258,ok
LeverageSHAP,California(n=8),8,12,0,KendallTau,0.7937253933193772,0.0013510999997379258,ok
LeverageSHAP,California(n=8),8,12,0,L2_Norm_Error,0.6318872133820033,0.0013510999997379258,ok
kADDSHAP,California(n=8),8,12,0,MSE,0.37264517371304895,0.0023134000002755783,ok
kADDSHAP,California(n=8),8,12,0,MAE,0.49105849448815697,0.0023134000002755783,ok
kADDSHAP,California(n=8),8,12,0,SSE,3.3538065634174403,0.0023134000002755783,ok
kADDSHAP,California(n=8),8,12,0,SAE,4.419526450393413,0.0023134000002755783,ok
kADDSHAP,California(n=8),8,12,0,Precision@5,1.0,0.0023134000002755783,ok
kADDSHAP,California(n=8),8,12,0,Precision@10,1.0,0.0023134000002755783,ok
kADDSHAP,California(n=8),8,12,0,KendallTau,0.2857142857142857,0.0023134000002755783,ok
kADDSHAP,California(n=8),8,12,0,L2_Norm_Error,0.3535418817067027,0.0023134000002755783,ok
SPEX,California(n=8),8,12,0,_,,0.22806390000187093,skipped:refused_regime(ValueError)
RegressionMSR,California(n=8),8,12,0,MSE,0.7213905532659034,0.04456890000437852,ok
RegressionMSR,California(n=8),8,12,0,MAE,0.4195936806509737,0.04456890000437852,ok
RegressionMSR,California(n=8),8,12,0,SSE,6.492514979393131,0.04456890000437852,ok
RegressionMSR,California(n=8),8,12,0,SAE,3.776343125858763,0.04456890000437852,ok
RegressionMSR,California(n=8),8,12,0,Precision@5,0.8,0.04456890000437852,ok
RegressionMSR,California(n=8),8,12,0,Precision@10,1.0,0.04456890000437852,ok
RegressionMSR,California(n=8),8,12,0,KendallTau,0.6428571428571428,0.04456890000437852,ok
RegressionMSR,California(n=8),8,12,0,L2_Norm_Error,0.684409168930922,0.04456890000437852,ok
ProxySPEX,California(n=8),8,12,0,MSE,1.172549507386667,0.326856300001964,ok
ProxySPEX,California(n=8),8,12,0,MAE,0.647522618404772,0.326856300001964,ok
ProxySPEX,California(n=8),8,12,0,SSE,10.552945566480004,0.326856300001964,ok
ProxySPEX,California(n=8),8,12,0,SAE,5.827703565642948,0.326856300001964,ok
ProxySPEX,California(n=8),8,12,0,Precision@5,0.4,0.326856300001964,ok
ProxySPEX,California(n=8),8,12,0,Precision@10,1.0,0.326856300001964,ok
ProxySPEX,California(n=8),8,12,0,KendallTau,nan,0.326856300001964,ok
ProxySPEX,California(n=8),8,12,0,L2_Norm_Error,1.0,0.326856300001964,ok
OddSHAP,California(n=8),8,12,0,MSE,1.0724403226837742,0.00582899999426445,ok
OddSHAP,California(n=8),8,12,0,MAE,0.5686113747024032,0.00582899999426445,ok
OddSHAP,California(n=8),8,12,0,SSE,9.651962904153969,0.00582899999426445,ok
OddSHAP,California(n=8),8,12,0,SAE,5.117502372321629,0.00582899999426445,ok
OddSHAP,California(n=8),8,12,0,Precision@5,0.4,0.00582899999426445,ok
OddSHAP,California(n=8),8,12,0,Precision@10,1.0,0.00582899999426445,ok
OddSHAP,California(n=8),8,12,0,KendallTau,0.2620712091804796,0.00582899999426445,ok
OddSHAP,California(n=8),8,12,0,L2_Norm_Error,1.0174627137173848,0.00582899999426445,ok
ShaplEIG,California(n=8),8,12,0,_,,0.0,skipped:incompatible_constructor(ImportError)
PolySHAPKAdd,California(n=8),8,12,0,MSE,0.3726452011279775,0.002158600000257138,ok
PolySHAPKAdd,California(n=8),8,12,0,MAE,0.4910585146904451,0.002158600000257138,ok
PolySHAPKAdd,California(n=8),8,12,0,SSE,3.3538068101517973,0.002158600000257138,ok
PolySHAPKAdd,California(n=8),8,12,0,SAE,4.419526632214006,0.002158600000257138,ok
PolySHAPKAdd,California(n=8),8,12,0,Precision@5,1.0,0.002158600000257138,ok
PolySHAPKAdd,California(n=8),8,12,0,Precision@10,1.0,0.002158600000257138,ok
PolySHAPKAdd,California(n=8),8,12,0,KendallTau,0.2857142857142857,0.002158600000257138,ok
PolySHAPKAdd,California(n=8),8,12,0,L2_Norm_Error,0.35354190771623156,0.002158600000257138,ok
PolySHAPPartial,California(n=8),8,12,0,MSE,0.3726452011279775,0.0023112000053515658,ok
PolySHAPPartial,California(n=8),8,12,0,MAE,0.4910585146904451,0.0023112000053515658,ok
PolySHAPPartial,California(n=8),8,12,0,SSE,3.3538068101517973,0.0023112000053515658,ok
PolySHAPPartial,California(n=8),8,12,0,SAE,4.419526632214006,0.0023112000053515658,ok
PolySHAPPartial,California(n=8),8,12,0,Precision@5,1.0,0.0023112000053515658,ok
PolySHAPPartial,California(n=8),8,12,0,Precision@10,1.0,0.0023112000053515658,ok
PolySHAPPartial,California(n=8),8,12,0,KendallTau,0.2857142857142857,0.0023112000053515658,ok
PolySHAPPartial,California(n=8),8,12,0,L2_Norm_Error,0.35354190771623156,0.0023112000053515658,ok
OptimizedKernelSHAP,California(n=8),8,12,0,MSE,0.1373993805749199,0.0022346999976434745,ok
OptimizedKernelSHAP,California(n=8),8,12,0,MAE,0.23247814322758226,0.0022346999976434745,ok
OptimizedKernelSHAP,California(n=8),8,12,0,SSE,1.236594425174279,0.0022346999976434745,ok
OptimizedKernelSHAP,California(n=8),8,12,0,SAE,2.0923032890482403,0.0022346999976434745,ok
OptimizedKernelSHAP,California(n=8),8,12,0,Precision@5,0.6,0.0022346999976434745,ok
OptimizedKernelSHAP,California(n=8),8,12,0,Precision@10,1.0,0.0022346999976434745,ok
OptimizedKernelSHAP,California(n=8),8,12,0,KendallTau,0.7857142857142856,0.0022346999976434745,ok
OptimizedKernelSHAP,California(n=8),8,12,0,L2_Norm_Error,0.13035573510794554,0.0022346999976434745,ok
OwenSamplingSV,California(n=8),8,64,0,MSE,0.36350067513069595,0.02547519999643555,ok
OwenSamplingSV,California(n=8),8,64,0,MAE,0.2588645224533386,0.02547519999643555,ok
OwenSamplingSV,California(n=8),8,64,0,SSE,3.2715060761762635,0.02547519999643555,ok
OwenSamplingSV,California(n=8),8,64,0,SAE,2.329780702080047,0.02547519999643555,ok
OwenSamplingSV,California(n=8),8,64,0,Precision@5,0.8,0.02547519999643555,ok
OwenSamplingSV,California(n=8),8,64,0,Precision@10,1.0,0.02547519999643555,ok
OwenSamplingSV,California(n=8),8,64,0,KendallTau,0.6910233190806425,0.02547519999643555,ok
OwenSamplingSV,California(n=8),8,64,0,L2_Norm_Error,0.3448661669406801,0.02547519999643555,ok
StratifiedSamplingSV,California(n=8),8,64,0,MSE,0.1758819817934359,0.026076699999975972,ok
StratifiedSamplingSV,California(n=8),8,64,0,MAE,0.21022038352552555,0.026076699999975972,ok
StratifiedSamplingSV,California(n=8),8,64,0,SSE,1.582937836140923,0.026076699999975972,ok
StratifiedSamplingSV,California(n=8),8,64,0,SAE,1.89198345172973,0.026076699999975972,ok
StratifiedSamplingSV,California(n=8),8,64,0,Precision@5,0.8,0.026076699999975972,ok
StratifiedSamplingSV,California(n=8),8,64,0,Precision@10,1.0,0.026076699999975972,ok
StratifiedSamplingSV,California(n=8),8,64,0,KendallTau,0.9092412093166348,0.026076699999975972,ok
StratifiedSamplingSV,California(n=8),8,64,0,L2_Norm_Error,0.1668655632433807,0.026076699999975972,ok
SVARM,California(n=8),8,64,0,MSE,0.05225516837789628,0.021263599999656435,ok
SVARM,California(n=8),8,64,0,MAE,0.13996448173016632,0.021263599999656435,ok
SVARM,California(n=8),8,64,0,SSE,0.47029651540106654,0.021263599999656435,ok
SVARM,California(n=8),8,64,0,SAE,1.259680335571497,0.021263599999656435,ok
SVARM,California(n=8),8,64,0,Precision@5,1.0,0.021263599999656435,ok
SVARM,California(n=8),8,64,0,Precision@10,1.0,0.021263599999656435,ok
SVARM,California(n=8),8,64,0,KendallTau,0.3571428571428571,0.021263599999656435,ok
SVARM,California(n=8),8,64,0,L2_Norm_Error,0.049576358048978864,0.021263599999656435,ok
UnbiasedKernelSHAP,California(n=8),8,64,0,MSE,0.07390115482524655,0.006706499996653292,ok
UnbiasedKernelSHAP,California(n=8),8,64,0,MAE,0.24064682014347483,0.006706499996653292,ok
UnbiasedKernelSHAP,California(n=8),8,64,0,SSE,0.6651103934272189,0.006706499996653292,ok
UnbiasedKernelSHAP,California(n=8),8,64,0,SAE,2.1658213812912734,0.006706499996653292,ok
UnbiasedKernelSHAP,California(n=8),8,64,0,Precision@5,0.6,0.006706499996653292,ok
UnbiasedKernelSHAP,California(n=8),8,64,0,Precision@10,1.0,0.006706499996653292,ok
UnbiasedKernelSHAP,California(n=8),8,64,0,KendallTau,0.2857142857142857,0.006706499996653292,ok
UnbiasedKernelSHAP,California(n=8),8,64,0,L2_Norm_Error,0.07011268407660888,0.006706499996653292,ok
PermutationSamplingSV,California(n=8),8,64,0,MSE,0.0014467222345621756,0.0025487000020802952,ok
PermutationSamplingSV,California(n=8),8,64,0,MAE,0.029283411887587724,0.0025487000020802952,ok
PermutationSamplingSV,California(n=8),8,64,0,SSE,0.01302050011105958,0.0025487000020802952,ok
PermutationSamplingSV,California(n=8),8,64,0,SAE,0.26355070698828953,0.0025487000020802952,ok
PermutationSamplingSV,California(n=8),8,64,0,Precision@5,0.8,0.0025487000020802952,ok
PermutationSamplingSV,California(n=8),8,64,0,Precision@10,1.0,0.0025487000020802952,ok
PermutationSamplingSV,California(n=8),8,64,0,KendallTau,0.9092412093166348,0.0025487000020802952,ok
PermutationSamplingSV,California(n=8),8,64,0,L2_Norm_Error,0.0013725574278009944,0.0025487000020802952,ok
KernelSHAP,California(n=8),8,64,0,MSE,0.037031557178576674,0.006910200005222578,ok
KernelSHAP,California(n=8),8,64,0,MAE,0.14853740080842215,0.006910200005222578,ok
KernelSHAP,California(n=8),8,64,0,SSE,0.33328401460719004,0.006910200005222578,ok
KernelSHAP,California(n=8),8,64,0,SAE,1.3368366072757993,0.006910200005222578,ok
KernelSHAP,California(n=8),8,64,0,Precision@5,0.6,0.006910200005222578,ok
KernelSHAP,California(n=8),8,64,0,Precision@10,1.0,0.006910200005222578,ok
KernelSHAP,California(n=8),8,64,0,KendallTau,0.7142857142857142,0.006910200005222578,ok
KernelSHAP,California(n=8),8,64,0,L2_Norm_Error,0.03513317045540177,0.006910200005222578,ok
LeverageSHAP,California(n=8),8,64,0,MSE,0.002817469746267684,0.0017580999992787838,ok
LeverageSHAP,California(n=8),8,64,0,MAE,0.04084900969852247,0.0017580999992787838,ok
LeverageSHAP,California(n=8),8,64,0,SSE,0.025357227716409154,0.0017580999992787838,ok
LeverageSHAP,California(n=8),8,64,0,SAE,0.3676410872867022,0.0017580999992787838,ok
LeverageSHAP,California(n=8),8,64,0,Precision@5,1.0,0.0017580999992787838,ok
LeverageSHAP,California(n=8),8,64,0,Precision@10,1.0,0.0017580999992787838,ok
LeverageSHAP,California(n=8),8,64,0,KendallTau,0.8571428571428571,0.0017580999992787838,ok
LeverageSHAP,California(n=8),8,64,0,L2_Norm_Error,0.0026730349029401718,0.0017580999992787838,ok
kADDSHAP,California(n=8),8,64,0,MSE,0.0370315363363478,0.006630700001551304,ok
kADDSHAP,California(n=8),8,64,0,MAE,0.1485373748701473,0.006630700001551304,ok
kADDSHAP,California(n=8),8,64,0,SSE,0.3332838270271302,0.006630700001551304,ok
kADDSHAP,California(n=8),8,64,0,SAE,1.3368363738313256,0.006630700001551304,ok
kADDSHAP,California(n=8),8,64,0,Precision@5,0.6,0.006630700001551304,ok
kADDSHAP,California(n=8),8,64,0,Precision@10,1.0,0.006630700001551304,ok
kADDSHAP,California(n=8),8,64,0,KendallTau,0.7142857142857142,0.006630700001551304,ok
kADDSHAP,California(n=8),8,64,0,L2_Norm_Error,0.03513315068162947,0.006630700001551304,ok
SPEX,California(n=8),8,64,0,_,,0.24741630000062287,skipped:refused_regime(ValueError)
RegressionMSR,California(n=8),8,64,0,MSE,4.643792565769362e-05,0.03323590000218246,ok
RegressionMSR,California(n=8),8,64,0,MAE,0.005173246891515411,0.03323590000218246,ok
RegressionMSR,California(n=8),8,64,0,SSE,0.00041794133091924254,0.03323590000218246,ok
RegressionMSR,California(n=8),8,64,0,SAE,0.0465592220236387,0.03323590000218246,ok
RegressionMSR,California(n=8),8,64,0,Precision@5,1.0,0.03323590000218246,ok
RegressionMSR,California(n=8),8,64,0,Precision@10,1.0,0.03323590000218246,ok
RegressionMSR,California(n=8),8,64,0,KendallTau,0.9999999999999998,0.03323590000218246,ok
RegressionMSR,California(n=8),8,64,0,L2_Norm_Error,4.4057330612898985e-05,0.03323590000218246,ok
ProxySPEX,California(n=8),8,64,0,MSE,0.13020361862205454,1.1819679000036558,ok
ProxySPEX,California(n=8),8,64,0,MAE,0.18428944359065189,1.1819679000036558,ok
ProxySPEX,California(n=8),8,64,0,SSE,1.1718325675984909,1.1819679000036558,ok
ProxySPEX,California(n=8),8,64,0,SAE,1.658604992315867,1.1819679000036558,ok
ProxySPEX,California(n=8),8,64,0,Precision@5,0.8,1.1819679000036558,ok
ProxySPEX,California(n=8),8,64,0,Precision@10,1.0,1.1819679000036558,ok
ProxySPEX,California(n=8),8,64,0,KendallTau,0.9819805060619657,1.1819679000036558,ok
ProxySPEX,California(n=8),8,64,0,L2_Norm_Error,0.011088958348201748,1.1819679000036558,ok
OddSHAP,California(n=8),8,64,0,MSE,0.0003157763375150897,0.017816300001868512,ok
OddSHAP,California(n=8),8,64,0,MAE,0.014412875489484143,0.017816300001868512,ok
OddSHAP,California(n=8),8,64,0,SSE,0.002841987037635807,0.017816300001868512,ok
OddSHAP,California(n=8),8,64,0,SAE,0.12971587940535728,0.017816300001868512,ok
OddSHAP,California(n=8),8,64,0,Precision@5,1.0,0.017816300001868512,ok
OddSHAP,California(n=8),8,64,0,Precision@10,1.0,0.017816300001868512,ok
OddSHAP,California(n=8),8,64,0,KendallTau,0.9999999999999998,0.017816300001868512,ok
OddSHAP,California(n=8),8,64,0,L2_Norm_Error,0.0002995883710263825,0.017816300001868512,ok
ShaplEIG,California(n=8),8,64,0,_,,0.0,skipped:incompatible_constructor(ImportError)
PolySHAPKAdd,California(n=8),8,64,0,MSE,0.03703154820472533,0.012238000002980698,ok
PolySHAPKAdd,California(n=8),8,64,0,MAE,0.14853738536225508,0.012238000002980698,ok
PolySHAPKAdd,California(n=8),8,64,0,SSE,0.33328393384252797,0.012238000002980698,ok
PolySHAPKAdd,California(n=8),8,64,0,SAE,1.3368364682602958,0.012238000002980698,ok
PolySHAPKAdd,California(n=8),8,64,0,Precision@5,0.6,0.012238000002980698,ok
PolySHAPKAdd,California(n=8),8,64,0,Precision@10,1.0,0.012238000002980698,ok
PolySHAPKAdd,California(n=8),8,64,0,KendallTau,0.7142857142857142,0.012238000002980698,ok
PolySHAPKAdd,California(n=8),8,64,0,L2_Norm_Error,0.03513316194158618,0.012238000002980698,ok
PolySHAPPartial,California(n=8),8,64,0,MSE,0.03703154820472533,0.004911399999400601,ok
PolySHAPPartial,California(n=8),8,64,0,MAE,0.14853738536225508,0.004911399999400601,ok
PolySHAPPartial,California(n=8),8,64,0,SSE,0.33328393384252797,0.004911399999400601,ok
PolySHAPPartial,California(n=8),8,64,0,SAE,1.3368364682602958,0.004911399999400601,ok
PolySHAPPartial,California(n=8),8,64,0,Precision@5,0.6,0.004911399999400601,ok
PolySHAPPartial,California(n=8),8,64,0,Precision@10,1.0,0.004911399999400601,ok
PolySHAPPartial,California(n=8),8,64,0,KendallTau,0.7142857142857142,0.004911399999400601,ok
PolySHAPPartial,California(n=8),8,64,0,L2_Norm_Error,0.03513316194158618,0.004911399999400601,ok
OptimizedKernelSHAP,California(n=8),8,64,0,MSE,0.00031685503406622803,0.004538100001809653,ok
OptimizedKernelSHAP,California(n=8),8,64,0,MAE,0.014397948898299064,0.004538100001809653,ok
OptimizedKernelSHAP,California(n=8),8,64,0,SSE,0.0028516953065960524,0.004538100001809653,ok
OptimizedKernelSHAP,California(n=8),8,64,0,SAE,0.12958154008469158,0.004538100001809653,ok
OptimizedKernelSHAP,California(n=8),8,64,0,Precision@5,1.0,0.004538100001809653,ok
OptimizedKernelSHAP,California(n=8),8,64,0,Precision@10,1.0,0.004538100001809653,ok
OptimizedKernelSHAP,California(n=8),8,64,0,KendallTau,0.9999999999999998,0.004538100001809653,ok
OptimizedKernelSHAP,California(n=8),8,64,0,L2_Norm_Error,0.00030061176924909406,0.004538100001809653,ok
OwenSamplingSV,California(n=8),8,128,0,MSE,0.04337160839394632,0.0557007999959751,ok
OwenSamplingSV,California(n=8),8,128,0,MAE,0.11377771427391709,0.0557007999959751,ok
OwenSamplingSV,California(n=8),8,128,0,SSE,0.3903444755455169,0.0557007999959751,ok
OwenSamplingSV,California(n=8),8,128,0,SAE,1.0239994284652538,0.0557007999959751,ok
OwenSamplingSV,California(n=8),8,128,0,Precision@5,0.8,0.0557007999959751,ok
OwenSamplingSV,California(n=8),8,128,0,Precision@10,1.0,0.0557007999959751,ok
OwenSamplingSV,California(n=8),8,128,0,KendallTau,0.9285714285714285,0.0557007999959751,ok
OwenSamplingSV,California(n=8),8,128,0,L2_Norm_Error,0.041148205118173686,0.0557007999959751,ok
StratifiedSamplingSV,California(n=8),8,128,0,MSE,0.006435805683988625,0.052806499996222556,ok
StratifiedSamplingSV,California(n=8),8,128,0,MAE,0.038604580421769424,0.052806499996222556,ok
StratifiedSamplingSV,California(n=8),8,128,0,SSE,0.05792225115589762,0.052806499996222556,ok
StratifiedSamplingSV,California(n=8),8,128,0,SAE,0.3474412237959248,0.052806499996222556,ok
StratifiedSamplingSV,California(n=8),8,128,0,Precision@5,1.0,0.052806499996222556,ok
StratifiedSamplingSV,California(n=8),8,128,0,Precision@10,1.0,0.052806499996222556,ok
StratifiedSamplingSV,California(n=8),8,128,0,KendallTau,0.9999999999999998,0.052806499996222556,ok
StratifiedSamplingSV,California(n=8),8,128,0,L2_Norm_Error,0.0061058803717879894,0.052806499996222556,ok
SVARM,California(n=8),8,128,0,MSE,0.011494983095255316,0.025843899995379616,ok
SVARM,California(n=8),8,128,0,MAE,0.08796825707888568,0.025843899995379616,ok
SVARM,California(n=8),8,128,0,SSE,0.10345484785729785,0.025843899995379616,ok
SVARM,California(n=8),8,128,0,SAE,0.7917143137099711,0.025843899995379616,ok
SVARM,California(n=8),8,128,0,Precision@5,0.6,0.025843899995379616,ok
SVARM,California(n=8),8,128,0,Precision@10,1.0,0.025843899995379616,ok
SVARM,California(n=8),8,128,0,KendallTau,0.4999999999999999,0.025843899995379616,ok
SVARM,California(n=8),8,128,0,L2_Norm_Error,0.01090570397890811,0.025843899995379616,ok
UnbiasedKernelSHAP,California(n=8),8,128,0,MSE,0.03302921548587728,0.013587000001280103,ok
UnbiasedKernelSHAP,California(n=8),8,128,0,MAE,0.15284381732383387,0.013587000001280103,ok
UnbiasedKernelSHAP,California(n=8),8,128,0,SSE,0.2972629393728955,0.013587000001280103,ok
UnbiasedKernelSHAP,California(n=8),8,128,0,SAE,1.3755943559145047,0.013587000001280103,ok
UnbiasedKernelSHAP,California(n=8),8,128,0,Precision@5,0.8,0.013587000001280103,ok
UnbiasedKernelSHAP,California(n=8),8,128,0,Precision@10,1.0,0.013587000001280103,ok
UnbiasedKernelSHAP,California(n=8),8,128,0,KendallTau,0.4999999999999999,0.013587000001280103,ok
UnbiasedKernelSHAP,California(n=8),8,128,0,L2_Norm_Error,0.03133600491271924,0.013587000001280103,ok
PermutationSamplingSV,California(n=8),8,128,0,MSE,0.01882088027801143,0.0038415999952121638,ok
PermutationSamplingSV,California(n=8),8,128,0,MAE,0.07831026041318499,0.0038415999952121638,ok
PermutationSamplingSV,California(n=8),8,128,0,SSE,0.16938792250210288,0.0038415999952121638,ok
PermutationSamplingSV,California(n=8),8,128,0,SAE,0.704792343718665,0.0038415999952121638,ok
PermutationSamplingSV,California(n=8),8,128,0,Precision@5,0.8,0.0038415999952121638,ok
PermutationSamplingSV,California(n=8),8,128,0,Precision@10,1.0,0.0038415999952121638,ok
PermutationSamplingSV,California(n=8),8,128,0,KendallTau,0.9285714285714285,0.0038415999952121638,ok
PermutationSamplingSV,California(n=8),8,128,0,L2_Norm_Error,0.01785604617541228,0.0038415999952121638,ok
KernelSHAP,California(n=8),8,128,0,MSE,0.002520883735137007,0.013724900003580842,ok
KernelSHAP,California(n=8),8,128,0,MAE,0.03530982989006024,0.013724900003580842,ok
KernelSHAP,California(n=8),8,128,0,SSE,0.022687953616233065,0.013724900003580842,ok
KernelSHAP,California(n=8),8,128,0,SAE,0.3177884690105422,0.013724900003580842,ok
KernelSHAP,California(n=8),8,128,0,Precision@5,0.8,0.013724900003580842,ok
KernelSHAP,California(n=8),8,128,0,Precision@10,1.0,0.013724900003580842,ok
KernelSHAP,California(n=8),8,128,0,KendallTau,0.7142857142857142,0.013724900003580842,ok
KernelSHAP,California(n=8),8,128,0,L2_Norm_Error,0.0023916530849006673,0.013724900003580842,ok
LeverageSHAP,California(n=8),8,128,0,MSE,0.0002500645606744616,0.0021280000000842847,ok
LeverageSHAP,California(n=8),8,128,0,MAE,0.012761919425999765,0.0021280000000842847,ok
LeverageSHAP,California(n=8),8,128,0,SSE,0.0022505810460701544,0.0021280000000842847,ok
LeverageSHAP,California(n=8),8,128,0,SAE,0.11485727483399788,0.0021280000000842847,ok
LeverageSHAP,California(n=8),8,128,0,Precision@5,1.0,0.0021280000000842847,ok
LeverageSHAP,California(n=8),8,128,0,Precision@10,1.0,0.0021280000000842847,ok
LeverageSHAP,California(n=8),8,128,0,KendallTau,0.9999999999999998,0.0021280000000842847,ok
LeverageSHAP,California(n=8),8,128,0,L2_Norm_Error,0.0002372452444455563,0.0021280000000842847,ok
kADDSHAP,California(n=8),8,128,0,MSE,0.002520885759482867,0.012872299994342029,ok
kADDSHAP,California(n=8),8,128,0,MAE,0.03530989703021173,0.012872299994342029,ok
kADDSHAP,California(n=8),8,128,0,SSE,0.0226879718353458,0.012872299994342029,ok
kADDSHAP,California(n=8),8,128,0,SAE,0.31778907327190553,0.012872299994342029,ok
kADDSHAP,California(n=8),8,128,0,Precision@5,0.8,0.012872299994342029,ok
kADDSHAP,California(n=8),8,128,0,Precision@10,1.0,0.012872299994342029,ok
kADDSHAP,California(n=8),8,128,0,KendallTau,0.7142857142857142,0.012872299994342029,ok
kADDSHAP,California(n=8),8,128,0,L2_Norm_Error,0.002391655005470408,0.012872299994342029,ok
SPEX,California(n=8),8,128,0,_,,0.22721920000185492,skipped:refused_regime(ValueError)
RegressionMSR,California(n=8),8,128,0,MSE,2.5589147614820888e-05,0.06297979999362724,ok
RegressionMSR,California(n=8),8,128,0,MAE,0.00399379971028378,0.06297979999362724,ok
RegressionMSR,California(n=8),8,128,0,SSE,0.00023030232853338799,0.06297979999362724,ok
RegressionMSR,California(n=8),8,128,0,SAE,0.03594419739255402,0.06297979999362724,ok
RegressionMSR,California(n=8),8,128,0,Precision@5,1.0,0.06297979999362724,ok
RegressionMSR,California(n=8),8,128,0,Precision@10,1.0,0.06297979999362724,ok
RegressionMSR,California(n=8),8,128,0,KendallTau,0.9999999999999998,0.06297979999362724,ok
RegressionMSR,California(n=8),8,128,0,L2_Norm_Error,2.4277344877088813e-05,0.06297979999362724,ok
ProxySPEX,California(n=8),8,128,0,MSE,0.1316930608194118,1.5923748999994132,ok
ProxySPEX,California(n=8),8,128,0,MAE,0.19829806981081877,1.5923748999994132,ok
ProxySPEX,California(n=8),8,128,0,SSE,1.185237547374706,1.5923748999994132,ok
ProxySPEX,California(n=8),8,128,0,SAE,1.784682628297369,1.5923748999994132,ok
ProxySPEX,California(n=8),8,128,0,Precision@5,0.8,1.5923748999994132,ok
ProxySPEX,California(n=8),8,128,0,Precision@10,1.0,1.5923748999994132,ok
ProxySPEX,California(n=8),8,128,0,KendallTau,0.6813851438692469,1.5923748999994132,ok
ProxySPEX,California(n=8),8,128,0,L2_Norm_Error,0.012502045741499166,1.5923748999994132,ok
OddSHAP,California(n=8),8,128,0,MSE,0.0002539050770783158,0.023487899998144712,ok
OddSHAP,California(n=8),8,128,0,MAE,0.011995413465309773,0.023487899998144712,ok
OddSHAP,California(n=8),8,128,0,SSE,0.0022851456937048424,0.023487899998144712,ok
OddSHAP,California(n=8),8,128,0,SAE,0.10795872118778796,0.023487899998144712,ok
OddSHAP,California(n=8),8,128,0,Precision@5,0.8,0.023487899998144712,ok
OddSHAP,California(n=8),8,128,0,Precision@10,1.0,0.023487899998144712,ok
OddSHAP,California(n=8),8,128,0,KendallTau,0.9285714285714285,0.023487899998144712,ok
OddSHAP,California(n=8),8,128,0,L2_Norm_Error,0.00024088888051526598,0.023487899998144712,ok
ShaplEIG,California(n=8),8,128,0,_,,0.0,skipped:incompatible_constructor(ImportError)
PolySHAPKAdd,California(n=8),8,128,0,MSE,0.0025208819062982678,0.01196429999981774,ok
PolySHAPKAdd,California(n=8),8,128,0,MAE,0.03530981208145862,0.01196429999981774,ok
PolySHAPKAdd,California(n=8),8,128,0,SSE,0.02268793715668441,0.01196429999981774,ok
PolySHAPKAdd,California(n=8),8,128,0,SAE,0.3177883087331276,0.01196429999981774,ok
PolySHAPKAdd,California(n=8),8,128,0,Precision@5,0.8,0.01196429999981774,ok
PolySHAPKAdd,California(n=8),8,128,0,Precision@10,1.0,0.01196429999981774,ok
PolySHAPKAdd,California(n=8),8,128,0,KendallTau,0.7142857142857142,0.01196429999981774,ok
PolySHAPKAdd,California(n=8),8,128,0,L2_Norm_Error,0.0023916513498155653,0.01196429999981774,ok
PolySHAPPartial,California(n=8),8,128,0,MSE,0.0025208819062982678,0.012715500000922475,ok
PolySHAPPartial,California(n=8),8,128,0,MAE,0.03530981208145862,0.012715500000922475,ok
PolySHAPPartial,California(n=8),8,128,0,SSE,0.02268793715668441,0.012715500000922475,ok
PolySHAPPartial,California(n=8),8,128,0,SAE,0.3177883087331276,0.012715500000922475,ok
PolySHAPPartial,California(n=8),8,128,0,Precision@5,0.8,0.012715500000922475,ok
PolySHAPPartial,California(n=8),8,128,0,Precision@10,1.0,0.012715500000922475,ok
PolySHAPPartial,California(n=8),8,128,0,KendallTau,0.7142857142857142,0.012715500000922475,ok
PolySHAPPartial,California(n=8),8,128,0,L2_Norm_Error,0.0023916513498155653,0.012715500000922475,ok
OptimizedKernelSHAP,California(n=8),8,128,0,MSE,0.0002609799880082585,0.00978449999820441,ok
OptimizedKernelSHAP,California(n=8),8,128,0,MAE,0.012807356336799176,0.00978449999820441,ok
OptimizedKernelSHAP,California(n=8),8,128,0,SSE,0.002348819892074326,0.00978449999820441,ok
OptimizedKernelSHAP,California(n=8),8,128,0,SAE,0.11526620703119259,0.00978449999820441,ok
OptimizedKernelSHAP,California(n=8),8,128,0,Precision@5,0.8,0.00978449999820441,ok
OptimizedKernelSHAP,California(n=8),8,128,0,Precision@10,1.0,0.00978449999820441,ok
OptimizedKernelSHAP,California(n=8),8,128,0,KendallTau,0.9285714285714285,0.00978449999820441,ok
OptimizedKernelSHAP,California(n=8),8,128,0,L2_Norm_Error,0.00024760110302483564,0.00978449999820441,ok
OwenSamplingSV,California(n=8),8,256,0,MSE,0.005946240779782671,0.10978199999954086,ok
OwenSamplingSV,California(n=8),8,256,0,MAE,0.04463804829372927,0.10978199999954086,ok
OwenSamplingSV,California(n=8),8,256,0,SSE,0.053516167018044035,0.10978199999954086,ok
OwenSamplingSV,California(n=8),8,256,0,SAE,0.4017424346435634,0.10978199999954086,ok
OwenSamplingSV,California(n=8),8,256,0,Precision@5,1.0,0.10978199999954086,ok
OwenSamplingSV,California(n=8),8,256,0,Precision@10,1.0,0.10978199999954086,ok
OwenSamplingSV,California(n=8),8,256,0,KendallTau,0.9999999999999998,0.10978199999954086,ok
OwenSamplingSV,California(n=8),8,256,0,L2_Norm_Error,0.005641412535733807,0.10978199999954086,ok
StratifiedSamplingSV,California(n=8),8,256,0,MSE,0.01081236877624258,0.10478190000139875,ok
StratifiedSamplingSV,California(n=8),8,256,0,MAE,0.05085905982309544,0.10478190000139875,ok
StratifiedSamplingSV,California(n=8),8,256,0,SSE,0.09731131898618323,0.10478190000139875,ok
StratifiedSamplingSV,California(n=8),8,256,0,SAE,0.45773153840785896,0.10478190000139875,ok
StratifiedSamplingSV,California(n=8),8,256,0,Precision@5,0.8,0.10478190000139875,ok
StratifiedSamplingSV,California(n=8),8,256,0,Precision@10,1.0,0.10478190000139875,ok
StratifiedSamplingSV,California(n=8),8,256,0,KendallTau,0.9285714285714285,0.10478190000139875,ok
StratifiedSamplingSV,California(n=8),8,256,0,L2_Norm_Error,0.010258083218335648,0.10478190000139875,ok
SVARM,California(n=8),8,256,0,MSE,3.173005658312637e-16,0.018195399999967776,ok
SVARM,California(n=8),8,256,0,MAE,8.704170277672945e-09,0.018195399999967776,ok
SVARM,California(n=8),8,256,0,SSE,2.8557050924813735e-15,0.018195399999967776,ok
SVARM,California(n=8),8,256,0,SAE,7.83375324990565e-08,0.018195399999967776,ok
SVARM,California(n=8),8,256,0,Precision@5,1.0,0.018195399999967776,ok
SVARM,California(n=8),8,256,0,Precision@10,1.0,0.018195399999967776,ok
SVARM,California(n=8),8,256,0,KendallTau,0.9999999999999998,0.018195399999967776,ok
SVARM,California(n=8),8,256,0,L2_Norm_Error,3.0103446126198494e-16,0.018195399999967776,ok
UnbiasedKernelSHAP,California(n=8),8,256,0,MSE,3.173005658312637e-16,0.003872000001138076,ok
UnbiasedKernelSHAP,California(n=8),8,256,0,MAE,8.704170277672945e-09,0.003872000001138076,ok
UnbiasedKernelSHAP,California(n=8),8,256,0,SSE,2.8557050924813735e-15,0.003872000001138076,ok
UnbiasedKernelSHAP,California(n=8),8,256,0,SAE,7.83375324990565e-08,0.003872000001138076,ok
UnbiasedKernelSHAP,California(n=8),8,256,0,Precision@5,1.0,0.003872000001138076,ok
UnbiasedKernelSHAP,California(n=8),8,256,0,Precision@10,1.0,0.003872000001138076,ok
UnbiasedKernelSHAP,California(n=8),8,256,0,KendallTau,0.9999999999999998,0.003872000001138076,ok
UnbiasedKernelSHAP,California(n=8),8,256,0,L2_Norm_Error,3.0103446126198494e-16,0.003872000001138076,ok
PermutationSamplingSV,California(n=8),8,256,0,MSE,0.001711835829058327,0.006364599998050835,ok
PermutationSamplingSV,California(n=8),8,256,0,MAE,0.025794079989142318,0.006364599998050835,ok
PermutationSamplingSV,California(n=8),8,256,0,SSE,0.015406522461524944,0.006364599998050835,ok
PermutationSamplingSV,California(n=8),8,256,0,SAE,0.23214671990228086,0.006364599998050835,ok
PermutationSamplingSV,California(n=8),8,256,0,Precision@5,1.0,0.006364599998050835,ok
PermutationSamplingSV,California(n=8),8,256,0,Precision@10,1.0,0.006364599998050835,ok
PermutationSamplingSV,California(n=8),8,256,0,KendallTau,0.9999999999999998,0.006364599998050835,ok
PermutationSamplingSV,California(n=8),8,256,0,L2_Norm_Error,0.0016240802320017862,0.006364599998050835,ok
KernelSHAP,California(n=8),8,256,0,MSE,1.1395679739634834e-15,0.003210499999113381,ok
KernelSHAP,California(n=8),8,256,0,MAE,2.488220075747137e-08,0.003210499999113381,ok
KernelSHAP,California(n=8),8,256,0,SSE,1.025611176567135e-14,0.003210499999113381,ok
KernelSHAP,California(n=8),8,256,0,SAE,2.2393980681724234e-07,0.003210499999113381,ok
KernelSHAP,California(n=8),8,256,0,Precision@5,1.0,0.003210499999113381,ok
KernelSHAP,California(n=8),8,256,0,Precision@10,1.0,0.003210499999113381,ok
KernelSHAP,California(n=8),8,256,0,KendallTau,0.9999999999999998,0.003210499999113381,ok
KernelSHAP,California(n=8),8,256,0,L2_Norm_Error,1.0811491313127314e-15,0.003210499999113381,ok
LeverageSHAP,California(n=8),8,256,0,MSE,3.1730048219544167e-16,0.003697799998917617,ok
LeverageSHAP,California(n=8),8,256,0,MAE,8.704169955785368e-09,0.003697799998917617,ok
LeverageSHAP,California(n=8),8,256,0,SSE,2.855704339758975e-15,0.003697799998917617,ok
LeverageSHAP,California(n=8),8,256,0,SAE,7.83375296020683e-08,0.003697799998917617,ok
LeverageSHAP,California(n=8),8,256,0,Precision@5,1.0,0.003697799998917617,ok
LeverageSHAP,California(n=8),8,256,0,Precision@10,1.0,0.003697799998917617,ok
LeverageSHAP,California(n=8),8,256,0,KendallTau,0.9999999999999998,0.003697799998917617,ok
LeverageSHAP,California(n=8),8,256,0,L2_Norm_Error,3.010343819136718e-16,0.003697799998917617,ok
kADDSHAP,California(n=8),8,256,0,MSE,3.612554865647435e-15,0.0039620999959879555,ok
kADDSHAP,California(n=8),8,256,0,MAE,3.376509630905942e-08,0.0039620999959879555,ok
kADDSHAP,California(n=8),8,256,0,SSE,3.251299379082692e-14,0.0039620999959879555,ok
kADDSHAP,California(n=8),8,256,0,SAE,3.038858667815348e-07,0.0039620999959879555,ok
kADDSHAP,California(n=8),8,256,0,Precision@5,1.0,0.0039620999959879555,ok
kADDSHAP,California(n=8),8,256,0,Precision@10,1.0,0.0039620999959879555,ok
kADDSHAP,California(n=8),8,256,0,KendallTau,0.9999999999999998,0.0039620999959879555,ok
kADDSHAP,California(n=8),8,256,0,L2_Norm_Error,3.4273607578054505e-15,0.0039620999959879555,ok
SPEX,California(n=8),8,256,0,_,,0.2337450000050012,skipped:refused_regime(ValueError)
RegressionMSR,California(n=8),8,256,0,MSE,3.093909537154756e-14,0.041279899996879976,ok
RegressionMSR,California(n=8),8,256,0,MAE,8.592465786028873e-08,0.041279899996879976,ok
RegressionMSR,California(n=8),8,256,0,SSE,2.78451858343928e-13,0.041279899996879976,ok
RegressionMSR,California(n=8),8,256,0,SAE,7.733219207425986e-07,0.041279899996879976,ok
RegressionMSR,California(n=8),8,256,0,Precision@5,1.0,0.041279899996879976,ok
RegressionMSR,California(n=8),8,256,0,Precision@10,1.0,0.041279899996879976,ok
RegressionMSR,California(n=8),8,256,0,KendallTau,0.9999999999999998,0.041279899996879976,ok
RegressionMSR,California(n=8),8,256,0,L2_Norm_Error,2.9353032771015956e-14,0.041279899996879976,ok
ProxySPEX,California(n=8),8,256,0,MSE,0.13138665985573747,2.4477565999986837,ok
ProxySPEX,California(n=8),8,256,0,MAE,0.19766380771706782,2.4477565999986837,ok
ProxySPEX,California(n=8),8,256,0,SSE,1.1824799387016371,2.4477565999986837,ok
ProxySPEX,California(n=8),8,256,0,SAE,1.7789742694536104,2.4477565999986837,ok
ProxySPEX,California(n=8),8,256,0,Precision@5,0.8,2.4477565999986837,ok
ProxySPEX,California(n=8),8,256,0,Precision@10,1.0,2.4477565999986837,ok
ProxySPEX,California(n=8),8,256,0,KendallTau,0.6813851438692469,2.4477565999986837,ok
ProxySPEX,California(n=8),8,256,0,L2_Norm_Error,0.0122113521249019,2.4477565999986837,ok
OddSHAP,California(n=8),8,256,0,MSE,2.992597216289492e-30,0.022536399999808054,ok
OddSHAP,California(n=8),8,256,0,MAE,9.23836624484093e-16,0.022536399999808054,ok
OddSHAP,California(n=8),8,256,0,SSE,2.693337494660543e-29,0.022536399999808054,ok
OddSHAP,California(n=8),8,256,0,SAE,8.314529620356836e-15,0.022536399999808054,ok
OddSHAP,California(n=8),8,256,0,Precision@5,1.0,0.022536399999808054,ok
OddSHAP,California(n=8),8,256,0,Precision@10,1.0,0.022536399999808054,ok
OddSHAP,California(n=8),8,256,0,KendallTau,0.9999999999999998,0.022536399999808054,ok
OddSHAP,California(n=8),8,256,0,L2_Norm_Error,2.8391846337232708e-30,0.022536399999808054,ok
ShaplEIG,California(n=8),8,256,0,_,,0.0,skipped:incompatible_constructor(ImportError)
PolySHAPKAdd,California(n=8),8,256,0,MSE,3.173005730102287e-16,0.002673700000741519,ok
PolySHAPKAdd,California(n=8),8,256,0,MAE,8.704170504728973e-09,0.002673700000741519,ok
PolySHAPKAdd,California(n=8),8,256,0,SSE,2.8557051570920584e-15,0.002673700000741519,ok
PolySHAPKAdd,California(n=8),8,256,0,SAE,7.833753454256076e-08,0.002673700000741519,ok
PolySHAPKAdd,California(n=8),8,256,0,Precision@5,1.0,0.002673700000741519,ok
PolySHAPKAdd,California(n=8),8,256,0,Precision@10,1.0,0.002673700000741519,ok
PolySHAPKAdd,California(n=8),8,256,0,KendallTau,0.9999999999999998,0.002673700000741519,ok
PolySHAPKAdd,California(n=8),8,256,0,L2_Norm_Error,3.0103446807292726e-16,0.002673700000741519,ok
PolySHAPPartial,California(n=8),8,256,0,MSE,3.173005730102287e-16,0.002788400001008995,ok
PolySHAPPartial,California(n=8),8,256,0,MAE,8.704170504728973e-09,0.002788400001008995,ok
PolySHAPPartial,California(n=8),8,256,0,SSE,2.8557051570920584e-15,0.002788400001008995,ok
PolySHAPPartial,California(n=8),8,256,0,SAE,7.833753454256076e-08,0.002788400001008995,ok
PolySHAPPartial,California(n=8),8,256,0,Precision@5,1.0,0.002788400001008995,ok
PolySHAPPartial,California(n=8),8,256,0,Precision@10,1.0,0.002788400001008995,ok
PolySHAPPartial,California(n=8),8,256,0,KendallTau,0.9999999999999998,0.002788400001008995,ok
PolySHAPPartial,California(n=8),8,256,0,L2_Norm_Error,3.0103446807292726e-16,0.002788400001008995,ok
OptimizedKernelSHAP,California(n=8),8,256,0,MSE,1.1395679739634834e-15,0.003522399994835723,ok
OptimizedKernelSHAP,California(n=8),8,256,0,MAE,2.488220075747137e-08,0.003522399994835723,ok
OptimizedKernelSHAP,California(n=8),8,256,0,SSE,1.025611176567135e-14,0.003522399994835723,ok
OptimizedKernelSHAP,California(n=8),8,256,0,SAE,2.2393980681724234e-07,0.003522399994835723,ok
OptimizedKernelSHAP,California(n=8),8,256,0,Precision@5,1.0,0.003522399994835723,ok
OptimizedKernelSHAP,California(n=8),8,256,0,Precision@10,1.0,0.003522399994835723,ok
OptimizedKernelSHAP,California(n=8),8,256,0,KendallTau,0.9999999999999998,0.003522399994835723,ok
OptimizedKernelSHAP,California(n=8),8,256,0,L2_Norm_Error,1.0811491313127314e-15,0.003522399994835723,ok
OwenSamplingSV,California(n=8),8,12,42,MSE,0.0028062794250210666,0.005072899999504443,ok
OwenSamplingSV,California(n=8),8,12,42,MAE,0.031241659465290277,0.005072899999504443,ok
OwenSamplingSV,California(n=8),8,12,42,SSE,0.025256514825189598,0.005072899999504443,ok
OwenSamplingSV,California(n=8),8,12,42,SAE,0.2811749351876125,0.005072899999504443,ok
OwenSamplingSV,California(n=8),8,12,42,Precision@5,0.8,0.005072899999504443,ok
OwenSamplingSV,California(n=8),8,12,42,Precision@10,1.0,0.005072899999504443,ok
OwenSamplingSV,California(n=8),8,12,42,KendallTau,0.49135381491199537,0.005072899999504443,ok
OwenSamplingSV,California(n=8),8,12,42,L2_Norm_Error,0.2485755512199669,0.005072899999504443,ok
StratifiedSamplingSV,California(n=8),8,12,42,MSE,0.003201859999053572,0.006117500000982545,ok
StratifiedSamplingSV,California(n=8),8,12,42,MAE,0.037522680229610944,0.006117500000982545,ok
StratifiedSamplingSV,California(n=8),8,12,42,SSE,0.028816739991482147,0.006117500000982545,ok
StratifiedSamplingSV,California(n=8),8,12,42,SAE,0.3377041220664985,0.006117500000982545,ok
StratifiedSamplingSV,California(n=8),8,12,42,Precision@5,0.8,0.006117500000982545,ok
StratifiedSamplingSV,California(n=8),8,12,42,Precision@10,1.0,0.006117500000982545,ok
StratifiedSamplingSV,California(n=8),8,12,42,KendallTau,0.6428571428571428,0.006117500000982545,ok
StratifiedSamplingSV,California(n=8),8,12,42,L2_Norm_Error,0.2836154187275665,0.006117500000982545,ok
SVARM,California(n=8),8,12,42,MSE,0.007670125953630872,0.01616739999735728,ok
SVARM,California(n=8),8,12,42,MAE,0.07261604865786256,0.01616739999735728,ok
SVARM,California(n=8),8,12,42,SSE,0.06903113358267784,0.01616739999735728,ok
SVARM,California(n=8),8,12,42,SAE,0.653544437920763,0.01616739999735728,ok
SVARM,California(n=8),8,12,42,Precision@5,0.8,0.01616739999735728,ok
SVARM,California(n=8),8,12,42,Precision@10,1.0,0.01616739999735728,ok
SVARM,California(n=8),8,12,42,KendallTau,0.4999999999999999,0.01616739999735728,ok
SVARM,California(n=8),8,12,42,L2_Norm_Error,0.6794069649126461,0.01616739999735728,ok
UnbiasedKernelSHAP,California(n=8),8,12,42,MSE,0.034509067881843394,0.009640399999625515,ok
UnbiasedKernelSHAP,California(n=8),8,12,42,MAE,0.13951662502118511,0.009640399999625515,ok
UnbiasedKernelSHAP,California(n=8),8,12,42,SSE,0.31058161093659054,0.009640399999625515,ok
UnbiasedKernelSHAP,California(n=8),8,12,42,SAE,1.255649625190666,0.009640399999625515,ok
UnbiasedKernelSHAP,California(n=8),8,12,42,Precision@5,0.6,0.009640399999625515,ok
UnbiasedKernelSHAP,California(n=8),8,12,42,Precision@10,1.0,0.009640399999625515,ok
UnbiasedKernelSHAP,California(n=8),8,12,42,KendallTau,0.3571428571428571,0.009640399999625515,ok
UnbiasedKernelSHAP,California(n=8),8,12,42,L2_Norm_Error,3.0567556795425257,0.009640399999625515,ok
PermutationSamplingSV,California(n=8),8,12,42,MSE,0.0025621061915556856,0.013636600000609178,ok
PermutationSamplingSV,California(n=8),8,12,42,MAE,0.03324448541989397,0.013636600000609178,ok
PermutationSamplingSV,California(n=8),8,12,42,SSE,0.02305895572400117,0.013636600000609178,ok
PermutationSamplingSV,California(n=8),8,12,42,SAE,0.29920036877904577,0.013636600000609178,ok
PermutationSamplingSV,California(n=8),8,12,42,Precision@5,0.8,0.013636600000609178,ok
PermutationSamplingSV,California(n=8),8,12,42,Precision@10,1.0,0.013636600000609178,ok
PermutationSamplingSV,California(n=8),8,12,42,KendallTau,0.8571428571428571,0.013636600000609178,ok
PermutationSamplingSV,California(n=8),8,12,42,L2_Norm_Error,0.22694709342611655,0.013636600000609178,ok
KernelSHAP,California(n=8),8,12,42,MSE,0.0013530821406080263,0.003081499999098014,ok
KernelSHAP,California(n=8),8,12,42,MAE,0.030341418070956267,0.003081499999098014,ok
KernelSHAP,California(n=8),8,12,42,SSE,0.012177739265472236,0.003081499999098014,ok
KernelSHAP,California(n=8),8,12,42,SAE,0.2730727626386064,0.003081499999098014,ok
KernelSHAP,California(n=8),8,12,42,Precision@5,0.4,0.003081499999098014,ok
KernelSHAP,California(n=8),8,12,42,Precision@10,1.0,0.003081499999098014,ok
KernelSHAP,California(n=8),8,12,42,KendallTau,0.4999999999999999,0.003081499999098014,ok
KernelSHAP,California(n=8),8,12,42,L2_Norm_Error,0.11985375937572859,0.003081499999098014,ok
LeverageSHAP,California(n=8),8,12,42,MSE,0.0012200368290562647,0.0014690000025439076,ok
LeverageSHAP,California(n=8),8,12,42,MAE,0.025689556098804245,0.0014690000025439076,ok
LeverageSHAP,California(n=8),8,12,42,SSE,0.010980331461506383,0.0014690000025439076,ok
LeverageSHAP,California(n=8),8,12,42,SAE,0.2312060048892382,0.0014690000025439076,ok
LeverageSHAP,California(n=8),8,12,42,Precision@5,0.8,0.0014690000025439076,ok
LeverageSHAP,California(n=8),8,12,42,Precision@10,1.0,0.0014690000025439076,ok
LeverageSHAP,California(n=8),8,12,42,KendallTau,0.42857142857142855,0.0014690000025439076,ok
LeverageSHAP,California(n=8),8,12,42,L2_Norm_Error,0.10806882756838977,0.0014690000025439076,ok
kADDSHAP,California(n=8),8,12,42,MSE,0.0013530822982366578,0.002362100000027567,ok
kADDSHAP,California(n=8),8,12,42,MAE,0.030341422898427155,0.002362100000027567,ok
kADDSHAP,California(n=8),8,12,42,SSE,0.01217774068412992,0.002362100000027567,ok
kADDSHAP,California(n=8),8,12,42,SAE,0.2730728060858444,0.002362100000027567,ok
kADDSHAP,California(n=8),8,12,42,Precision@5,0.4,0.002362100000027567,ok
kADDSHAP,California(n=8),8,12,42,Precision@10,1.0,0.002362100000027567,ok
kADDSHAP,California(n=8),8,12,42,KendallTau,0.4999999999999999,0.002362100000027567,ok
kADDSHAP,California(n=8),8,12,42,L2_Norm_Error,0.1198537733382099,0.002362100000027567,ok
SPEX,California(n=8),8,12,42,_,,0.2310862000013003,skipped:refused_regime(ValueError)
RegressionMSR,California(n=8),8,12,42,MSE,0.00022636374874741985,0.042922699998598546,ok
RegressionMSR,California(n=8),8,12,42,MAE,0.00956852008070754,0.042922699998598546,ok
RegressionMSR,California(n=8),8,12,42,SSE,0.0020372737387267786,0.042922699998598546,ok
RegressionMSR,California(n=8),8,12,42,SAE,0.08611668072636786,0.042922699998598546,ok
RegressionMSR,California(n=8),8,12,42,Precision@5,0.8,0.042922699998598546,ok
RegressionMSR,California(n=8),8,12,42,Precision@10,1.0,0.042922699998598546,ok
RegressionMSR,California(n=8),8,12,42,KendallTau,0.6182840223353117,0.042922699998598546,ok
RegressionMSR,California(n=8),8,12,42,L2_Norm_Error,0.020050923339783096,0.042922699998598546,ok
ProxySPEX,California(n=8),8,12,42,MSE,0.11747788790422652,0.31720369999675313,ok
ProxySPEX,California(n=8),8,12,42,MAE,0.15339971917962264,0.31720369999675313,ok
ProxySPEX,California(n=8),8,12,42,SSE,1.0573009911380387,0.31720369999675313,ok
ProxySPEX,California(n=8),8,12,42,SAE,1.3805974726166037,0.31720369999675313,ok
ProxySPEX,California(n=8),8,12,42,Precision@5,0.8,0.31720369999675313,ok
ProxySPEX,California(n=8),8,12,42,Precision@10,1.0,0.31720369999675313,ok
ProxySPEX,California(n=8),8,12,42,KendallTau,nan,0.31720369999675313,ok
ProxySPEX,California(n=8),8,12,42,L2_Norm_Error,1.0,0.31720369999675313,ok
OddSHAP,California(n=8),8,12,42,MSE,0.0005667654859787079,0.005354399996576831,ok
OddSHAP,California(n=8),8,12,42,MAE,0.017868709469598492,0.005354399996576831,ok
OddSHAP,California(n=8),8,12,42,SSE,0.005100889373808371,0.005354399996576831,ok
OddSHAP,California(n=8),8,12,42,SAE,0.16081838522638642,0.005354399996576831,ok
OddSHAP,California(n=8),8,12,42,Precision@5,0.8,0.005354399996576831,ok
OddSHAP,California(n=8),8,12,42,Precision@10,1.0,0.005354399996576831,ok
OddSHAP,California(n=8),8,12,42,KendallTau,0.052414241836095915,0.005354399996576831,ok
OddSHAP,California(n=8),8,12,42,L2_Norm_Error,0.05020314150952809,0.005354399996576831,ok
ShaplEIG,California(n=8),8,12,42,_,,0.0,skipped:incompatible_constructor(ImportError)
PolySHAPKAdd,California(n=8),8,12,42,MSE,0.001353082337054539,0.0020506000000750646,ok
PolySHAPKAdd,California(n=8),8,12,42,MAE,0.03034142242674103,0.0020506000000750646,ok
PolySHAPKAdd,California(n=8),8,12,42,SSE,0.012177741033490851,0.0020506000000750646,ok
PolySHAPKAdd,California(n=8),8,12,42,SAE,0.2730728018406693,0.0020506000000750646,ok
PolySHAPKAdd,California(n=8),8,12,42,Precision@5,0.4,0.0020506000000750646,ok
PolySHAPKAdd,California(n=8),8,12,42,Precision@10,1.0,0.0020506000000750646,ok
PolySHAPKAdd,California(n=8),8,12,42,KendallTau,0.4999999999999999,0.0020506000000750646,ok
PolySHAPKAdd,California(n=8),8,12,42,L2_Norm_Error,0.11985377677663307,0.0020506000000750646,ok
PolySHAPPartial,California(n=8),8,12,42,MSE,0.001353082337054539,0.0022624999983236194,ok
PolySHAPPartial,California(n=8),8,12,42,MAE,0.03034142242674103,0.0022624999983236194,ok
PolySHAPPartial,California(n=8),8,12,42,SSE,0.012177741033490851,0.0022624999983236194,ok
PolySHAPPartial,California(n=8),8,12,42,SAE,0.2730728018406693,0.0022624999983236194,ok
PolySHAPPartial,California(n=8),8,12,42,Precision@5,0.4,0.0022624999983236194,ok
PolySHAPPartial,California(n=8),8,12,42,Precision@10,1.0,0.0022624999983236194,ok
PolySHAPPartial,California(n=8),8,12,42,KendallTau,0.4999999999999999,0.0022624999983236194,ok
PolySHAPPartial,California(n=8),8,12,42,L2_Norm_Error,0.11985377677663307,0.0022624999983236194,ok
OptimizedKernelSHAP,California(n=8),8,12,42,MSE,0.00011443815105300034,0.0022116999971331097,ok
OptimizedKernelSHAP,California(n=8),8,12,42,MAE,0.006734184861892414,0.0022116999971331097,ok
OptimizedKernelSHAP,California(n=8),8,12,42,SSE,0.001029943359477003,0.0022116999971331097,ok
OptimizedKernelSHAP,California(n=8),8,12,42,SAE,0.06060766375703173,0.0022116999971331097,ok
OptimizedKernelSHAP,California(n=8),8,12,42,Precision@5,0.8,0.0022116999971331097,ok
OptimizedKernelSHAP,California(n=8),8,12,42,Precision@10,1.0,0.0022116999971331097,ok
OptimizedKernelSHAP,California(n=8),8,12,42,KendallTau,0.6910233190806425,0.0022116999971331097,ok
OptimizedKernelSHAP,California(n=8),8,12,42,L2_Norm_Error,0.010136740562953689,0.0022116999971331097,ok
OwenSamplingSV,California(n=8),8,64,42,MSE,0.001743711172822076,0.027551099999982398,ok
OwenSamplingSV,California(n=8),8,64,42,MAE,0.026793925298584913,0.027551099999982398,ok
OwenSamplingSV,California(n=8),8,64,42,SSE,0.015693400555398685,0.027551099999982398,ok
OwenSamplingSV,California(n=8),8,64,42,SAE,0.2411453276872642,0.027551099999982398,ok
OwenSamplingSV,California(n=8),8,64,42,Precision@5,0.8,0.027551099999982398,ok
OwenSamplingSV,California(n=8),8,64,42,Precision@10,1.0,0.027551099999982398,ok
OwenSamplingSV,California(n=8),8,64,42,KendallTau,0.7857142857142856,0.027551099999982398,ok
OwenSamplingSV,California(n=8),8,64,42,L2_Norm_Error,0.15445502756711718,0.027551099999982398,ok
StratifiedSamplingSV,California(n=8),8,64,42,MSE,0.0003992476165562179,0.024894800000765827,ok
StratifiedSamplingSV,California(n=8),8,64,42,MAE,0.011949070657371932,0.024894800000765827,ok
StratifiedSamplingSV,California(n=8),8,64,42,SSE,0.003593228549005961,0.024894800000765827,ok
StratifiedSamplingSV,California(n=8),8,64,42,SAE,0.10754163591634738,0.024894800000765827,ok
StratifiedSamplingSV,California(n=8),8,64,42,Precision@5,1.0,0.024894800000765827,ok
StratifiedSamplingSV,California(n=8),8,64,42,Precision@10,1.0,0.024894800000765827,ok
StratifiedSamplingSV,California(n=8),8,64,42,KendallTau,0.8571428571428571,0.024894800000765827,ok
StratifiedSamplingSV,California(n=8),8,64,42,L2_Norm_Error,0.03536468801854072,0.024894800000765827,ok
SVARM,California(n=8),8,64,42,MSE,0.000923977960529917,0.019185000004654285,ok
SVARM,California(n=8),8,64,42,MAE,0.025133158912253012,0.019185000004654285,ok
SVARM,California(n=8),8,64,42,SSE,0.008315801644769253,0.019185000004654285,ok
SVARM,California(n=8),8,64,42,SAE,0.2261984302102771,0.019185000004654285,ok
SVARM,California(n=8),8,64,42,Precision@5,0.6,0.019185000004654285,ok
SVARM,California(n=8),8,64,42,Precision@10,1.0,0.019185000004654285,ok
SVARM,California(n=8),8,64,42,KendallTau,0.5714285714285714,0.019185000004654285,ok
SVARM,California(n=8),8,64,42,L2_Norm_Error,0.08184442675450992,0.019185000004654285,ok
UnbiasedKernelSHAP,California(n=8),8,64,42,MSE,0.005320256659124459,0.005687299999408424,ok
UnbiasedKernelSHAP,California(n=8),8,64,42,MAE,0.05347159559932088,0.005687299999408424,ok
UnbiasedKernelSHAP,California(n=8),8,64,42,SSE,0.04788230993212013,0.005687299999408424,ok
UnbiasedKernelSHAP,California(n=8),8,64,42,SAE,0.4812443603938879,0.005687299999408424,ok
UnbiasedKernelSHAP,California(n=8),8,64,42,Precision@5,0.8,0.005687299999408424,ok
UnbiasedKernelSHAP,California(n=8),8,64,42,Precision@10,1.0,0.005687299999408424,ok
UnbiasedKernelSHAP,California(n=8),8,64,42,KendallTau,0.21428571428571427,0.005687299999408424,ok
UnbiasedKernelSHAP,California(n=8),8,64,42,L2_Norm_Error,0.4712594618633297,0.005687299999408424,ok
PermutationSamplingSV,California(n=8),8,64,42,MSE,1.1351676596679196e-05,0.002779200003715232,ok
PermutationSamplingSV,California(n=8),8,64,42,MAE,0.002346978403588565,0.002779200003715232,ok
PermutationSamplingSV,California(n=8),8,64,42,SSE,0.00010216508937011277,0.002779200003715232,ok
PermutationSamplingSV,California(n=8),8,64,42,SAE,0.021122805632297084,0.002779200003715232,ok
PermutationSamplingSV,California(n=8),8,64,42,Precision@5,1.0,0.002779200003715232,ok
PermutationSamplingSV,California(n=8),8,64,42,Precision@10,1.0,0.002779200003715232,ok
PermutationSamplingSV,California(n=8),8,64,42,KendallTau,0.9285714285714285,0.002779200003715232,ok
PermutationSamplingSV,California(n=8),8,64,42,L2_Norm_Error,0.0010055125808682247,0.002779200003715232,ok
KernelSHAP,California(n=8),8,64,42,MSE,0.00031561386160139306,0.008113299998512957,ok
KernelSHAP,California(n=8),8,64,42,MAE,0.012721307537754587,0.008113299998512957,ok
KernelSHAP,California(n=8),8,64,42,SSE,0.0028405247544125377,0.008113299998512957,ok
KernelSHAP,California(n=8),8,64,42,SAE,0.11449176783979129,0.008113299998512957,ok
KernelSHAP,California(n=8),8,64,42,Precision@5,1.0,0.008113299998512957,ok
KernelSHAP,California(n=8),8,64,42,Precision@10,1.0,0.008113299998512957,ok
KernelSHAP,California(n=8),8,64,42,KendallTau,0.4999999999999999,0.008113299998512957,ok
KernelSHAP,California(n=8),8,64,42,L2_Norm_Error,0.02795654948709881,0.008113299998512957,ok
LeverageSHAP,California(n=8),8,64,42,MSE,1.5382935258810433e-06,0.001948899996932596,ok
LeverageSHAP,California(n=8),8,64,42,MAE,0.0010640723846779554,0.001948899996932596,ok
LeverageSHAP,California(n=8),8,64,42,SSE,1.384464173292939e-05,0.001948899996932596,ok
LeverageSHAP,California(n=8),8,64,42,SAE,0.009576651462101599,0.001948899996932596,ok
LeverageSHAP,California(n=8),8,64,42,Precision@5,1.0,0.001948899996932596,ok
LeverageSHAP,California(n=8),8,64,42,Precision@10,1.0,0.001948899996932596,ok
LeverageSHAP,California(n=8),8,64,42,KendallTau,0.9999999999999998,0.001948899996932596,ok
LeverageSHAP,California(n=8),8,64,42,L2_Norm_Error,0.00013625947499191612,0.001948899996932596,ok
kADDSHAP,California(n=8),8,64,42,MSE,0.00031561371153858024,0.00560379999660654,ok
kADDSHAP,California(n=8),8,64,42,MAE,0.012721306176918043,0.00560379999660654,ok
kADDSHAP,California(n=8),8,64,42,SSE,0.0028405234038472223,0.00560379999660654,ok
kADDSHAP,California(n=8),8,64,42,SAE,0.11449175559226238,0.00560379999660654,ok
kADDSHAP,California(n=8),8,64,42,Precision@5,1.0,0.00560379999660654,ok
kADDSHAP,California(n=8),8,64,42,Precision@10,1.0,0.00560379999660654,ok
kADDSHAP,California(n=8),8,64,42,KendallTau,0.4999999999999999,0.00560379999660654,ok
kADDSHAP,California(n=8),8,64,42,L2_Norm_Error,0.027956536194785123,0.00560379999660654,ok
SPEX,California(n=8),8,64,42,_,,0.23613399999885587,skipped:refused_regime(ValueError)
RegressionMSR,California(n=8),8,64,42,MSE,8.49037055052903e-06,0.028508299998065922,ok
RegressionMSR,California(n=8),8,64,42,MAE,0.0022140110229218893,0.028508299998065922,ok
RegressionMSR,California(n=8),8,64,42,SSE,7.641333495476128e-05,0.028508299998065922,ok
RegressionMSR,California(n=8),8,64,42,SAE,0.019926099206297003,0.028508299998065922,ok
RegressionMSR,California(n=8),8,64,42,Precision@5,1.0,0.028508299998065922,ok
RegressionMSR,California(n=8),8,64,42,Precision@10,1.0,0.028508299998065922,ok
RegressionMSR,California(n=8),8,64,42,KendallTau,0.9285714285714285,0.028508299998065922,ok
RegressionMSR,California(n=8),8,64,42,L2_Norm_Error,0.0007520628633207775,0.028508299998065922,ok
ProxySPEX,California(n=8),8,64,42,MSE,0.10634163128553137,1.12846850000642,ok
ProxySPEX,California(n=8),8,64,42,MAE,0.11714888062457796,1.12846850000642,ok
ProxySPEX,California(n=8),8,64,42,SSE,0.9570746815697823,1.12846850000642,ok
ProxySPEX,California(n=8),8,64,42,SAE,1.0543399256212016,1.12846850000642,ok
ProxySPEX,California(n=8),8,64,42,Precision@5,0.8,1.12846850000642,ok
ProxySPEX,California(n=8),8,64,42,Precision@10,1.0,1.12846850000642,ok
ProxySPEX,California(n=8),8,64,42,KendallTau,0.6236095644623236,1.12846850000642,ok
ProxySPEX,California(n=8),8,64,42,L2_Norm_Error,0.013568961509107984,1.12846850000642,ok
OddSHAP,California(n=8),8,64,42,MSE,1.3878147863184536e-06,0.013918599994212855,ok
OddSHAP,California(n=8),8,64,42,MAE,0.0009170441654527622,0.013918599994212855,ok
OddSHAP,California(n=8),8,64,42,SSE,1.2490333076866082e-05,0.013918599994212855,ok
OddSHAP,California(n=8),8,64,42,SAE,0.00825339748907486,0.013918599994212855,ok
OddSHAP,California(n=8),8,64,42,Precision@5,1.0,0.013918599994212855,ok
OddSHAP,California(n=8),8,64,42,Precision@10,1.0,0.013918599994212855,ok
OddSHAP,California(n=8),8,64,42,KendallTau,0.9285714285714285,0.013918599994212855,ok
OddSHAP,California(n=8),8,64,42,L2_Norm_Error,0.0001229303192064491,0.013918599994212855,ok
ShaplEIG,California(n=8),8,64,42,_,,0.0,skipped:incompatible_constructor(ImportError)
PolySHAPKAdd,California(n=8),8,64,42,MSE,0.0003156137379961654,0.005310499996994622,ok
PolySHAPKAdd,California(n=8),8,64,42,MAE,0.012721305250450054,0.005310499996994622,ok
PolySHAPKAdd,California(n=8),8,64,42,SSE,0.0028405236419654883,0.005310499996994622,ok
PolySHAPKAdd,California(n=8),8,64,42,SAE,0.11449174725405048,0.005310499996994622,ok
PolySHAPKAdd,California(n=8),8,64,42,Precision@5,1.0,0.005310499996994622,ok
PolySHAPKAdd,California(n=8),8,64,42,Precision@10,1.0,0.005310499996994622,ok
PolySHAPKAdd,California(n=8),8,64,42,KendallTau,0.4999999999999999,0.005310499996994622,ok
PolySHAPKAdd,California(n=8),8,64,42,L2_Norm_Error,0.027956538538353882,0.005310499996994622,ok
PolySHAPPartial,California(n=8),8,64,42,MSE,0.0003156137379961654,0.0061443000013241544,ok
PolySHAPPartial,California(n=8),8,64,42,MAE,0.012721305250450054,0.0061443000013241544,ok
PolySHAPPartial,California(n=8),8,64,42,SSE,0.0028405236419654883,0.0061443000013241544,ok
PolySHAPPartial,California(n=8),8,64,42,SAE,0.11449174725405048,0.0061443000013241544,ok
PolySHAPPartial,California(n=8),8,64,42,Precision@5,1.0,0.0061443000013241544,ok
PolySHAPPartial,California(n=8),8,64,42,Precision@10,1.0,0.0061443000013241544,ok
PolySHAPPartial,California(n=8),8,64,42,KendallTau,0.4999999999999999,0.0061443000013241544,ok
PolySHAPPartial,California(n=8),8,64,42,L2_Norm_Error,0.027956538538353882,0.0061443000013241544,ok
OptimizedKernelSHAP,California(n=8),8,64,42,MSE,1.8975881950452736e-06,0.005088500001875218,ok
OptimizedKernelSHAP,California(n=8),8,64,42,MAE,0.0011867809398004052,0.005088500001875218,ok
OptimizedKernelSHAP,California(n=8),8,64,42,SSE,1.7078293755407462e-05,0.005088500001875218,ok
OptimizedKernelSHAP,California(n=8),8,64,42,SAE,0.010681028458203647,0.005088500001875218,ok
OptimizedKernelSHAP,California(n=8),8,64,42,Precision@5,1.0,0.005088500001875218,ok
OptimizedKernelSHAP,California(n=8),8,64,42,Precision@10,1.0,0.005088500001875218,ok
OptimizedKernelSHAP,California(n=8),8,64,42,KendallTau,0.9285714285714285,0.005088500001875218,ok
OptimizedKernelSHAP,California(n=8),8,64,42,L2_Norm_Error,0.00016808519756308305,0.005088500001875218,ok
OwenSamplingSV,California(n=8),8,128,42,MSE,0.00020869438302496653,0.06131470000400441,ok
OwenSamplingSV,California(n=8),8,128,42,MAE,0.009939510300361375,0.06131470000400441,ok
OwenSamplingSV,California(n=8),8,128,42,SSE,0.0018782494472246987,0.06131470000400441,ok
OwenSamplingSV,California(n=8),8,128,42,SAE,0.08945559270325237,0.06131470000400441,ok
OwenSamplingSV,California(n=8),8,128,42,Precision@5,1.0,0.06131470000400441,ok
OwenSamplingSV,California(n=8),8,128,42,Precision@10,1.0,0.06131470000400441,ok
OwenSamplingSV,California(n=8),8,128,42,KendallTau,0.9285714285714285,0.06131470000400441,ok
OwenSamplingSV,California(n=8),8,128,42,L2_Norm_Error,0.01848580039265068,0.06131470000400441,ok
StratifiedSamplingSV,California(n=8),8,128,42,MSE,8.362522373758189e-05,0.05403220000152942,ok
StratifiedSamplingSV,California(n=8),8,128,42,MAE,0.005946511156344522,0.05403220000152942,ok
StratifiedSamplingSV,California(n=8),8,128,42,SSE,0.000752627013638237,0.05403220000152942,ok
StratifiedSamplingSV,California(n=8),8,128,42,SAE,0.0535186004071007,0.05403220000152942,ok
StratifiedSamplingSV,California(n=8),8,128,42,Precision@5,0.8,0.05403220000152942,ok
StratifiedSamplingSV,California(n=8),8,128,42,Precision@10,1.0,0.05403220000152942,ok
StratifiedSamplingSV,California(n=8),8,128,42,KendallTau,0.7142857142857142,0.05403220000152942,ok
StratifiedSamplingSV,California(n=8),8,128,42,L2_Norm_Error,0.007407382850446702,0.05403220000152942,ok
SVARM,California(n=8),8,128,42,MSE,0.00018263901414660545,0.02755079999769805,ok
SVARM,California(n=8),8,128,42,MAE,0.010033565557131434,0.02755079999769805,ok
SVARM,California(n=8),8,128,42,SSE,0.001643751127319449,0.02755079999769805,ok
SVARM,California(n=8),8,128,42,SAE,0.0903020900141829,0.02755079999769805,ok
SVARM,California(n=8),8,128,42,Precision@5,0.6,0.02755079999769805,ok
SVARM,California(n=8),8,128,42,Precision@10,1.0,0.02755079999769805,ok
SVARM,California(n=8),8,128,42,KendallTau,0.7857142857142856,0.02755079999769805,ok
SVARM,California(n=8),8,128,42,L2_Norm_Error,0.016177859271951502,0.02755079999769805,ok
UnbiasedKernelSHAP,California(n=8),8,128,42,MSE,0.0003350783561490669,0.01279909999720985,ok
UnbiasedKernelSHAP,California(n=8),8,128,42,MAE,0.016868174429403176,0.01279909999720985,ok
UnbiasedKernelSHAP,California(n=8),8,128,42,SSE,0.003015705205341602,0.01279909999720985,ok
UnbiasedKernelSHAP,California(n=8),8,128,42,SAE,0.15181356986462857,0.01279909999720985,ok
UnbiasedKernelSHAP,California(n=8),8,128,42,Precision@5,0.6,0.01279909999720985,ok
UnbiasedKernelSHAP,California(n=8),8,128,42,Precision@10,1.0,0.01279909999720985,ok
UnbiasedKernelSHAP,California(n=8),8,128,42,KendallTau,0.8571428571428571,0.01279909999720985,ok
UnbiasedKernelSHAP,California(n=8),8,128,42,L2_Norm_Error,0.02968068195169461,0.01279909999720985,ok
PermutationSamplingSV,California(n=8),8,128,42,MSE,3.9157788206163334e-05,0.003958700006478466,ok
PermutationSamplingSV,California(n=8),8,128,42,MAE,0.004394307422469865,0.003958700006478466,ok
PermutationSamplingSV,California(n=8),8,128,42,SSE,0.00035242009385547,0.003958700006478466,ok
PermutationSamplingSV,California(n=8),8,128,42,SAE,0.03954876680222878,0.003958700006478466,ok
PermutationSamplingSV,California(n=8),8,128,42,Precision@5,0.8,0.003958700006478466,ok
PermutationSamplingSV,California(n=8),8,128,42,Precision@10,1.0,0.003958700006478466,ok
PermutationSamplingSV,California(n=8),8,128,42,KendallTau,0.8571428571428571,0.003958700006478466,ok
PermutationSamplingSV,California(n=8),8,128,42,L2_Norm_Error,0.003468531572841753,0.003958700006478466,ok
KernelSHAP,California(n=8),8,128,42,MSE,2.423388507518143e-05,0.011849800001073163,ok
KernelSHAP,California(n=8),8,128,42,MAE,0.0038162883955285987,0.011849800001073163,ok
KernelSHAP,California(n=8),8,128,42,SSE,0.00021810496567663287,0.011849800001073163,ok
KernelSHAP,California(n=8),8,128,42,SAE,0.03434659555975739,0.011849800001073163,ok
KernelSHAP,California(n=8),8,128,42,Precision@5,0.8,0.011849800001073163,ok
KernelSHAP,California(n=8),8,128,42,Precision@10,1.0,0.011849800001073163,ok
KernelSHAP,California(n=8),8,128,42,KendallTau,0.9285714285714285,0.011849800001073163,ok
KernelSHAP,California(n=8),8,128,42,L2_Norm_Error,0.0021465971232423986,0.011849800001073163,ok
LeverageSHAP,California(n=8),8,128,42,MSE,2.755262350281736e-07,0.0023973999996087514,ok
LeverageSHAP,California(n=8),8,128,42,MAE,0.00038625561754307425,0.0023973999996087514,ok
LeverageSHAP,California(n=8),8,128,42,SSE,2.4797361152535627e-06,0.0023973999996087514,ok
LeverageSHAP,California(n=8),8,128,42,SAE,0.0034763005578876682,0.0023973999996087514,ok
LeverageSHAP,California(n=8),8,128,42,Precision@5,1.0,0.0023973999996087514,ok
LeverageSHAP,California(n=8),8,128,42,Precision@10,1.0,0.0023973999996087514,ok
LeverageSHAP,California(n=8),8,128,42,KendallTau,0.9999999999999998,0.0023973999996087514,ok
LeverageSHAP,California(n=8),8,128,42,L2_Norm_Error,2.4405654382466313e-05,0.0023973999996087514,ok
kADDSHAP,California(n=8),8,128,42,MSE,2.42339117253928e-05,0.011926999999559484,ok
kADDSHAP,California(n=8),8,128,42,MAE,0.0038162926091312504,0.011926999999559484,ok
kADDSHAP,California(n=8),8,128,42,SSE,0.0002181052055285352,0.011926999999559484,ok
kADDSHAP,California(n=8),8,128,42,SAE,0.034346633482181255,0.011926999999559484,ok
kADDSHAP,California(n=8),8,128,42,Precision@5,0.8,0.011926999999559484,ok
kADDSHAP,California(n=8),8,128,42,Precision@10,1.0,0.011926999999559484,ok
kADDSHAP,California(n=8),8,128,42,KendallTau,0.9285714285714285,0.011926999999559484,ok
kADDSHAP,California(n=8),8,128,42,L2_Norm_Error,0.002146599483873675,0.011926999999559484,ok
SPEX,California(n=8),8,128,42,_,,0.23099879999790573,skipped:refused_regime(ValueError)
RegressionMSR,California(n=8),8,128,42,MSE,1.4739657714013533e-07,0.0406924999988405,ok
RegressionMSR,California(n=8),8,128,42,MAE,0.00029587525643152393,0.0406924999988405,ok
RegressionMSR,California(n=8),8,128,42,SSE,1.326569194261218e-06,0.0406924999988405,ok
RegressionMSR,California(n=8),8,128,42,SAE,0.002662877307883715,0.0406924999988405,ok
RegressionMSR,California(n=8),8,128,42,Precision@5,1.0,0.0406924999988405,ok
RegressionMSR,California(n=8),8,128,42,Precision@10,1.0,0.0406924999988405,ok
RegressionMSR,California(n=8),8,128,42,KendallTau,0.9999999999999998,0.0406924999988405,ok
RegressionMSR,California(n=8),8,128,42,L2_Norm_Error,1.3056142978445727e-05,0.0406924999988405,ok
ProxySPEX,California(n=8),8,128,42,MSE,0.10642302954114449,1.5829933999993955,ok
ProxySPEX,California(n=8),8,128,42,MAE,0.11856620966343419,1.5829933999993955,ok
ProxySPEX,California(n=8),8,128,42,SSE,0.9578072658703004,1.5829933999993955,ok
ProxySPEX,California(n=8),8,128,42,SAE,1.0670958869709077,1.5829933999993955,ok
ProxySPEX,California(n=8),8,128,42,Precision@5,0.8,1.5829933999993955,ok
ProxySPEX,California(n=8),8,128,42,Precision@10,1.0,1.5829933999993955,ok
ProxySPEX,California(n=8),8,128,42,KendallTau,0.4999999999999999,1.5829933999993955,ok
ProxySPEX,California(n=8),8,128,42,L2_Norm_Error,0.020779083237177507,1.5829933999993955,ok
OddSHAP,California(n=8),8,128,42,MSE,1.4904382275807876e-06,0.025878000000375323,ok
OddSHAP,California(n=8),8,128,42,MAE,0.0008193794646484197,0.025878000000375323,ok
OddSHAP,California(n=8),8,128,42,SSE,1.3413944048227089e-05,0.025878000000375323,ok
OddSHAP,California(n=8),8,128,42,SAE,0.007374415181835778,0.025878000000375323,ok
OddSHAP,California(n=8),8,128,42,Precision@5,1.0,0.025878000000375323,ok
OddSHAP,California(n=8),8,128,42,Precision@10,1.0,0.025878000000375323,ok
OddSHAP,California(n=8),8,128,42,KendallTau,0.9999999999999998,0.025878000000375323,ok
OddSHAP,California(n=8),8,128,42,L2_Norm_Error,0.00013202053248044735,0.025878000000375323,ok
ShaplEIG,California(n=8),8,128,42,_,,0.0,skipped:incompatible_constructor(ImportError)
PolySHAPKAdd,California(n=8),8,128,42,MSE,2.4233878928009722e-05,0.011705700002494268,ok
PolySHAPKAdd,California(n=8),8,128,42,MAE,0.0038162897036410287,0.011705700002494268,ok
PolySHAPKAdd,California(n=8),8,128,42,SSE,0.0002181049103520875,0.011705700002494268,ok
PolySHAPKAdd,California(n=8),8,128,42,SAE,0.03434660733276926,0.011705700002494268,ok
PolySHAPKAdd,California(n=8),8,128,42,Precision@5,0.8,0.011705700002494268,ok
PolySHAPKAdd,California(n=8),8,128,42,Precision@10,1.0,0.011705700002494268,ok
PolySHAPKAdd,California(n=8),8,128,42,KendallTau,0.9285714285714285,0.011705700002494268,ok
PolySHAPKAdd,California(n=8),8,128,42,L2_Norm_Error,0.0021465965787361807,0.011705700002494268,ok
PolySHAPPartial,California(n=8),8,128,42,MSE,2.4233878928009722e-05,0.011566900000616442,ok
PolySHAPPartial,California(n=8),8,128,42,MAE,0.0038162897036410287,0.011566900000616442,ok
PolySHAPPartial,California(n=8),8,128,42,SSE,0.0002181049103520875,0.011566900000616442,ok
PolySHAPPartial,California(n=8),8,128,42,SAE,0.03434660733276926,0.011566900000616442,ok
PolySHAPPartial,California(n=8),8,128,42,Precision@5,0.8,0.011566900000616442,ok
PolySHAPPartial,California(n=8),8,128,42,Precision@10,1.0,0.011566900000616442,ok
PolySHAPPartial,California(n=8),8,128,42,KendallTau,0.9285714285714285,0.011566900000616442,ok
PolySHAPPartial,California(n=8),8,128,42,L2_Norm_Error,0.0021465965787361807,0.011566900000616442,ok
OptimizedKernelSHAP,California(n=8),8,128,42,MSE,1.0948114287860356e-06,0.008638100000098348,ok
OptimizedKernelSHAP,California(n=8),8,128,42,MAE,0.0009219386724356631,0.008638100000098348,ok
OptimizedKernelSHAP,California(n=8),8,128,42,SSE,9.85330285907432e-06,0.008638100000098348,ok
OptimizedKernelSHAP,California(n=8),8,128,42,SAE,0.008297448051920968,0.008638100000098348,ok
OptimizedKernelSHAP,California(n=8),8,128,42,Precision@5,1.0,0.008638100000098348,ok
OptimizedKernelSHAP,California(n=8),8,128,42,Precision@10,1.0,0.008638100000098348,ok
OptimizedKernelSHAP,California(n=8),8,128,42,KendallTau,0.9999999999999998,0.008638100000098348,ok
OptimizedKernelSHAP,California(n=8),8,128,42,L2_Norm_Error,9.697657046050051e-05,0.008638100000098348,ok
OwenSamplingSV,California(n=8),8,256,42,MSE,4.801862737686039e-05,0.10369699999864679,ok
OwenSamplingSV,California(n=8),8,256,42,MAE,0.00481104423444746,0.10369699999864679,ok
OwenSamplingSV,California(n=8),8,256,42,SSE,0.00043216764639174353,0.10369699999864679,ok
OwenSamplingSV,California(n=8),8,256,42,SAE,0.04329939811002714,0.10369699999864679,ok
OwenSamplingSV,California(n=8),8,256,42,Precision@5,1.0,0.10369699999864679,ok
OwenSamplingSV,California(n=8),8,256,42,Precision@10,1.0,0.10369699999864679,ok
OwenSamplingSV,California(n=8),8,256,42,KendallTau,0.9999999999999998,0.10369699999864679,ok
OwenSamplingSV,California(n=8),8,256,42,L2_Norm_Error,0.0042534099286779545,0.10369699999864679,ok
StratifiedSamplingSV,California(n=8),8,256,42,MSE,5.6620130367805455e-05,0.09970229999453295,ok
StratifiedSamplingSV,California(n=8),8,256,42,MAE,0.00491962267489974,0.09970229999453295,ok
StratifiedSamplingSV,California(n=8),8,256,42,SSE,0.0005095811733102491,0.09970229999453295,ok
StratifiedSamplingSV,California(n=8),8,256,42,SAE,0.044276604074097656,0.09970229999453295,ok
StratifiedSamplingSV,California(n=8),8,256,42,Precision@5,0.8,0.09970229999453295,ok
StratifiedSamplingSV,California(n=8),8,256,42,Precision@10,1.0,0.09970229999453295,ok
StratifiedSamplingSV,California(n=8),8,256,42,KendallTau,0.8571428571428571,0.09970229999453295,ok
StratifiedSamplingSV,California(n=8),8,256,42,L2_Norm_Error,0.005015316718226653,0.09970229999453295,ok
SVARM,California(n=8),8,256,42,MSE,3.211228509617429e-19,0.018057499997667037,ok
SVARM,California(n=8),8,256,42,MAE,4.730528509420499e-10,0.018057499997667037,ok
SVARM,California(n=8),8,256,42,SSE,2.890105658655686e-18,0.018057499997667037,ok
SVARM,California(n=8),8,256,42,SAE,4.257475658478449e-09,0.018057499997667037,ok
SVARM,California(n=8),8,256,42,Precision@5,1.0,0.018057499997667037,ok
SVARM,California(n=8),8,256,42,Precision@10,1.0,0.018057499997667037,ok
SVARM,California(n=8),8,256,42,KendallTau,0.9999999999999998,0.018057499997667037,ok
SVARM,California(n=8),8,256,42,L2_Norm_Error,2.844452657687262e-17,0.018057499997667037,ok
UnbiasedKernelSHAP,California(n=8),8,256,42,MSE,3.211228509617429e-19,0.003939700000046287,ok
UnbiasedKernelSHAP,California(n=8),8,256,42,MAE,4.730528509420499e-10,0.003939700000046287,ok
UnbiasedKernelSHAP,California(n=8),8,256,42,SSE,2.890105658655686e-18,0.003939700000046287,ok
UnbiasedKernelSHAP,California(n=8),8,256,42,SAE,4.257475658478449e-09,0.003939700000046287,ok
UnbiasedKernelSHAP,California(n=8),8,256,42,Precision@5,1.0,0.003939700000046287,ok
UnbiasedKernelSHAP,California(n=8),8,256,42,Precision@10,1.0,0.003939700000046287,ok
UnbiasedKernelSHAP,California(n=8),8,256,42,KendallTau,0.9999999999999998,0.003939700000046287,ok
UnbiasedKernelSHAP,California(n=8),8,256,42,L2_Norm_Error,2.844452657687262e-17,0.003939700000046287,ok
PermutationSamplingSV,California(n=8),8,256,42,MSE,6.379442372021325e-05,0.006480500000179745,ok
PermutationSamplingSV,California(n=8),8,256,42,MAE,0.005475577990634643,0.006480500000179745,ok
PermutationSamplingSV,California(n=8),8,256,42,SSE,0.0005741498134819192,0.006480500000179745,ok
PermutationSamplingSV,California(n=8),8,256,42,SAE,0.04928020191571178,0.006480500000179745,ok
PermutationSamplingSV,California(n=8),8,256,42,Precision@5,0.8,0.006480500000179745,ok
PermutationSamplingSV,California(n=8),8,256,42,Precision@10,1.0,0.006480500000179745,ok
PermutationSamplingSV,California(n=8),8,256,42,KendallTau,0.8571428571428571,0.006480500000179745,ok
PermutationSamplingSV,California(n=8),8,256,42,L2_Norm_Error,0.005650803658261185,0.006480500000179745,ok
KernelSHAP,California(n=8),8,256,42,MSE,1.9526452282733706e-16,0.003091300000960473,ok
KernelSHAP,California(n=8),8,256,42,MAE,1.1450715182146825e-08,0.003091300000960473,ok
KernelSHAP,California(n=8),8,256,42,SSE,1.7573807054460336e-15,0.003091300000960473,ok
KernelSHAP,California(n=8),8,256,42,SAE,1.0305643663932142e-07,0.003091300000960473,ok
KernelSHAP,California(n=8),8,256,42,Precision@5,1.0,0.003091300000960473,ok
KernelSHAP,California(n=8),8,256,42,Precision@10,1.0,0.003091300000960473,ok
KernelSHAP,California(n=8),8,256,42,KendallTau,0.9999999999999998,0.003091300000960473,ok
KernelSHAP,California(n=8),8,256,42,L2_Norm_Error,1.7296205774357184e-14,0.003091300000960473,ok
LeverageSHAP,California(n=8),8,256,42,MSE,3.2112291488772826e-19,0.003199099999619648,ok
LeverageSHAP,California(n=8),8,256,42,MAE,4.730529212947242e-10,0.003199099999619648,ok
LeverageSHAP,California(n=8),8,256,42,SSE,2.8901062339895542e-18,0.003199099999619648,ok
LeverageSHAP,California(n=8),8,256,42,SAE,4.257476291652518e-09,0.003199099999619648,ok
LeverageSHAP,California(n=8),8,256,42,Precision@5,1.0,0.003199099999619648,ok
LeverageSHAP,California(n=8),8,256,42,Precision@10,1.0,0.003199099999619648,ok
LeverageSHAP,California(n=8),8,256,42,KendallTau,0.9999999999999998,0.003199099999619648,ok
LeverageSHAP,California(n=8),8,256,42,L2_Norm_Error,2.8444532239329786e-17,0.003199099999619648,ok
kADDSHAP,California(n=8),8,256,42,MSE,5.503092785606129e-17,0.0030043000006116927,ok
kADDSHAP,California(n=8),8,256,42,MAE,6.1492648084535495e-09,0.0030043000006116927,ok
kADDSHAP,California(n=8),8,256,42,SSE,4.952783507045516e-16,0.0030043000006116927,ok
kADDSHAP,California(n=8),8,256,42,SAE,5.5343383276081946e-08,0.0030043000006116927,ok
kADDSHAP,California(n=8),8,256,42,Precision@5,1.0,0.0030043000006116927,ok
kADDSHAP,California(n=8),8,256,42,Precision@10,1.0,0.0030043000006116927,ok
kADDSHAP,California(n=8),8,256,42,KendallTau,0.9999999999999998,0.0030043000006116927,ok
kADDSHAP,California(n=8),8,256,42,L2_Norm_Error,4.874547810171817e-15,0.0030043000006116927,ok
SPEX,California(n=8),8,256,42,_,,0.2480028999998467,skipped:refused_regime(ValueError)
RegressionMSR,California(n=8),8,256,42,MSE,5.448098399659576e-16,0.03566829999908805,ok
RegressionMSR,California(n=8),8,256,42,MAE,1.6585155642080027e-08,0.03566829999908805,ok
RegressionMSR,California(n=8),8,256,42,SSE,4.9032885596936186e-15,0.03566829999908805,ok
RegressionMSR,California(n=8),8,256,42,SAE,1.4926640077872025e-07,0.03566829999908805,ok
RegressionMSR,California(n=8),8,256,42,Precision@5,1.0,0.03566829999908805,ok
RegressionMSR,California(n=8),8,256,42,Precision@10,1.0,0.03566829999908805,ok
RegressionMSR,California(n=8),8,256,42,KendallTau,0.9999999999999998,0.03566829999908805,ok
RegressionMSR,California(n=8),8,256,42,L2_Norm_Error,4.8258347002841056e-14,0.03566829999908805,ok
ProxySPEX,California(n=8),8,256,42,MSE,0.10642419330862479,2.331619900003716,ok
ProxySPEX,California(n=8),8,256,42,MAE,0.11877041483971637,2.331619900003716,ok
ProxySPEX,California(n=8),8,256,42,SSE,0.9578177397776232,2.331619900003716,ok
ProxySPEX,California(n=8),8,256,42,SAE,1.0689337335574474,2.331619900003716,ok
ProxySPEX,California(n=8),8,256,42,Precision@5,0.8,2.331619900003716,ok
ProxySPEX,California(n=8),8,256,42,Precision@10,1.0,2.331619900003716,ok
ProxySPEX,California(n=8),8,256,42,KendallTau,0.4999999999999999,2.331619900003716,ok
ProxySPEX,California(n=8),8,256,42,L2_Norm_Error,0.02088216781967827,2.331619900003716,ok
OddSHAP,California(n=8),8,256,42,MSE,4.227524895852192e-32,0.022662299998046365,ok
OddSHAP,California(n=8),8,256,42,MAE,1.255747049554322e-16,0.022662299998046365,ok
OddSHAP,California(n=8),8,256,42,SSE,3.804772406266973e-31,0.022662299998046365,ok
OddSHAP,California(n=8),8,256,42,SAE,1.1301723445988898e-15,0.022662299998046365,ok
OddSHAP,California(n=8),8,256,42,Precision@5,1.0,0.022662299998046365,ok
OddSHAP,California(n=8),8,256,42,Precision@10,1.0,0.022662299998046365,ok
OddSHAP,California(n=8),8,256,42,KendallTau,0.9999999999999998,0.022662299998046365,ok
OddSHAP,California(n=8),8,256,42,L2_Norm_Error,3.744671047056204e-30,0.022662299998046365,ok
ShaplEIG,California(n=8),8,256,42,_,,0.0,skipped:incompatible_constructor(ImportError)
PolySHAPKAdd,California(n=8),8,256,42,MSE,3.211228747322886e-19,0.0033719999992172234,ok
PolySHAPKAdd,California(n=8),8,256,42,MAE,4.730528839017959e-10,0.0033719999992172234,ok
PolySHAPKAdd,California(n=8),8,256,42,SSE,2.8901058725905975e-18,0.0033719999992172234,ok
PolySHAPKAdd,California(n=8),8,256,42,SAE,4.257475955116163e-09,0.0033719999992172234,ok
PolySHAPKAdd,California(n=8),8,256,42,Precision@5,1.0,0.0033719999992172234,ok
PolySHAPKAdd,California(n=8),8,256,42,Precision@10,1.0,0.0033719999992172234,ok
PolySHAPKAdd,California(n=8),8,256,42,KendallTau,0.9999999999999998,0.0033719999992172234,ok
PolySHAPKAdd,California(n=8),8,256,42,L2_Norm_Error,2.844452868242791e-17,0.0033719999992172234,ok
PolySHAPPartial,California(n=8),8,256,42,MSE,3.211228747322886e-19,0.0027829999962705187,ok
PolySHAPPartial,California(n=8),8,256,42,MAE,4.730528839017959e-10,0.0027829999962705187,ok
PolySHAPPartial,California(n=8),8,256,42,SSE,2.8901058725905975e-18,0.0027829999962705187,ok
PolySHAPPartial,California(n=8),8,256,42,SAE,4.257475955116163e-09,0.0027829999962705187,ok
PolySHAPPartial,California(n=8),8,256,42,Precision@5,1.0,0.0027829999962705187,ok
PolySHAPPartial,California(n=8),8,256,42,Precision@10,1.0,0.0027829999962705187,ok
PolySHAPPartial,California(n=8),8,256,42,KendallTau,0.9999999999999998,0.0027829999962705187,ok
PolySHAPPartial,California(n=8),8,256,42,L2_Norm_Error,2.844452868242791e-17,0.0027829999962705187,ok
OptimizedKernelSHAP,California(n=8),8,256,42,MSE,1.9526452282733706e-16,0.0036045999950147234,ok
OptimizedKernelSHAP,California(n=8),8,256,42,MAE,1.1450715182146825e-08,0.0036045999950147234,ok
OptimizedKernelSHAP,California(n=8),8,256,42,SSE,1.7573807054460336e-15,0.0036045999950147234,ok
OptimizedKernelSHAP,California(n=8),8,256,42,SAE,1.0305643663932142e-07,0.0036045999950147234,ok
OptimizedKernelSHAP,California(n=8),8,256,42,Precision@5,1.0,0.0036045999950147234,ok
OptimizedKernelSHAP,California(n=8),8,256,42,Precision@10,1.0,0.0036045999950147234,ok
OptimizedKernelSHAP,California(n=8),8,256,42,KendallTau,0.9999999999999998,0.0036045999950147234,ok
OptimizedKernelSHAP,California(n=8),8,256,42,L2_Norm_Error,1.7296205774357184e-14,0.0036045999950147234,ok
OwenSamplingSV,California(n=8),8,12,1337,MSE,0.0017112432861483829,0.005517600002349354,ok
OwenSamplingSV,California(n=8),8,12,1337,MAE,0.0259836347014816,0.005517600002349354,ok
OwenSamplingSV,California(n=8),8,12,1337,SSE,0.015401189575335445,0.005517600002349354,ok
OwenSamplingSV,California(n=8),8,12,1337,SAE,0.2338527123133344,0.005517600002349354,ok
OwenSamplingSV,California(n=8),8,12,1337,Precision@5,0.8,0.005517600002349354,ok
OwenSamplingSV,California(n=8),8,12,1337,Precision@10,1.0,0.005517600002349354,ok
OwenSamplingSV,California(n=8),8,12,1337,KendallTau,0.40291148201269017,0.005517600002349354,ok
OwenSamplingSV,California(n=8),8,12,1337,L2_Norm_Error,0.2797181800689552,0.005517600002349354,ok
StratifiedSamplingSV,California(n=8),8,12,1337,MSE,0.0004383574240227075,0.00526259999605827,ok
StratifiedSamplingSV,California(n=8),8,12,1337,MAE,0.010506371657053669,0.00526259999605827,ok
StratifiedSamplingSV,California(n=8),8,12,1337,SSE,0.003945216816204368,0.00526259999605827,ok
StratifiedSamplingSV,California(n=8),8,12,1337,SAE,0.09455734491348303,0.00526259999605827,ok
StratifiedSamplingSV,California(n=8),8,12,1337,Precision@5,1.0,0.00526259999605827,ok
StratifiedSamplingSV,California(n=8),8,12,1337,Precision@10,1.0,0.00526259999605827,ok
StratifiedSamplingSV,California(n=8),8,12,1337,KendallTau,0.5669467095138409,0.00526259999605827,ok
StratifiedSamplingSV,California(n=8),8,12,1337,L2_Norm_Error,0.07165348250588544,0.00526259999605827,ok
SVARM,California(n=8),8,12,1337,MSE,0.0025664646937546827,0.013630300003569573,ok
SVARM,California(n=8),8,12,1337,MAE,0.042110269268353755,0.013630300003569573,ok
SVARM,California(n=8),8,12,1337,SSE,0.023098182243792145,0.013630300003569573,ok
SVARM,California(n=8),8,12,1337,SAE,0.3789924234151838,0.013630300003569573,ok
SVARM,California(n=8),8,12,1337,Precision@5,0.4,0.013630300003569573,ok
SVARM,California(n=8),8,12,1337,Precision@10,1.0,0.013630300003569573,ok
SVARM,California(n=8),8,12,1337,KendallTau,0.42857142857142855,0.013630300003569573,ok
SVARM,California(n=8),8,12,1337,L2_Norm_Error,0.4195118479991745,0.013630300003569573,ok
UnbiasedKernelSHAP,California(n=8),8,12,1337,MSE,0.006548076624492628,0.0029466999985743314,ok
UnbiasedKernelSHAP,California(n=8),8,12,1337,MAE,0.0712044945075399,0.0029466999985743314,ok
UnbiasedKernelSHAP,California(n=8),8,12,1337,SSE,0.05893268962043365,0.0029466999985743314,ok
UnbiasedKernelSHAP,California(n=8),8,12,1337,SAE,0.6408404505678591,0.0029466999985743314,ok
UnbiasedKernelSHAP,California(n=8),8,12,1337,Precision@5,0.6,0.0029466999985743314,ok
UnbiasedKernelSHAP,California(n=8),8,12,1337,Precision@10,1.0,0.0029466999985743314,ok
UnbiasedKernelSHAP,California(n=8),8,12,1337,KendallTau,0.5455447255899809,0.0029466999985743314,ok
UnbiasedKernelSHAP,California(n=8),8,12,1337,L2_Norm_Error,1.0703423009347162,0.0029466999985743314,ok
PermutationSamplingSV,California(n=8),8,12,1337,MSE,0.0012052322037111487,0.0018944999974337406,ok
PermutationSamplingSV,California(n=8),8,12,1337,MAE,0.01908665586400922,0.0018944999974337406,ok
PermutationSamplingSV,California(n=8),8,12,1337,SSE,0.010847089833400339,0.0018944999974337406,ok
PermutationSamplingSV,California(n=8),8,12,1337,SAE,0.171779902776083,0.0018944999974337406,ok
PermutationSamplingSV,California(n=8),8,12,1337,Precision@5,1.0,0.0018944999974337406,ok
PermutationSamplingSV,California(n=8),8,12,1337,Precision@10,1.0,0.0018944999974337406,ok
PermutationSamplingSV,California(n=8),8,12,1337,KendallTau,0.944911182523068,0.0018944999974337406,ok
PermutationSamplingSV,California(n=8),8,12,1337,L2_Norm_Error,0.19700609569161312,0.0018944999974337406,ok
KernelSHAP,California(n=8),8,12,1337,MSE,0.01625283609636521,0.002560999993875157,ok
KernelSHAP,California(n=8),8,12,1337,MAE,0.07818157322900596,0.002560999993875157,ok
KernelSHAP,California(n=8),8,12,1337,SSE,0.1462755248672869,0.002560999993875157,ok
KernelSHAP,California(n=8),8,12,1337,SAE,0.7036341590610536,0.002560999993875157,ok
KernelSHAP,California(n=8),8,12,1337,Precision@5,0.8,0.002560999993875157,ok
KernelSHAP,California(n=8),8,12,1337,Precision@10,1.0,0.002560999993875157,ok
KernelSHAP,California(n=8),8,12,1337,KendallTau,0.07142857142857142,0.002560999993875157,ok
KernelSHAP,California(n=8),8,12,1337,L2_Norm_Error,2.6566729410327072,0.002560999993875157,ok
LeverageSHAP,California(n=8),8,12,1337,MSE,0.001648787187921376,0.0014500999968731776,ok
LeverageSHAP,California(n=8),8,12,1337,MAE,0.03157966615905866,0.0014500999968731776,ok
LeverageSHAP,California(n=8),8,12,1337,SSE,0.014839084691292383,0.0014500999968731776,ok
LeverageSHAP,California(n=8),8,12,1337,SAE,0.28421699543152795,0.0014500999968731776,ok
LeverageSHAP,California(n=8),8,12,1337,Precision@5,0.6,0.0014500999968731776,ok
LeverageSHAP,California(n=8),8,12,1337,Precision@10,1.0,0.0014500999968731776,ok
LeverageSHAP,California(n=8),8,12,1337,KendallTau,0.21428571428571427,0.0014500999968731776,ok
LeverageSHAP,California(n=8),8,12,1337,L2_Norm_Error,0.2695091663818438,0.0014500999968731776,ok
kADDSHAP,California(n=8),8,12,1337,MSE,0.016252836770055065,0.0024180999971576966,ok
kADDSHAP,California(n=8),8,12,1337,MAE,0.07818157507430296,0.0024180999971576966,ok
kADDSHAP,California(n=8),8,12,1337,SSE,0.14627553093049558,0.0024180999971576966,ok
kADDSHAP,California(n=8),8,12,1337,SAE,0.7036341756687265,0.0024180999971576966,ok
kADDSHAP,California(n=8),8,12,1337,Precision@5,0.8,0.0024180999971576966,ok
kADDSHAP,California(n=8),8,12,1337,Precision@10,1.0,0.0024180999971576966,ok
kADDSHAP,California(n=8),8,12,1337,KendallTau,0.07142857142857142,0.0024180999971576966,ok
kADDSHAP,California(n=8),8,12,1337,L2_Norm_Error,2.656673051153403,0.0024180999971576966,ok
SPEX,California(n=8),8,12,1337,_,,0.23122980000334792,skipped:refused_regime(ValueError)
RegressionMSR,California(n=8),8,12,1337,MSE,0.00046721599551841384,0.043438200002128724,ok
RegressionMSR,California(n=8),8,12,1337,MAE,0.01509131811273759,0.043438200002128724,ok
RegressionMSR,California(n=8),8,12,1337,SSE,0.0042049439596657245,0.043438200002128724,ok
RegressionMSR,California(n=8),8,12,1337,SAE,0.1358218630146383,0.043438200002128724,ok
RegressionMSR,California(n=8),8,12,1337,Precision@5,1.0,0.043438200002128724,ok
RegressionMSR,California(n=8),8,12,1337,Precision@10,1.0,0.043438200002128724,ok
RegressionMSR,California(n=8),8,12,1337,KendallTau,0.6182840223353117,0.043438200002128724,ok
RegressionMSR,California(n=8),8,12,1337,L2_Norm_Error,0.07637067681923032,0.043438200002128724,ok
ProxySPEX,California(n=8),8,12,1337,MSE,0.10351367965584438,0.33496980000199983,ok
ProxySPEX,California(n=8),8,12,1337,MAE,0.144286107133936,0.33496980000199983,ok
ProxySPEX,California(n=8),8,12,1337,SSE,0.9316231169025994,0.33496980000199983,ok
ProxySPEX,California(n=8),8,12,1337,SAE,1.298574964205424,0.33496980000199983,ok
ProxySPEX,California(n=8),8,12,1337,Precision@5,0.8,0.33496980000199983,ok
ProxySPEX,California(n=8),8,12,1337,Precision@10,1.0,0.33496980000199983,ok
ProxySPEX,California(n=8),8,12,1337,KendallTau,nan,0.33496980000199983,ok
ProxySPEX,California(n=8),8,12,1337,L2_Norm_Error,1.0,0.33496980000199983,ok
OddSHAP,California(n=8),8,12,1337,MSE,0.002516631742122942,0.006210700004885439,ok
OddSHAP,California(n=8),8,12,1337,MAE,0.028437297874026823,0.006210700004885439,ok
OddSHAP,California(n=8),8,12,1337,SSE,0.02264968567910648,0.006210700004885439,ok
OddSHAP,California(n=8),8,12,1337,SAE,0.2559356808662414,0.006210700004885439,ok
OddSHAP,California(n=8),8,12,1337,Precision@5,0.8,0.006210700004885439,ok
OddSHAP,California(n=8),8,12,1337,Precision@10,1.0,0.006210700004885439,ok
OddSHAP,California(n=8),8,12,1337,KendallTau,0.5765566601970551,0.006210700004885439,ok
OddSHAP,California(n=8),8,12,1337,L2_Norm_Error,0.4113662017016988,0.006210700004885439,ok
ShaplEIG,California(n=8),8,12,1337,_,,0.0,skipped:incompatible_constructor(ImportError)
PolySHAPKAdd,California(n=8),8,12,1337,MSE,0.01625283794122081,0.002108399996359367,ok
PolySHAPKAdd,California(n=8),8,12,1337,MAE,0.07818157772703073,0.002108399996359367,ok
PolySHAPKAdd,California(n=8),8,12,1337,SSE,0.14627554147098729,0.002108399996359367,ok
PolySHAPKAdd,California(n=8),8,12,1337,SAE,0.7036341995432766,0.002108399996359367,ok
PolySHAPKAdd,California(n=8),8,12,1337,Precision@5,0.8,0.002108399996359367,ok
PolySHAPKAdd,California(n=8),8,12,1337,Precision@10,1.0,0.002108399996359367,ok
PolySHAPKAdd,California(n=8),8,12,1337,KendallTau,0.07142857142857142,0.002108399996359367,ok
PolySHAPKAdd,California(n=8),8,12,1337,L2_Norm_Error,2.6566732425910273,0.002108399996359367,ok
PolySHAPPartial,California(n=8),8,12,1337,MSE,0.01625283794122081,0.0021496999979717657,ok
PolySHAPPartial,California(n=8),8,12,1337,MAE,0.07818157772703073,0.0021496999979717657,ok
PolySHAPPartial,California(n=8),8,12,1337,SSE,0.14627554147098729,0.0021496999979717657,ok
PolySHAPPartial,California(n=8),8,12,1337,SAE,0.7036341995432766,0.0021496999979717657,ok
PolySHAPPartial,California(n=8),8,12,1337,Precision@5,0.8,0.0021496999979717657,ok
PolySHAPPartial,California(n=8),8,12,1337,Precision@10,1.0,0.0021496999979717657,ok
PolySHAPPartial,California(n=8),8,12,1337,KendallTau,0.07142857142857142,0.0021496999979717657,ok
PolySHAPPartial,California(n=8),8,12,1337,L2_Norm_Error,2.6566732425910273,0.0021496999979717657,ok
OptimizedKernelSHAP,California(n=8),8,12,1337,MSE,0.00031980490839701964,0.00227910000103293,ok
OptimizedKernelSHAP,California(n=8),8,12,1337,MAE,0.013276812723828134,0.00227910000103293,ok
OptimizedKernelSHAP,California(n=8),8,12,1337,SSE,0.002878244175573177,0.00227910000103293,ok
OptimizedKernelSHAP,California(n=8),8,12,1337,SAE,0.1194913145144532,0.00227910000103293,ok
OptimizedKernelSHAP,California(n=8),8,12,1337,Precision@5,0.8,0.00227910000103293,ok
OptimizedKernelSHAP,California(n=8),8,12,1337,Precision@10,1.0,0.00227910000103293,ok
OptimizedKernelSHAP,California(n=8),8,12,1337,KendallTau,0.8571428571428571,0.00227910000103293,ok
OptimizedKernelSHAP,California(n=8),8,12,1337,L2_Norm_Error,0.052275002437132456,0.00227910000103293,ok
OwenSamplingSV,California(n=8),8,64,1337,MSE,0.0005846667160670314,0.026651300002413336,ok
OwenSamplingSV,California(n=8),8,64,1337,MAE,0.012641992833879298,0.026651300002413336,ok
OwenSamplingSV,California(n=8),8,64,1337,SSE,0.005262000444603282,0.026651300002413336,ok
OwenSamplingSV,California(n=8),8,64,1337,SAE,0.11377793550491369,0.026651300002413336,ok
OwenSamplingSV,California(n=8),8,64,1337,Precision@5,1.0,0.026651300002413336,ok
OwenSamplingSV,California(n=8),8,64,1337,Precision@10,1.0,0.026651300002413336,ok
OwenSamplingSV,California(n=8),8,64,1337,KendallTau,0.5669467095138409,0.026651300002413336,ok
OwenSamplingSV,California(n=8),8,64,1337,L2_Norm_Error,0.0955690585254292,0.026651300002413336,ok
StratifiedSamplingSV,California(n=8),8,64,1337,MSE,0.0003498282489510913,0.024810000002617016,ok
StratifiedSamplingSV,California(n=8),8,64,1337,MAE,0.009292163341133704,0.024810000002617016,ok
StratifiedSamplingSV,California(n=8),8,64,1337,SSE,0.003148454240559822,0.024810000002617016,ok
StratifiedSamplingSV,California(n=8),8,64,1337,SAE,0.08362947007020334,0.024810000002617016,ok
StratifiedSamplingSV,California(n=8),8,64,1337,Precision@5,0.8,0.024810000002617016,ok
StratifiedSamplingSV,California(n=8),8,64,1337,Precision@10,1.0,0.024810000002617016,ok
StratifiedSamplingSV,California(n=8),8,64,1337,KendallTau,0.9819805060619657,0.024810000002617016,ok
StratifiedSamplingSV,California(n=8),8,64,1337,L2_Norm_Error,0.057182588779386305,0.024810000002617016,ok
SVARM,California(n=8),8,64,1337,MSE,0.0003686565240393426,0.018405700000585057,ok
SVARM,California(n=8),8,64,1337,MAE,0.015276823056742602,0.018405700000585057,ok
SVARM,California(n=8),8,64,1337,SSE,0.0033179087163540833,0.018405700000585057,ok
SVARM,California(n=8),8,64,1337,SAE,0.13749140751068342,0.018405700000585057,ok
SVARM,California(n=8),8,64,1337,Precision@5,0.6,0.018405700000585057,ok
SVARM,California(n=8),8,64,1337,Precision@10,1.0,0.018405700000585057,ok
SVARM,California(n=8),8,64,1337,KendallTau,0.5714285714285714,0.018405700000585057,ok
SVARM,California(n=8),8,64,1337,L2_Norm_Error,0.060260240498550804,0.018405700000585057,ok
UnbiasedKernelSHAP,California(n=8),8,64,1337,MSE,0.0003927604631155456,0.0056651999984751455,ok
UnbiasedKernelSHAP,California(n=8),8,64,1337,MAE,0.015176978522472549,0.0056651999984751455,ok
UnbiasedKernelSHAP,California(n=8),8,64,1337,SSE,0.0035348441680399106,0.0056651999984751455,ok
UnbiasedKernelSHAP,California(n=8),8,64,1337,SAE,0.13659280670225293,0.0056651999984751455,ok
UnbiasedKernelSHAP,California(n=8),8,64,1337,Precision@5,0.6,0.0056651999984751455,ok
UnbiasedKernelSHAP,California(n=8),8,64,1337,Precision@10,1.0,0.0056651999984751455,ok
UnbiasedKernelSHAP,California(n=8),8,64,1337,KendallTau,0.6428571428571428,0.0056651999984751455,ok
UnbiasedKernelSHAP,California(n=8),8,64,1337,L2_Norm_Error,0.06420024717408546,0.0056651999984751455,ok
PermutationSamplingSV,California(n=8),8,64,1337,MSE,7.260131829407074e-05,0.0025146000043605454,ok
PermutationSamplingSV,California(n=8),8,64,1337,MAE,0.005004551785963531,0.0025146000043605454,ok
PermutationSamplingSV,California(n=8),8,64,1337,SSE,0.0006534118646466366,0.0025146000043605454,ok
PermutationSamplingSV,California(n=8),8,64,1337,SAE,0.04504096607367178,0.0025146000043605454,ok
PermutationSamplingSV,California(n=8),8,64,1337,Precision@5,1.0,0.0025146000043605454,ok
PermutationSamplingSV,California(n=8),8,64,1337,Precision@10,1.0,0.0025146000043605454,ok
PermutationSamplingSV,California(n=8),8,64,1337,KendallTau,0.9092412093166348,0.0025146000043605454,ok
PermutationSamplingSV,California(n=8),8,64,1337,L2_Norm_Error,0.011867341592049642,0.0025146000043605454,ok
KernelSHAP,California(n=8),8,64,1337,MSE,0.00015667076307449972,0.0055089000015868805,ok
KernelSHAP,California(n=8),8,64,1337,MAE,0.010040843989764505,0.0055089000015868805,ok
KernelSHAP,California(n=8),8,64,1337,SSE,0.0014100368676704974,0.0055089000015868805,ok
KernelSHAP,California(n=8),8,64,1337,SAE,0.09036759590788054,0.0055089000015868805,ok
KernelSHAP,California(n=8),8,64,1337,Precision@5,0.6,0.0055089000015868805,ok
KernelSHAP,California(n=8),8,64,1337,Precision@10,1.0,0.0055089000015868805,ok
KernelSHAP,California(n=8),8,64,1337,KendallTau,0.4999999999999999,0.0055089000015868805,ok
KernelSHAP,California(n=8),8,64,1337,L2_Norm_Error,0.025609252098718567,0.0055089000015868805,ok
LeverageSHAP,California(n=8),8,64,1337,MSE,1.9105616260857677e-05,0.0025128999986918643,ok
LeverageSHAP,California(n=8),8,64,1337,MAE,0.003800413460516086,0.0025128999986918643,ok
LeverageSHAP,California(n=8),8,64,1337,SSE,0.00017195054634771908,0.0025128999986918643,ok
LeverageSHAP,California(n=8),8,64,1337,SAE,0.034203721144644775,0.0025128999986918643,ok
LeverageSHAP,California(n=8),8,64,1337,Precision@5,0.8,0.0025128999986918643,ok
LeverageSHAP,California(n=8),8,64,1337,Precision@10,1.0,0.0025128999986918643,ok
LeverageSHAP,California(n=8),8,64,1337,KendallTau,0.8571428571428571,0.0025128999986918643,ok
LeverageSHAP,California(n=8),8,64,1337,L2_Norm_Error,0.0031229856402309056,0.0025128999986918643,ok
kADDSHAP,California(n=8),8,64,1337,MSE,0.00015667078476734565,0.005999500004691072,ok
kADDSHAP,California(n=8),8,64,1337,MAE,0.010040841754637223,0.005999500004691072,ok
kADDSHAP,California(n=8),8,64,1337,SSE,0.0014100370629061107,0.005999500004691072,ok
kADDSHAP,California(n=8),8,64,1337,SAE,0.090367575791735,0.005999500004691072,ok
kADDSHAP,California(n=8),8,64,1337,Precision@5,0.6,0.005999500004691072,ok
kADDSHAP,California(n=8),8,64,1337,Precision@10,1.0,0.005999500004691072,ok
kADDSHAP,California(n=8),8,64,1337,KendallTau,0.4999999999999999,0.005999500004691072,ok
kADDSHAP,California(n=8),8,64,1337,L2_Norm_Error,0.025609255644610276,0.005999500004691072,ok
SPEX,California(n=8),8,64,1337,_,,0.23173600000154693,skipped:refused_regime(ValueError)
RegressionMSR,California(n=8),8,64,1337,MSE,2.07482803608927e-05,0.03501370000594761,ok
RegressionMSR,California(n=8),8,64,1337,MAE,0.0035472143698011133,0.03501370000594761,ok
RegressionMSR,California(n=8),8,64,1337,SSE,0.0001867345232480343,0.03501370000594761,ok
RegressionMSR,California(n=8),8,64,1337,SAE,0.03192492932821002,0.03501370000594761,ok
RegressionMSR,California(n=8),8,64,1337,Precision@5,1.0,0.03501370000594761,ok
RegressionMSR,California(n=8),8,64,1337,Precision@10,1.0,0.03501370000594761,ok
RegressionMSR,California(n=8),8,64,1337,KendallTau,0.9285714285714285,0.03501370000594761,ok
RegressionMSR,California(n=8),8,64,1337,L2_Norm_Error,0.003391493932561796,0.03501370000594761,ok
ProxySPEX,California(n=8),8,64,1337,MSE,0.09803838460592115,1.1708691000021645,ok
ProxySPEX,California(n=8),8,64,1337,MAE,0.12315986213001179,1.1708691000021645,ok
ProxySPEX,California(n=8),8,64,1337,SSE,0.8823454614532904,1.1708691000021645,ok
ProxySPEX,California(n=8),8,64,1337,SAE,1.1084387591701061,1.1708691000021645,ok
ProxySPEX,California(n=8),8,64,1337,Precision@5,1.0,1.1708691000021645,ok
ProxySPEX,California(n=8),8,64,1337,Precision@10,1.0,1.1708691000021645,ok
ProxySPEX,California(n=8),8,64,1337,KendallTau,0.7181324987175317,1.1708691000021645,ok
ProxySPEX,California(n=8),8,64,1337,L2_Norm_Error,0.10501354243309866,1.1708691000021645,ok
OddSHAP,California(n=8),8,64,1337,MSE,9.942188401778897e-05,0.014036999993550126,ok
OddSHAP,California(n=8),8,64,1337,MAE,0.008562975749057232,0.014036999993550126,ok
OddSHAP,California(n=8),8,64,1337,SSE,0.0008947969561601008,0.014036999993550126,ok
OddSHAP,California(n=8),8,64,1337,SAE,0.07706678174151509,0.014036999993550126,ok
OddSHAP,California(n=8),8,64,1337,Precision@5,0.6,0.014036999993550126,ok
OddSHAP,California(n=8),8,64,1337,Precision@10,1.0,0.014036999993550126,ok
OddSHAP,California(n=8),8,64,1337,KendallTau,0.5714285714285714,0.014036999993550126,ok
OddSHAP,California(n=8),8,64,1337,L2_Norm_Error,0.01625140544397802,0.014036999993550126,ok
ShaplEIG,California(n=8),8,64,1337,_,,0.0,skipped:incompatible_constructor(ImportError)
PolySHAPKAdd,California(n=8),8,64,1337,MSE,0.0001566707659041818,0.005230200004007202,ok
PolySHAPKAdd,California(n=8),8,64,1337,MAE,0.01004084284751322,0.005230200004007202,ok
PolySHAPKAdd,California(n=8),8,64,1337,SSE,0.0014100368931376363,0.005230200004007202,ok
PolySHAPKAdd,California(n=8),8,64,1337,SAE,0.09036758562761898,0.005230200004007202,ok
PolySHAPKAdd,California(n=8),8,64,1337,Precision@5,0.6,0.005230200004007202,ok
PolySHAPKAdd,California(n=8),8,64,1337,Precision@10,1.0,0.005230200004007202,ok
PolySHAPKAdd,California(n=8),8,64,1337,KendallTau,0.4999999999999999,0.005230200004007202,ok
PolySHAPKAdd,California(n=8),8,64,1337,L2_Norm_Error,0.025609252561255676,0.005230200004007202,ok
PolySHAPPartial,California(n=8),8,64,1337,MSE,0.0001566707659041818,0.004774599998199847,ok
PolySHAPPartial,California(n=8),8,64,1337,MAE,0.01004084284751322,0.004774599998199847,ok
PolySHAPPartial,California(n=8),8,64,1337,SSE,0.0014100368931376363,0.004774599998199847,ok
PolySHAPPartial,California(n=8),8,64,1337,SAE,0.09036758562761898,0.004774599998199847,ok
PolySHAPPartial,California(n=8),8,64,1337,Precision@5,0.6,0.004774599998199847,ok
PolySHAPPartial,California(n=8),8,64,1337,Precision@10,1.0,0.004774599998199847,ok
PolySHAPPartial,California(n=8),8,64,1337,KendallTau,0.4999999999999999,0.004774599998199847,ok
PolySHAPPartial,California(n=8),8,64,1337,L2_Norm_Error,0.025609252561255676,0.004774599998199847,ok
OptimizedKernelSHAP,California(n=8),8,64,1337,MSE,7.589312990648611e-05,0.004207099998893682,ok
OptimizedKernelSHAP,California(n=8),8,64,1337,MAE,0.007165284492420461,0.004207099998893682,ok
OptimizedKernelSHAP,California(n=8),8,64,1337,SSE,0.000683038169158375,0.004207099998893682,ok
OptimizedKernelSHAP,California(n=8),8,64,1337,SAE,0.06448756043178415,0.004207099998893682,ok
OptimizedKernelSHAP,California(n=8),8,64,1337,Precision@5,1.0,0.004207099998893682,ok
OptimizedKernelSHAP,California(n=8),8,64,1337,Precision@10,1.0,0.004207099998893682,ok
OptimizedKernelSHAP,California(n=8),8,64,1337,KendallTau,0.9285714285714285,0.004207099998893682,ok
OptimizedKernelSHAP,California(n=8),8,64,1337,L2_Norm_Error,0.01240541794905154,0.004207099998893682,ok
OwenSamplingSV,California(n=8),8,128,1337,MSE,0.0008085499454473369,0.05182269999932032,ok
OwenSamplingSV,California(n=8),8,128,1337,MAE,0.019104516892521472,0.05182269999932032,ok
OwenSamplingSV,California(n=8),8,128,1337,SSE,0.007276949509026033,0.05182269999932032,ok
OwenSamplingSV,California(n=8),8,128,1337,SAE,0.17194065203269324,0.05182269999932032,ok
OwenSamplingSV,California(n=8),8,128,1337,Precision@5,1.0,0.05182269999932032,ok
OwenSamplingSV,California(n=8),8,128,1337,Precision@10,1.0,0.05182269999932032,ok
OwenSamplingSV,California(n=8),8,128,1337,KendallTau,0.5455447255899809,0.05182269999932032,ok
OwenSamplingSV,California(n=8),8,128,1337,L2_Norm_Error,0.13216479565826686,0.05182269999932032,ok
StratifiedSamplingSV,California(n=8),8,128,1337,MSE,0.0003522198920336721,0.05010990000300808,ok
StratifiedSamplingSV,California(n=8),8,128,1337,MAE,0.008701078372972987,0.05010990000300808,ok
StratifiedSamplingSV,California(n=8),8,128,1337,SSE,0.003169979028303049,0.05010990000300808,ok
StratifiedSamplingSV,California(n=8),8,128,1337,SAE,0.07830970535675688,0.05010990000300808,ok
StratifiedSamplingSV,California(n=8),8,128,1337,Precision@5,1.0,0.05010990000300808,ok
StratifiedSamplingSV,California(n=8),8,128,1337,Precision@10,1.0,0.05010990000300808,ok
StratifiedSamplingSV,California(n=8),8,128,1337,KendallTau,0.7637626158259734,0.05010990000300808,ok
StratifiedSamplingSV,California(n=8),8,128,1337,L2_Norm_Error,0.057573524455131,0.05010990000300808,ok
SVARM,California(n=8),8,128,1337,MSE,2.3706900721589114e-05,0.02513639999961015,ok
SVARM,California(n=8),8,128,1337,MAE,0.003591408399584676,0.02513639999961015,ok
SVARM,California(n=8),8,128,1337,SSE,0.00021336210649430202,0.02513639999961015,ok
SVARM,California(n=8),8,128,1337,SAE,0.032322675596262083,0.02513639999961015,ok
SVARM,California(n=8),8,128,1337,Precision@5,1.0,0.02513639999961015,ok
SVARM,California(n=8),8,128,1337,Precision@10,1.0,0.02513639999961015,ok
SVARM,California(n=8),8,128,1337,KendallTau,0.9285714285714285,0.02513639999961015,ok
SVARM,California(n=8),8,128,1337,L2_Norm_Error,0.003875107168334747,0.02513639999961015,ok
UnbiasedKernelSHAP,California(n=8),8,128,1337,MSE,2.7490633721681606e-05,0.012074800004484132,ok
UnbiasedKernelSHAP,California(n=8),8,128,1337,MAE,0.004057475090688336,0.012074800004484132,ok
UnbiasedKernelSHAP,California(n=8),8,128,1337,SSE,0.00024741570349513445,0.012074800004484132,ok
UnbiasedKernelSHAP,California(n=8),8,128,1337,SAE,0.03651727581619502,0.012074800004484132,ok
UnbiasedKernelSHAP,California(n=8),8,128,1337,Precision@5,1.0,0.012074800004484132,ok
UnbiasedKernelSHAP,California(n=8),8,128,1337,Precision@10,1.0,0.012074800004484132,ok
UnbiasedKernelSHAP,California(n=8),8,128,1337,KendallTau,0.9285714285714285,0.012074800004484132,ok
UnbiasedKernelSHAP,California(n=8),8,128,1337,L2_Norm_Error,0.004493592521773234,0.012074800004484132,ok
PermutationSamplingSV,California(n=8),8,128,1337,MSE,5.9690128757910136e-05,0.00423399999999674,ok
PermutationSamplingSV,California(n=8),8,128,1337,MAE,0.0043120172288682096,0.00423399999999674,ok
PermutationSamplingSV,California(n=8),8,128,1337,SSE,0.0005372111588211912,0.00423399999999674,ok
PermutationSamplingSV,California(n=8),8,128,1337,SAE,0.03880815505981389,0.00423399999999674,ok
PermutationSamplingSV,California(n=8),8,128,1337,Precision@5,0.8,0.00423399999999674,ok
PermutationSamplingSV,California(n=8),8,128,1337,Precision@10,1.0,0.00423399999999674,ok
PermutationSamplingSV,California(n=8),8,128,1337,KendallTau,0.7637626158259734,0.00423399999999674,ok
PermutationSamplingSV,California(n=8),8,128,1337,L2_Norm_Error,0.009756890980606293,0.00423399999999674,ok
KernelSHAP,California(n=8),8,128,1337,MSE,1.4756486468976522e-05,0.011683099997753743,ok
KernelSHAP,California(n=8),8,128,1337,MAE,0.0029916861133986936,0.011683099997753743,ok
KernelSHAP,California(n=8),8,128,1337,SSE,0.0001328083782207887,0.011683099997753743,ok
KernelSHAP,California(n=8),8,128,1337,SAE,0.026925175020588242,0.011683099997753743,ok
KernelSHAP,California(n=8),8,128,1337,Precision@5,1.0,0.011683099997753743,ok
KernelSHAP,California(n=8),8,128,1337,Precision@10,1.0,0.011683099997753743,ok
KernelSHAP,California(n=8),8,128,1337,KendallTau,0.9285714285714285,0.011683099997753743,ok
KernelSHAP,California(n=8),8,128,1337,L2_Norm_Error,0.002412081071537577,0.011683099997753743,ok
LeverageSHAP,California(n=8),8,128,1337,MSE,1.3853818845565109e-05,0.002533500002755318,ok
LeverageSHAP,California(n=8),8,128,1337,MAE,0.0027159991840815367,0.002533500002755318,ok
LeverageSHAP,California(n=8),8,128,1337,SSE,0.000124684369610086,0.002533500002755318,ok
LeverageSHAP,California(n=8),8,128,1337,SAE,0.02444399265673383,0.002533500002755318,ok
LeverageSHAP,California(n=8),8,128,1337,Precision@5,1.0,0.002533500002755318,ok
LeverageSHAP,California(n=8),8,128,1337,Precision@10,1.0,0.002533500002755318,ok
LeverageSHAP,California(n=8),8,128,1337,KendallTau,0.9999999999999998,0.002533500002755318,ok
LeverageSHAP,California(n=8),8,128,1337,L2_Norm_Error,0.002264531890850293,0.002533500002755318,ok
kADDSHAP,California(n=8),8,128,1337,MSE,1.4756490912637132e-05,0.011369299994839821,ok
kADDSHAP,California(n=8),8,128,1337,MAE,0.0029916833147548183,0.011369299994839821,ok
kADDSHAP,California(n=8),8,128,1337,SSE,0.0001328084182137342,0.011369299994839821,ok
kADDSHAP,California(n=8),8,128,1337,SAE,0.026925149832793364,0.011369299994839821,ok
kADDSHAP,California(n=8),8,128,1337,Precision@5,1.0,0.011369299994839821,ok
kADDSHAP,California(n=8),8,128,1337,Precision@10,1.0,0.011369299994839821,ok
kADDSHAP,California(n=8),8,128,1337,KendallTau,0.9285714285714285,0.011369299994839821,ok
kADDSHAP,California(n=8),8,128,1337,L2_Norm_Error,0.002412081797894063,0.011369299994839821,ok
SPEX,California(n=8),8,128,1337,_,,0.2312208000003011,skipped:refused_regime(ValueError)
RegressionMSR,California(n=8),8,128,1337,MSE,1.9634651200830864e-05,0.039397400003508665,ok
RegressionMSR,California(n=8),8,128,1337,MAE,0.002592178168071142,0.039397400003508665,ok
RegressionMSR,California(n=8),8,128,1337,SSE,0.00017671186080747778,0.039397400003508665,ok
RegressionMSR,California(n=8),8,128,1337,SAE,0.02332960351264028,0.039397400003508665,ok
RegressionMSR,California(n=8),8,128,1337,Precision@5,0.8,0.039397400003508665,ok
RegressionMSR,California(n=8),8,128,1337,Precision@10,1.0,0.039397400003508665,ok
RegressionMSR,California(n=8),8,128,1337,KendallTau,0.8571428571428571,0.039397400003508665,ok
RegressionMSR,California(n=8),8,128,1337,L2_Norm_Error,0.0032094611821950527,0.039397400003508665,ok
ProxySPEX,California(n=8),8,128,1337,MSE,0.09757387762598432,1.767637899996771,ok
ProxySPEX,California(n=8),8,128,1337,MAE,0.11345889572872957,1.767637899996771,ok
ProxySPEX,California(n=8),8,128,1337,SSE,0.8781648986338589,1.767637899996771,ok
ProxySPEX,California(n=8),8,128,1337,SAE,1.0211300615585661,1.767637899996771,ok
ProxySPEX,California(n=8),8,128,1337,Precision@5,1.0,1.767637899996771,ok
ProxySPEX,California(n=8),8,128,1337,Precision@10,1.0,1.767637899996771,ok
ProxySPEX,California(n=8),8,128,1337,KendallTau,0.8017837257372732,1.767637899996771,ok
ProxySPEX,California(n=8),8,128,1337,L2_Norm_Error,0.02908567869275266,1.767637899996771,ok
OddSHAP,California(n=8),8,128,1337,MSE,6.429822594988387e-05,0.02064290000271285,ok
OddSHAP,California(n=8),8,128,1337,MAE,0.006395701545517633,0.02064290000271285,ok
OddSHAP,California(n=8),8,128,1337,SSE,0.0005786840335489548,0.02064290000271285,ok
OddSHAP,California(n=8),8,128,1337,SAE,0.0575613139096587,0.02064290000271285,ok
OddSHAP,California(n=8),8,128,1337,Precision@5,0.8,0.02064290000271285,ok
OddSHAP,California(n=8),8,128,1337,Precision@10,1.0,0.02064290000271285,ok
OddSHAP,California(n=8),8,128,1337,KendallTau,0.7142857142857142,0.02064290000271285,ok
OddSHAP,California(n=8),8,128,1337,L2_Norm_Error,0.010510126111200103,0.02064290000271285,ok
ShaplEIG,California(n=8),8,128,1337,_,,0.0,skipped:incompatible_constructor(ImportError)
PolySHAPKAdd,California(n=8),8,128,1337,MSE,1.4756489200728867e-05,0.011732000006304588,ok
PolySHAPKAdd,California(n=8),8,128,1337,MAE,0.0029916862116069532,0.011732000006304588,ok
PolySHAPKAdd,California(n=8),8,128,1337,SSE,0.0001328084028065598,0.011732000006304588,ok
PolySHAPKAdd,California(n=8),8,128,1337,SAE,0.02692517590446258,0.011732000006304588,ok
PolySHAPKAdd,California(n=8),8,128,1337,Precision@5,1.0,0.011732000006304588,ok
PolySHAPKAdd,California(n=8),8,128,1337,Precision@10,1.0,0.011732000006304588,ok
PolySHAPKAdd,California(n=8),8,128,1337,KendallTau,0.9285714285714285,0.011732000006304588,ok
PolySHAPKAdd,California(n=8),8,128,1337,L2_Norm_Error,0.0024120815180671846,0.011732000006304588,ok
PolySHAPPartial,California(n=8),8,128,1337,MSE,1.4756489200728867e-05,0.011119399998278823,ok
PolySHAPPartial,California(n=8),8,128,1337,MAE,0.0029916862116069532,0.011119399998278823,ok
PolySHAPPartial,California(n=8),8,128,1337,SSE,0.0001328084028065598,0.011119399998278823,ok
PolySHAPPartial,California(n=8),8,128,1337,SAE,0.02692517590446258,0.011119399998278823,ok
PolySHAPPartial,California(n=8),8,128,1337,Precision@5,1.0,0.011119399998278823,ok
PolySHAPPartial,California(n=8),8,128,1337,Precision@10,1.0,0.011119399998278823,ok
PolySHAPPartial,California(n=8),8,128,1337,KendallTau,0.9285714285714285,0.011119399998278823,ok
PolySHAPPartial,California(n=8),8,128,1337,L2_Norm_Error,0.0024120815180671846,0.011119399998278823,ok
OptimizedKernelSHAP,California(n=8),8,128,1337,MSE,2.101548818934275e-05,0.007732199999736622,ok
OptimizedKernelSHAP,California(n=8),8,128,1337,MAE,0.0033034636682188253,0.007732199999736622,ok
OptimizedKernelSHAP,California(n=8),8,128,1337,SSE,0.00018913939370408475,0.007732199999736622,ok
OptimizedKernelSHAP,California(n=8),8,128,1337,SAE,0.02973117301396943,0.007732199999736622,ok
OptimizedKernelSHAP,California(n=8),8,128,1337,Precision@5,0.8,0.007732199999736622,ok
OptimizedKernelSHAP,California(n=8),8,128,1337,Precision@10,1.0,0.007732199999736622,ok
OptimizedKernelSHAP,California(n=8),8,128,1337,KendallTau,0.7857142857142856,0.007732199999736622,ok
OptimizedKernelSHAP,California(n=8),8,128,1337,L2_Norm_Error,0.0034351714669481875,0.007732199999736622,ok
OwenSamplingSV,California(n=8),8,256,1337,MSE,0.0001641617499750357,0.10854860000108602,ok
OwenSamplingSV,California(n=8),8,256,1337,MAE,0.007425921603485369,0.10854860000108602,ok
OwenSamplingSV,California(n=8),8,256,1337,SSE,0.0014774557497753214,0.10854860000108602,ok
OwenSamplingSV,California(n=8),8,256,1337,SAE,0.06683329443136832,0.10854860000108602,ok
OwenSamplingSV,California(n=8),8,256,1337,Precision@5,1.0,0.10854860000108602,ok
OwenSamplingSV,California(n=8),8,256,1337,Precision@10,1.0,0.10854860000108602,ok
OwenSamplingSV,California(n=8),8,256,1337,KendallTau,0.9092412093166348,0.10854860000108602,ok
OwenSamplingSV,California(n=8),8,256,1337,L2_Norm_Error,0.026833721605596515,0.10854860000108602,ok
StratifiedSamplingSV,California(n=8),8,256,1337,MSE,0.0002794643353991276,0.09730410000338452,ok
StratifiedSamplingSV,California(n=8),8,256,1337,MAE,0.010030140755353134,0.09730410000338452,ok
StratifiedSamplingSV,California(n=8),8,256,1337,SSE,0.002515179018592149,0.09730410000338452,ok
StratifiedSamplingSV,California(n=8),8,256,1337,SAE,0.0902712667981782,0.09730410000338452,ok
StratifiedSamplingSV,California(n=8),8,256,1337,Precision@5,0.8,0.09730410000338452,ok
StratifiedSamplingSV,California(n=8),8,256,1337,Precision@10,1.0,0.09730410000338452,ok
StratifiedSamplingSV,California(n=8),8,256,1337,KendallTau,0.9092412093166348,0.09730410000338452,ok
StratifiedSamplingSV,California(n=8),8,256,1337,L2_Norm_Error,0.04568097121243917,0.09730410000338452,ok
SVARM,California(n=8),8,256,1337,MSE,1.0042002691365964e-32,0.01939479999418836,ok
SVARM,California(n=8),8,256,1337,MAE,6.678685382510707e-17,0.01939479999418836,ok
SVARM,California(n=8),8,256,1337,SSE,9.037802422229367e-32,0.01939479999418836,ok
SVARM,California(n=8),8,256,1337,SAE,6.010816844259637e-16,0.01939479999418836,ok
SVARM,California(n=8),8,256,1337,Precision@5,1.0,0.01939479999418836,ok
SVARM,California(n=8),8,256,1337,Precision@10,1.0,0.01939479999418836,ok
SVARM,California(n=8),8,256,1337,KendallTau,0.9285714285714285,0.01939479999418836,ok
SVARM,California(n=8),8,256,1337,L2_Norm_Error,1.6414560920783495e-30,0.01939479999418836,ok
UnbiasedKernelSHAP,California(n=8),8,256,1337,MSE,1.0042002691365964e-32,0.0037627000056090765,ok
UnbiasedKernelSHAP,California(n=8),8,256,1337,MAE,6.678685382510707e-17,0.0037627000056090765,ok
UnbiasedKernelSHAP,California(n=8),8,256,1337,SSE,9.037802422229367e-32,0.0037627000056090765,ok
UnbiasedKernelSHAP,California(n=8),8,256,1337,SAE,6.010816844259637e-16,0.0037627000056090765,ok
UnbiasedKernelSHAP,California(n=8),8,256,1337,Precision@5,1.0,0.0037627000056090765,ok
UnbiasedKernelSHAP,California(n=8),8,256,1337,Precision@10,1.0,0.0037627000056090765,ok
UnbiasedKernelSHAP,California(n=8),8,256,1337,KendallTau,0.9285714285714285,0.0037627000056090765,ok
UnbiasedKernelSHAP,California(n=8),8,256,1337,L2_Norm_Error,1.6414560920783495e-30,0.0037627000056090765,ok
PermutationSamplingSV,California(n=8),8,256,1337,MSE,1.0104940564044193e-05,0.006902499997522682,ok
PermutationSamplingSV,California(n=8),8,256,1337,MAE,0.0015870083997279157,0.006902499997522682,ok
PermutationSamplingSV,California(n=8),8,256,1337,SSE,9.094446507639774e-05,0.006902499997522682,ok
PermutationSamplingSV,California(n=8),8,256,1337,SAE,0.01428307559755124,0.006902499997522682,ok
PermutationSamplingSV,California(n=8),8,256,1337,Precision@5,0.8,0.006902499997522682,ok
PermutationSamplingSV,California(n=8),8,256,1337,Precision@10,1.0,0.006902499997522682,ok
PermutationSamplingSV,California(n=8),8,256,1337,KendallTau,0.9092412093166348,0.006902499997522682,ok
PermutationSamplingSV,California(n=8),8,256,1337,L2_Norm_Error,0.0016517438561534335,0.006902499997522682,ok
KernelSHAP,California(n=8),8,256,1337,MSE,1.5321156532317984e-17,0.003982100002758671,ok
KernelSHAP,California(n=8),8,256,1337,MAE,3.3179286752502494e-09,0.003982100002758671,ok
KernelSHAP,California(n=8),8,256,1337,SSE,1.3789040879086187e-16,0.003982100002758671,ok
KernelSHAP,California(n=8),8,256,1337,SAE,2.9861358077252244e-08,0.003982100002758671,ok
KernelSHAP,California(n=8),8,256,1337,Precision@5,1.0,0.003982100002758671,ok
KernelSHAP,California(n=8),8,256,1337,Precision@10,1.0,0.003982100002758671,ok
KernelSHAP,California(n=8),8,256,1337,KendallTau,0.9999999999999998,0.003982100002758671,ok
KernelSHAP,California(n=8),8,256,1337,L2_Norm_Error,2.5043814964600912e-15,0.003982100002758671,ok
LeverageSHAP,California(n=8),8,256,1337,MSE,4.989629752448236e-31,0.0033390999960829504,ok
LeverageSHAP,California(n=8),8,256,1337,MAE,5.358368070239471e-16,0.0033390999960829504,ok
LeverageSHAP,California(n=8),8,256,1337,SSE,4.490666777203413e-30,0.0033390999960829504,ok
LeverageSHAP,California(n=8),8,256,1337,SAE,4.822531263215524e-15,0.0033390999960829504,ok
LeverageSHAP,California(n=8),8,256,1337,Precision@5,1.0,0.0033390999960829504,ok
LeverageSHAP,California(n=8),8,256,1337,Precision@10,1.0,0.0033390999960829504,ok
LeverageSHAP,California(n=8),8,256,1337,KendallTau,0.9999999999999998,0.0033390999960829504,ok
LeverageSHAP,California(n=8),8,256,1337,L2_Norm_Error,8.156000756117569e-29,0.0033390999960829504,ok
kADDSHAP,California(n=8),8,256,1337,MSE,1.9984531666491737e-17,0.0036682999998447485,ok
kADDSHAP,California(n=8),8,256,1337,MAE,2.889206743980429e-09,0.0036682999998447485,ok
kADDSHAP,California(n=8),8,256,1337,SSE,1.7986078499842564e-16,0.0036682999998447485,ok
kADDSHAP,California(n=8),8,256,1337,SAE,2.600286069582386e-08,0.0036682999998447485,ok
kADDSHAP,California(n=8),8,256,1337,Precision@5,1.0,0.0036682999998447485,ok
kADDSHAP,California(n=8),8,256,1337,Precision@10,1.0,0.0036682999998447485,ok
kADDSHAP,California(n=8),8,256,1337,KendallTau,0.9999999999999998,0.0036682999998447485,ok
kADDSHAP,California(n=8),8,256,1337,L2_Norm_Error,3.266652306267549e-15,0.0036682999998447485,ok
SPEX,California(n=8),8,256,1337,_,,0.25527639999927487,skipped:refused_regime(ValueError)
RegressionMSR,California(n=8),8,256,1337,MSE,8.52072046825192e-17,0.030489600001601502,ok
RegressionMSR,California(n=8),8,256,1337,MAE,5.046787547091234e-09,0.030489600001601502,ok
RegressionMSR,California(n=8),8,256,1337,SSE,7.668648421426727e-16,0.030489600001601502,ok
RegressionMSR,California(n=8),8,256,1337,SAE,4.542108792382111e-08,0.030489600001601502,ok
RegressionMSR,California(n=8),8,256,1337,Precision@5,1.0,0.030489600001601502,ok
RegressionMSR,California(n=8),8,256,1337,Precision@10,1.0,0.030489600001601502,ok
RegressionMSR,California(n=8),8,256,1337,KendallTau,0.9285714285714285,0.030489600001601502,ok
RegressionMSR,California(n=8),8,256,1337,L2_Norm_Error,1.3927887644895965e-14,0.030489600001601502,ok
ProxySPEX,California(n=8),8,256,1337,MSE,0.09748452455118269,2.2346188000010443,ok
ProxySPEX,California(n=8),8,256,1337,MAE,0.10875317826556986,2.2346188000010443,ok
ProxySPEX,California(n=8),8,256,1337,SSE,0.8773607209606442,2.2346188000010443,ok
ProxySPEX,California(n=8),8,256,1337,SAE,0.9787786043901288,2.2346188000010443,ok
ProxySPEX,California(n=8),8,256,1337,Precision@5,0.8,2.2346188000010443,ok
ProxySPEX,California(n=8),8,256,1337,Precision@10,1.0,2.2346188000010443,ok
ProxySPEX,California(n=8),8,256,1337,KendallTau,0.7181324987175317,2.2346188000010443,ok
ProxySPEX,California(n=8),8,256,1337,L2_Norm_Error,0.01448011110958611,2.2346188000010443,ok
OddSHAP,California(n=8),8,256,1337,MSE,1.7412216436118944e-32,0.02167349999945145,ok
OddSHAP,California(n=8),8,256,1337,MAE,9.208490451643551e-17,0.02167349999945145,ok
OddSHAP,California(n=8),8,256,1337,SSE,1.567099479250705e-31,0.02167349999945145,ok
OddSHAP,California(n=8),8,256,1337,SAE,8.287641406479196e-16,0.02167349999945145,ok
OddSHAP,California(n=8),8,256,1337,Precision@5,1.0,0.02167349999945145,ok
OddSHAP,California(n=8),8,256,1337,Precision@10,1.0,0.02167349999945145,ok
OddSHAP,California(n=8),8,256,1337,KendallTau,0.9999999999999998,0.02167349999945145,ok
OddSHAP,California(n=8),8,256,1337,L2_Norm_Error,2.8461841351853317e-30,0.02167349999945145,ok
ShaplEIG,California(n=8),8,256,1337,_,,0.0,skipped:incompatible_constructor(ImportError)
PolySHAPKAdd,California(n=8),8,256,1337,MSE,2.719306085366756e-32,0.0027245000019320287,ok
PolySHAPKAdd,California(n=8),8,256,1337,MAE,1.3338096059732783e-16,0.0027245000019320287,ok
PolySHAPKAdd,California(n=8),8,256,1337,SSE,2.44737547683008e-31,0.0027245000019320287,ok
PolySHAPKAdd,California(n=8),8,256,1337,SAE,1.2004286453759505e-15,0.0027245000019320287,ok
PolySHAPKAdd,California(n=8),8,256,1337,Precision@5,1.0,0.0027245000019320287,ok
PolySHAPKAdd,California(n=8),8,256,1337,Precision@10,1.0,0.0027245000019320287,ok
PolySHAPKAdd,California(n=8),8,256,1337,KendallTau,0.9285714285714285,0.0027245000019320287,ok
PolySHAPKAdd,California(n=8),8,256,1337,L2_Norm_Error,4.444951547253395e-30,0.0027245000019320287,ok
PolySHAPPartial,California(n=8),8,256,1337,MSE,2.719306085366756e-32,0.002680799996596761,ok
PolySHAPPartial,California(n=8),8,256,1337,MAE,1.3338096059732783e-16,0.002680799996596761,ok
PolySHAPPartial,California(n=8),8,256,1337,SSE,2.44737547683008e-31,0.002680799996596761,ok
PolySHAPPartial,California(n=8),8,256,1337,SAE,1.2004286453759505e-15,0.002680799996596761,ok
PolySHAPPartial,California(n=8),8,256,1337,Precision@5,1.0,0.002680799996596761,ok
PolySHAPPartial,California(n=8),8,256,1337,Precision@10,1.0,0.002680799996596761,ok
PolySHAPPartial,California(n=8),8,256,1337,KendallTau,0.9285714285714285,0.002680799996596761,ok
PolySHAPPartial,California(n=8),8,256,1337,L2_Norm_Error,4.444951547253395e-30,0.002680799996596761,ok
OptimizedKernelSHAP,California(n=8),8,256,1337,MSE,1.5321156532317984e-17,0.003196999998181127,ok
OptimizedKernelSHAP,California(n=8),8,256,1337,MAE,3.3179286752502494e-09,0.003196999998181127,ok
OptimizedKernelSHAP,California(n=8),8,256,1337,SSE,1.3789040879086187e-16,0.003196999998181127,ok
OptimizedKernelSHAP,California(n=8),8,256,1337,SAE,2.9861358077252244e-08,0.003196999998181127,ok
OptimizedKernelSHAP,California(n=8),8,256,1337,Precision@5,1.0,0.003196999998181127,ok
OptimizedKernelSHAP,California(n=8),8,256,1337,Precision@10,1.0,0.003196999998181127,ok
OptimizedKernelSHAP,California(n=8),8,256,1337,KendallTau,0.9999999999999998,0.003196999998181127,ok
OptimizedKernelSHAP,California(n=8),8,256,1337,L2_Norm_Error,2.5043814964600912e-15,0.003196999998181127,ok
OwenSamplingSV,Diabetes(n=10),10,51,0,MSE,68.28001184499425,0.021790999999211635,ok
OwenSamplingSV,Diabetes(n=10),10,51,0,MAE,6.089818464006692,0.021790999999211635,ok
OwenSamplingSV,Diabetes(n=10),10,51,0,SSE,751.0801302949368,0.021790999999211635,ok
OwenSamplingSV,Diabetes(n=10),10,51,0,SAE,66.98800310407361,0.021790999999211635,ok
OwenSamplingSV,Diabetes(n=10),10,51,0,Precision@5,0.8,0.021790999999211635,ok
OwenSamplingSV,Diabetes(n=10),10,51,0,Precision@10,1.0,0.021790999999211635,ok
OwenSamplingSV,Diabetes(n=10),10,51,0,KendallTau,0.7727272727272727,0.021790999999211635,ok
OwenSamplingSV,Diabetes(n=10),10,51,0,L2_Norm_Error,0.07142949836194042,0.021790999999211635,ok
StratifiedSamplingSV,Diabetes(n=10),10,51,0,MSE,160.18867943879104,0.019676399999298155,ok
StratifiedSamplingSV,Diabetes(n=10),10,51,0,MAE,8.460320950792982,0.019676399999298155,ok
StratifiedSamplingSV,Diabetes(n=10),10,51,0,SSE,1762.0754738267015,0.019676399999298155,ok
StratifiedSamplingSV,Diabetes(n=10),10,51,0,SAE,93.0635304587228,0.019676399999298155,ok
StratifiedSamplingSV,Diabetes(n=10),10,51,0,Precision@5,0.8,0.019676399999298155,ok
StratifiedSamplingSV,Diabetes(n=10),10,51,0,Precision@10,1.0,0.019676399999298155,ok
StratifiedSamplingSV,Diabetes(n=10),10,51,0,KendallTau,0.8636363636363636,0.019676399999298155,ok
StratifiedSamplingSV,Diabetes(n=10),10,51,0,L2_Norm_Error,0.1675775487788433,0.019676399999298155,ok
SVARM,Diabetes(n=10),10,51,0,MSE,177.50877795676544,0.02482149999559624,ok
SVARM,Diabetes(n=10),10,51,0,MAE,11.072495760004147,0.02482149999559624,ok
SVARM,Diabetes(n=10),10,51,0,SSE,1952.5965575244197,0.02482149999559624,ok
SVARM,Diabetes(n=10),10,51,0,SAE,121.79745336004561,0.02482149999559624,ok
SVARM,Diabetes(n=10),10,51,0,Precision@5,0.8,0.02482149999559624,ok
SVARM,Diabetes(n=10),10,51,0,Precision@10,1.0,0.02482149999559624,ok
SVARM,Diabetes(n=10),10,51,0,KendallTau,0.764093177458341,0.02482149999559624,ok
SVARM,Diabetes(n=10),10,51,0,L2_Norm_Error,0.18569655484355882,0.02482149999559624,ok
UnbiasedKernelSHAP,Diabetes(n=10),10,51,0,MSE,349.74827436552215,0.006301100002019666,ok
UnbiasedKernelSHAP,Diabetes(n=10),10,51,0,MAE,15.805302585697094,0.006301100002019666,ok
UnbiasedKernelSHAP,Diabetes(n=10),10,51,0,SSE,3847.2310180207437,0.006301100002019666,ok
UnbiasedKernelSHAP,Diabetes(n=10),10,51,0,SAE,173.85832844266804,0.006301100002019666,ok
UnbiasedKernelSHAP,Diabetes(n=10),10,51,0,Precision@5,0.8,0.006301100002019666,ok
UnbiasedKernelSHAP,Diabetes(n=10),10,51,0,Precision@10,1.0,0.006301100002019666,ok
UnbiasedKernelSHAP,Diabetes(n=10),10,51,0,KendallTau,0.5843065474681431,0.006301100002019666,ok
UnbiasedKernelSHAP,Diabetes(n=10),10,51,0,L2_Norm_Error,0.36588077705078875,0.006301100002019666,ok
PermutationSamplingSV,Diabetes(n=10),10,51,0,MSE,111.61938198697644,0.0025657000005594455,ok
PermutationSamplingSV,Diabetes(n=10),10,51,0,MAE,6.197926071299109,0.0025657000005594455,ok
PermutationSamplingSV,Diabetes(n=10),10,51,0,SSE,1227.8132018567408,0.0025657000005594455,ok
PermutationSamplingSV,Diabetes(n=10),10,51,0,SAE,68.1771867842902,0.0025657000005594455,ok
PermutationSamplingSV,Diabetes(n=10),10,51,0,Precision@5,0.8,0.0025657000005594455,ok
PermutationSamplingSV,Diabetes(n=10),10,51,0,Precision@10,1.0,0.0025657000005594455,ok
PermutationSamplingSV,Diabetes(n=10),10,51,0,KendallTau,0.9545454545454546,0.0025657000005594455,ok
PermutationSamplingSV,Diabetes(n=10),10,51,0,L2_Norm_Error,0.11676794199888596,0.0025657000005594455,ok
KernelSHAP,Diabetes(n=10),10,51,0,MSE,21.11038732813572,0.005979000001389068,ok
KernelSHAP,Diabetes(n=10),10,51,0,MAE,3.61139916055355,0.005979000001389068,ok
KernelSHAP,Diabetes(n=10),10,51,0,SSE,232.2142606094929,0.005979000001389068,ok
KernelSHAP,Diabetes(n=10),10,51,0,SAE,39.72539076608905,0.005979000001389068,ok
KernelSHAP,Diabetes(n=10),10,51,0,Precision@5,1.0,0.005979000001389068,ok
KernelSHAP,Diabetes(n=10),10,51,0,Precision@10,1.0,0.005979000001389068,ok
KernelSHAP,Diabetes(n=10),10,51,0,KendallTau,0.8539864924534399,0.005979000001389068,ok
KernelSHAP,Diabetes(n=10),10,51,0,L2_Norm_Error,0.02208412588589124,0.005979000001389068,ok
LeverageSHAP,Diabetes(n=10),10,51,0,MSE,1.479356902858064,0.001987900002859533,ok
LeverageSHAP,Diabetes(n=10),10,51,0,MAE,1.0053623977214114,0.001987900002859533,ok
LeverageSHAP,Diabetes(n=10),10,51,0,SSE,16.272925931438703,0.001987900002859533,ok
LeverageSHAP,Diabetes(n=10),10,51,0,SAE,11.058986374935525,0.001987900002859533,ok
LeverageSHAP,Diabetes(n=10),10,51,0,Precision@5,1.0,0.001987900002859533,ok
LeverageSHAP,Diabetes(n=10),10,51,0,Precision@10,1.0,0.001987900002859533,ok
LeverageSHAP,Diabetes(n=10),10,51,0,KendallTau,0.9438798074485389,0.001987900002859533,ok
LeverageSHAP,Diabetes(n=10),10,51,0,L2_Norm_Error,0.0015475937776535725,0.001987900002859533,ok
kADDSHAP,Diabetes(n=10),10,51,0,MSE,21.110393105339515,0.005861099998583086,ok
kADDSHAP,Diabetes(n=10),10,51,0,MAE,3.611399204107933,0.005861099998583086,ok
kADDSHAP,Diabetes(n=10),10,51,0,SSE,232.21432415873466,0.005861099998583086,ok
kADDSHAP,Diabetes(n=10),10,51,0,SAE,39.72539124518726,0.005861099998583086,ok
kADDSHAP,Diabetes(n=10),10,51,0,Precision@5,1.0,0.005861099998583086,ok
kADDSHAP,Diabetes(n=10),10,51,0,Precision@10,1.0,0.005861099998583086,ok
kADDSHAP,Diabetes(n=10),10,51,0,KendallTau,0.8539864924534399,0.005861099998583086,ok
kADDSHAP,Diabetes(n=10),10,51,0,L2_Norm_Error,0.022084131929574567,0.005861099998583086,ok
SPEX,Diabetes(n=10),10,51,0,_,,0.22939259999839123,skipped:refused_regime(ValueError)
RegressionMSR,Diabetes(n=10),10,51,0,MSE,14.754790768028807,0.051117399998474866,ok
RegressionMSR,Diabetes(n=10),10,51,0,MAE,3.0088574264390826,0.051117399998474866,ok
RegressionMSR,Diabetes(n=10),10,51,0,SSE,162.30269844831687,0.051117399998474866,ok
RegressionMSR,Diabetes(n=10),10,51,0,SAE,33.09743169082991,0.051117399998474866,ok
RegressionMSR,Diabetes(n=10),10,51,0,Precision@5,1.0,0.051117399998474866,ok
RegressionMSR,Diabetes(n=10),10,51,0,Precision@10,1.0,0.051117399998474866,ok
RegressionMSR,Diabetes(n=10),10,51,0,KendallTau,0.764093177458341,0.051117399998474866,ok
RegressionMSR,Diabetes(n=10),10,51,0,L2_Norm_Error,0.015435370828409616,0.051117399998474866,ok
ProxySPEX,Diabetes(n=10),10,51,0,MSE,1364.2336575798397,1.1596132000049693,ok
ProxySPEX,Diabetes(n=10),10,51,0,MAE,17.489448692300446,1.1596132000049693,ok
ProxySPEX,Diabetes(n=10),10,51,0,SSE,15006.570233378236,1.1596132000049693,ok
ProxySPEX,Diabetes(n=10),10,51,0,SAE,192.3839356153049,1.1596132000049693,ok
ProxySPEX,Diabetes(n=10),10,51,0,Precision@5,0.4,1.1596132000049693,ok
ProxySPEX,Diabetes(n=10),10,51,0,Precision@10,1.0,1.1596132000049693,ok
ProxySPEX,Diabetes(n=10),10,51,0,KendallTau,0.6605782590758164,1.1596132000049693,ok
ProxySPEX,Diabetes(n=10),10,51,0,L2_Norm_Error,0.11894671660019605,1.1596132000049693,ok
OddSHAP,Diabetes(n=10),10,51,0,MSE,6.914130951031558,0.019920699996873736,ok
OddSHAP,Diabetes(n=10),10,51,0,MAE,1.5516072954240656,0.019920699996873736,ok
OddSHAP,Diabetes(n=10),10,51,0,SSE,76.05544046134713,0.019920699996873736,ok
OddSHAP,Diabetes(n=10),10,51,0,SAE,17.067680249664722,0.019920699996873736,ok
OddSHAP,Diabetes(n=10),10,51,0,Precision@5,1.0,0.019920699996873736,ok
OddSHAP,Diabetes(n=10),10,51,0,Precision@10,1.0,0.019920699996873736,ok
OddSHAP,Diabetes(n=10),10,51,0,KendallTau,0.8931884167327451,0.019920699996873736,ok
OddSHAP,Diabetes(n=10),10,51,0,L2_Norm_Error,0.00723305242773119,0.019920699996873736,ok
ShaplEIG,Diabetes(n=10),10,51,0,_,,0.0,skipped:incompatible_constructor(ImportError)
PolySHAPKAdd,Diabetes(n=10),10,51,0,MSE,21.110388206329667,0.005818400000862312,ok
PolySHAPKAdd,Diabetes(n=10),10,51,0,MAE,3.611398968544984,0.005818400000862312,ok
PolySHAPKAdd,Diabetes(n=10),10,51,0,SSE,232.21427026962633,0.005818400000862312,ok
PolySHAPKAdd,Diabetes(n=10),10,51,0,SAE,39.72538865399483,0.005818400000862312,ok
PolySHAPKAdd,Diabetes(n=10),10,51,0,Precision@5,1.0,0.005818400000862312,ok
PolySHAPKAdd,Diabetes(n=10),10,51,0,Precision@10,1.0,0.005818400000862312,ok
PolySHAPKAdd,Diabetes(n=10),10,51,0,KendallTau,0.8539864924534399,0.005818400000862312,ok
PolySHAPKAdd,Diabetes(n=10),10,51,0,L2_Norm_Error,0.022084126804592794,0.005818400000862312,ok
PolySHAPPartial,Diabetes(n=10),10,51,0,MSE,21.110388206329667,0.0062029000037000515,ok
PolySHAPPartial,Diabetes(n=10),10,51,0,MAE,3.611398968544984,0.0062029000037000515,ok
PolySHAPPartial,Diabetes(n=10),10,51,0,SSE,232.21427026962633,0.0062029000037000515,ok
PolySHAPPartial,Diabetes(n=10),10,51,0,SAE,39.72538865399483,0.0062029000037000515,ok
PolySHAPPartial,Diabetes(n=10),10,51,0,Precision@5,1.0,0.0062029000037000515,ok
PolySHAPPartial,Diabetes(n=10),10,51,0,Precision@10,1.0,0.0062029000037000515,ok
PolySHAPPartial,Diabetes(n=10),10,51,0,KendallTau,0.8539864924534399,0.0062029000037000515,ok
PolySHAPPartial,Diabetes(n=10),10,51,0,L2_Norm_Error,0.022084126804592794,0.0062029000037000515,ok
OptimizedKernelSHAP,Diabetes(n=10),10,51,0,MSE,5.119921162782583,0.004596899998432491,ok
OptimizedKernelSHAP,Diabetes(n=10),10,51,0,MAE,1.3377939548020557,0.004596899998432491,ok
OptimizedKernelSHAP,Diabetes(n=10),10,51,0,SSE,56.319132790608414,0.004596899998432491,ok
OptimizedKernelSHAP,Diabetes(n=10),10,51,0,SAE,14.715733502822612,0.004596899998432491,ok
OptimizedKernelSHAP,Diabetes(n=10),10,51,0,Precision@5,1.0,0.004596899998432491,ok
OptimizedKernelSHAP,Diabetes(n=10),10,51,0,Precision@10,1.0,0.004596899998432491,ok
OptimizedKernelSHAP,Diabetes(n=10),10,51,0,KendallTau,0.8989331499509895,0.004596899998432491,ok
OptimizedKernelSHAP,Diabetes(n=10),10,51,0,L2_Norm_Error,0.005356082848088343,0.004596899998432491,ok
OwenSamplingSV,Diabetes(n=10),10,256,0,MSE,15.081016015790743,0.1172597000040696,ok
OwenSamplingSV,Diabetes(n=10),10,256,0,MAE,1.9399292322464374,0.1172597000040696,ok
OwenSamplingSV,Diabetes(n=10),10,256,0,SSE,165.89117617369817,0.1172597000040696,ok
OwenSamplingSV,Diabetes(n=10),10,256,0,SAE,21.33922155471081,0.1172597000040696,ok
OwenSamplingSV,Diabetes(n=10),10,256,0,Precision@5,1.0,0.1172597000040696,ok
OwenSamplingSV,Diabetes(n=10),10,256,0,Precision@10,1.0,0.1172597000040696,ok
OwenSamplingSV,Diabetes(n=10),10,256,0,KendallTau,1.0,0.1172597000040696,ok
OwenSamplingSV,Diabetes(n=10),10,256,0,L2_Norm_Error,0.015776643554804775,0.1172597000040696,ok
StratifiedSamplingSV,Diabetes(n=10),10,256,0,MSE,7.875853726492685,0.1006137000003946,ok
StratifiedSamplingSV,Diabetes(n=10),10,256,0,MAE,1.8105548858642644,0.1006137000003946,ok
StratifiedSamplingSV,Diabetes(n=10),10,256,0,SSE,86.63439099141954,0.1006137000003946,ok
StratifiedSamplingSV,Diabetes(n=10),10,256,0,SAE,19.91610374450691,0.1006137000003946,ok
StratifiedSamplingSV,Diabetes(n=10),10,256,0,Precision@5,1.0,0.1006137000003946,ok
StratifiedSamplingSV,Diabetes(n=10),10,256,0,Precision@10,1.0,0.1006137000003946,ok
StratifiedSamplingSV,Diabetes(n=10),10,256,0,KendallTau,1.0,0.1006137000003946,ok
StratifiedSamplingSV,Diabetes(n=10),10,256,0,L2_Norm_Error,0.008239135665830068,0.1006137000003946,ok
SVARM,Diabetes(n=10),10,256,0,MSE,17.485124920254105,0.044637999999395106,ok
SVARM,Diabetes(n=10),10,256,0,MAE,2.281326537907254,0.044637999999395106,ok
SVARM,Diabetes(n=10),10,256,0,SSE,192.33637412279515,0.044637999999395106,ok
SVARM,Diabetes(n=10),10,256,0,SAE,25.09459191697979,0.044637999999395106,ok
SVARM,Diabetes(n=10),10,256,0,Precision@5,0.8,0.044637999999395106,ok
SVARM,Diabetes(n=10),10,256,0,Precision@10,1.0,0.044637999999395106,ok
SVARM,Diabetes(n=10),10,256,0,KendallTau,0.9438798074485389,0.044637999999395106,ok
SVARM,Diabetes(n=10),10,256,0,L2_Norm_Error,0.01829164448132968,0.044637999999395106,ok
UnbiasedKernelSHAP,Diabetes(n=10),10,256,0,MSE,80.76318290576279,0.022441799999796785,ok
UnbiasedKernelSHAP,Diabetes(n=10),10,256,0,MAE,7.52039014938761,0.022441799999796785,ok
UnbiasedKernelSHAP,Diabetes(n=10),10,256,0,SSE,888.3950119633906,0.022441799999796785,ok
UnbiasedKernelSHAP,Diabetes(n=10),10,256,0,SAE,82.72429164326371,0.022441799999796785,ok
UnbiasedKernelSHAP,Diabetes(n=10),10,256,0,Precision@5,0.8,0.022441799999796785,ok
UnbiasedKernelSHAP,Diabetes(n=10),10,256,0,Precision@10,1.0,0.022441799999796785,ok
UnbiasedKernelSHAP,Diabetes(n=10),10,256,0,KendallTau,0.7191465199607916,0.022441799999796785,ok
UnbiasedKernelSHAP,Diabetes(n=10),10,256,0,L2_Norm_Error,0.08448846866295914,0.022441799999796785,ok
PermutationSamplingSV,Diabetes(n=10),10,256,0,MSE,3.348946473704385,0.005660099996021017,ok
PermutationSamplingSV,Diabetes(n=10),10,256,0,MAE,1.3359974221233697,0.005660099996021017,ok
PermutationSamplingSV,Diabetes(n=10),10,256,0,SSE,36.838411210748234,0.005660099996021017,ok
PermutationSamplingSV,Diabetes(n=10),10,256,0,SAE,14.695971643357066,0.005660099996021017,ok
PermutationSamplingSV,Diabetes(n=10),10,256,0,Precision@5,1.0,0.005660099996021017,ok
PermutationSamplingSV,Diabetes(n=10),10,256,0,Precision@10,1.0,0.005660099996021017,ok
PermutationSamplingSV,Diabetes(n=10),10,256,0,KendallTau,0.9545454545454546,0.005660099996021017,ok
PermutationSamplingSV,Diabetes(n=10),10,256,0,L2_Norm_Error,0.003503420110716204,0.005660099996021017,ok
KernelSHAP,Diabetes(n=10),10,256,0,MSE,5.0446962651609155,0.020377500004542526,ok
KernelSHAP,Diabetes(n=10),10,256,0,MAE,1.7028629971490028,0.020377500004542526,ok
KernelSHAP,Diabetes(n=10),10,256,0,SSE,55.49165891677007,0.020377500004542526,ok
KernelSHAP,Diabetes(n=10),10,256,0,SAE,18.73149296863903,0.020377500004542526,ok
KernelSHAP,Diabetes(n=10),10,256,0,Precision@5,0.8,0.020377500004542526,ok
KernelSHAP,Diabetes(n=10),10,256,0,Precision@10,1.0,0.020377500004542526,ok
KernelSHAP,Diabetes(n=10),10,256,0,KendallTau,0.9438798074485389,0.020377500004542526,ok
KernelSHAP,Diabetes(n=10),10,256,0,L2_Norm_Error,0.00527738812387473,0.020377500004542526,ok
LeverageSHAP,Diabetes(n=10),10,256,0,MSE,0.3331490442574009,0.0032275999983539805,ok
LeverageSHAP,Diabetes(n=10),10,256,0,MAE,0.4045545379887398,0.0032275999983539805,ok
LeverageSHAP,Diabetes(n=10),10,256,0,SSE,3.6646394868314096,0.0032275999983539805,ok
LeverageSHAP,Diabetes(n=10),10,256,0,SAE,4.450099917876138,0.0032275999983539805,ok
LeverageSHAP,Diabetes(n=10),10,256,0,Precision@5,1.0,0.0032275999983539805,ok
LeverageSHAP,Diabetes(n=10),10,256,0,Precision@10,1.0,0.0032275999983539805,ok
LeverageSHAP,Diabetes(n=10),10,256,0,KendallTau,0.9888264649460884,0.0032275999983539805,ok
LeverageSHAP,Diabetes(n=10),10,256,0,L2_Norm_Error,0.00034851589020060505,0.0032275999983539805,ok
kADDSHAP,Diabetes(n=10),10,256,0,MSE,5.044687148879442,0.019944500003475696,ok
kADDSHAP,Diabetes(n=10),10,256,0,MAE,1.7028596845246364,0.019944500003475696,ok
kADDSHAP,Diabetes(n=10),10,256,0,SSE,55.49155863767386,0.019944500003475696,ok
kADDSHAP,Diabetes(n=10),10,256,0,SAE,18.731456529771002,0.019944500003475696,ok
kADDSHAP,Diabetes(n=10),10,256,0,Precision@5,0.8,0.019944500003475696,ok
kADDSHAP,Diabetes(n=10),10,256,0,Precision@10,1.0,0.019944500003475696,ok
kADDSHAP,Diabetes(n=10),10,256,0,KendallTau,0.9438798074485389,0.019944500003475696,ok
kADDSHAP,Diabetes(n=10),10,256,0,L2_Norm_Error,0.005277378587095299,0.019944500003475696,ok
SPEX,Diabetes(n=10),10,256,0,_,,0.228514800000994,skipped:refused_regime(ValueError)
RegressionMSR,Diabetes(n=10),10,256,0,MSE,0.23304153174471257,0.08022490000439575,ok
RegressionMSR,Diabetes(n=10),10,256,0,MAE,0.376162674888805,0.08022490000439575,ok
RegressionMSR,Diabetes(n=10),10,256,0,SSE,2.563456849191838,0.08022490000439575,ok
RegressionMSR,Diabetes(n=10),10,256,0,SAE,4.137789423776855,0.08022490000439575,ok
RegressionMSR,Diabetes(n=10),10,256,0,Precision@5,1.0,0.08022490000439575,ok
RegressionMSR,Diabetes(n=10),10,256,0,Precision@10,1.0,0.08022490000439575,ok
RegressionMSR,Diabetes(n=10),10,256,0,KendallTau,0.9888264649460884,0.08022490000439575,ok
RegressionMSR,Diabetes(n=10),10,256,0,L2_Norm_Error,0.00024379081462100514,0.08022490000439575,ok
ProxySPEX,Diabetes(n=10),10,256,0,MSE,1265.125167854308,2.310464399997727,ok
ProxySPEX,Diabetes(n=10),10,256,0,MAE,13.268594373305325,2.310464399997727,ok
ProxySPEX,Diabetes(n=10),10,256,0,SSE,13916.376846397388,2.310464399997727,ok
ProxySPEX,Diabetes(n=10),10,256,0,SAE,145.95453810635857,2.310464399997727,ok
ProxySPEX,Diabetes(n=10),10,256,0,Precision@5,1.0,2.310464399997727,ok
ProxySPEX,Diabetes(n=10),10,256,0,Precision@10,1.0,2.310464399997727,ok
ProxySPEX,Diabetes(n=10),10,256,0,KendallTau,0.8918825850158447,2.310464399997727,ok
ProxySPEX,Diabetes(n=10),10,256,0,L2_Norm_Error,0.015266744772200242,2.310464399997727,ok
OddSHAP,Diabetes(n=10),10,256,0,MSE,0.1340675156806871,0.0323867999977665,ok
OddSHAP,Diabetes(n=10),10,256,0,MAE,0.25992053747152133,0.0323867999977665,ok
OddSHAP,Diabetes(n=10),10,256,0,SSE,1.4747426724875579,0.0323867999977665,ok
OddSHAP,Diabetes(n=10),10,256,0,SAE,2.8591259121867347,0.0323867999977665,ok
OddSHAP,Diabetes(n=10),10,256,0,Precision@5,1.0,0.0323867999977665,ok
OddSHAP,Diabetes(n=10),10,256,0,Precision@10,1.0,0.0323867999977665,ok
OddSHAP,Diabetes(n=10),10,256,0,KendallTau,0.9888264649460884,0.0323867999977665,ok
OddSHAP,Diabetes(n=10),10,256,0,L2_Norm_Error,0.0001402515191919247,0.0323867999977665,ok
ShaplEIG,Diabetes(n=10),10,256,0,_,,0.0,skipped:incompatible_constructor(ImportError)
PolySHAPKAdd,Diabetes(n=10),10,256,0,MSE,5.044694767440019,0.02818689999548951,ok
PolySHAPKAdd,Diabetes(n=10),10,256,0,MAE,1.7028616739688602,0.02818689999548951,ok
PolySHAPKAdd,Diabetes(n=10),10,256,0,SSE,55.491642441840206,0.02818689999548951,ok
PolySHAPKAdd,Diabetes(n=10),10,256,0,SAE,18.731478413657463,0.02818689999548951,ok
PolySHAPKAdd,Diabetes(n=10),10,256,0,Precision@5,0.8,0.02818689999548951,ok
PolySHAPKAdd,Diabetes(n=10),10,256,0,Precision@10,1.0,0.02818689999548951,ok
PolySHAPKAdd,Diabetes(n=10),10,256,0,KendallTau,0.9438798074485389,0.02818689999548951,ok
PolySHAPKAdd,Diabetes(n=10),10,256,0,L2_Norm_Error,0.0052773865570699,0.02818689999548951,ok
PolySHAPPartial,Diabetes(n=10),10,256,0,MSE,5.044694767440019,0.019660800004203338,ok
PolySHAPPartial,Diabetes(n=10),10,256,0,MAE,1.7028616739688602,0.019660800004203338,ok
PolySHAPPartial,Diabetes(n=10),10,256,0,SSE,55.491642441840206,0.019660800004203338,ok
PolySHAPPartial,Diabetes(n=10),10,256,0,SAE,18.731478413657463,0.019660800004203338,ok
PolySHAPPartial,Diabetes(n=10),10,256,0,Precision@5,0.8,0.019660800004203338,ok
PolySHAPPartial,Diabetes(n=10),10,256,0,Precision@10,1.0,0.019660800004203338,ok
PolySHAPPartial,Diabetes(n=10),10,256,0,KendallTau,0.9438798074485389,0.019660800004203338,ok
PolySHAPPartial,Diabetes(n=10),10,256,0,L2_Norm_Error,0.0052773865570699,0.019660800004203338,ok
OptimizedKernelSHAP,Diabetes(n=10),10,256,0,MSE,0.22101095719829222,0.011719100002665073,ok
OptimizedKernelSHAP,Diabetes(n=10),10,256,0,MAE,0.368827108176394,0.011719100002665073,ok
OptimizedKernelSHAP,Diabetes(n=10),10,256,0,SSE,2.4311205291812144,0.011719100002665073,ok
OptimizedKernelSHAP,Diabetes(n=10),10,256,0,SAE,4.057098189940334,0.011719100002665073,ok
OptimizedKernelSHAP,Diabetes(n=10),10,256,0,Precision@5,1.0,0.011719100002665073,ok
OptimizedKernelSHAP,Diabetes(n=10),10,256,0,Precision@10,1.0,0.011719100002665073,ok
OptimizedKernelSHAP,Diabetes(n=10),10,256,0,KendallTau,0.9888264649460884,0.011719100002665073,ok
OptimizedKernelSHAP,Diabetes(n=10),10,256,0,L2_Norm_Error,0.00023120531731899005,0.011719100002665073,ok
OwenSamplingSV,Diabetes(n=10),10,512,0,MSE,5.975916149251438,0.2161820000037551,ok
OwenSamplingSV,Diabetes(n=10),10,512,0,MAE,1.366005467336426,0.2161820000037551,ok
OwenSamplingSV,Diabetes(n=10),10,512,0,SSE,65.73507764176581,0.2161820000037551,ok
OwenSamplingSV,Diabetes(n=10),10,512,0,SAE,15.026060140700684,0.2161820000037551,ok
OwenSamplingSV,Diabetes(n=10),10,512,0,Precision@5,1.0,0.2161820000037551,ok
OwenSamplingSV,Diabetes(n=10),10,512,0,Precision@10,1.0,0.2161820000037551,ok
OwenSamplingSV,Diabetes(n=10),10,512,0,KendallTau,1.0,0.2161820000037551,ok
OwenSamplingSV,Diabetes(n=10),10,512,0,L2_Norm_Error,0.006251561493033669,0.2161820000037551,ok
StratifiedSamplingSV,Diabetes(n=10),10,512,0,MSE,6.737224568038905,0.28874050000013085,ok
StratifiedSamplingSV,Diabetes(n=10),10,512,0,MAE,1.252218903710829,0.28874050000013085,ok
StratifiedSamplingSV,Diabetes(n=10),10,512,0,SSE,74.10947024842795,0.28874050000013085,ok
StratifiedSamplingSV,Diabetes(n=10),10,512,0,SAE,13.774407940819117,0.28874050000013085,ok
StratifiedSamplingSV,Diabetes(n=10),10,512,0,Precision@5,1.0,0.28874050000013085,ok
StratifiedSamplingSV,Diabetes(n=10),10,512,0,Precision@10,1.0,0.28874050000013085,ok
StratifiedSamplingSV,Diabetes(n=10),10,512,0,KendallTau,1.0,0.28874050000013085,ok
StratifiedSamplingSV,Diabetes(n=10),10,512,0,L2_Norm_Error,0.007047986053945597,0.28874050000013085,ok
SVARM,Diabetes(n=10),10,512,0,MSE,2.9250767843272003,0.0670081000062055,ok
SVARM,Diabetes(n=10),10,512,0,MAE,1.3394728208057674,0.0670081000062055,ok
SVARM,Diabetes(n=10),10,512,0,SSE,32.175844627599204,0.0670081000062055,ok
SVARM,Diabetes(n=10),10,512,0,SAE,14.73420102886344,0.0670081000062055,ok
SVARM,Diabetes(n=10),10,512,0,Precision@5,1.0,0.0670081000062055,ok
SVARM,Diabetes(n=10),10,512,0,Precision@10,1.0,0.0670081000062055,ok
SVARM,Diabetes(n=10),10,512,0,KendallTau,0.9438798074485389,0.0670081000062055,ok
SVARM,Diabetes(n=10),10,512,0,L2_Norm_Error,0.00305999899134416,0.0670081000062055,ok
UnbiasedKernelSHAP,Diabetes(n=10),10,512,0,MSE,13.275494347292886,0.03698109999822918,ok
UnbiasedKernelSHAP,Diabetes(n=10),10,512,0,MAE,2.4536976548871463,0.03698109999822918,ok
UnbiasedKernelSHAP,Diabetes(n=10),10,512,0,SSE,146.03043782022175,0.03698109999822918,ok
UnbiasedKernelSHAP,Diabetes(n=10),10,512,0,SAE,26.99067420375861,0.03698109999822918,ok
UnbiasedKernelSHAP,Diabetes(n=10),10,512,0,Precision@5,0.8,0.03698109999822918,ok
UnbiasedKernelSHAP,Diabetes(n=10),10,512,0,Precision@10,1.0,0.03698109999822918,ok
UnbiasedKernelSHAP,Diabetes(n=10),10,512,0,KendallTau,0.8989331499509895,0.03698109999822918,ok
UnbiasedKernelSHAP,Diabetes(n=10),10,512,0,L2_Norm_Error,0.013887840322678932,0.03698109999822918,ok
PermutationSamplingSV,Diabetes(n=10),10,512,0,MSE,4.550668789049339,0.010388099995907396,ok
PermutationSamplingSV,Diabetes(n=10),10,512,0,MAE,1.3970868502860543,0.010388099995907396,ok
PermutationSamplingSV,Diabetes(n=10),10,512,0,SSE,50.05735667954272,0.010388099995907396,ok
PermutationSamplingSV,Diabetes(n=10),10,512,0,SAE,15.367955353146597,0.010388099995907396,ok
PermutationSamplingSV,Diabetes(n=10),10,512,0,Precision@5,1.0,0.010388099995907396,ok
PermutationSamplingSV,Diabetes(n=10),10,512,0,Precision@10,1.0,0.010388099995907396,ok
PermutationSamplingSV,Diabetes(n=10),10,512,0,KendallTau,0.9545454545454546,0.010388099995907396,ok
PermutationSamplingSV,Diabetes(n=10),10,512,0,L2_Norm_Error,0.004760573116932804,0.010388099995907396,ok
KernelSHAP,Diabetes(n=10),10,512,0,MSE,0.446905754888947,0.035836000002746005,ok
KernelSHAP,Diabetes(n=10),10,512,0,MAE,0.5713525982729453,0.035836000002746005,ok
KernelSHAP,Diabetes(n=10),10,512,0,SSE,4.915963303778417,0.035836000002746005,ok
KernelSHAP,Diabetes(n=10),10,512,0,SAE,6.284878581002398,0.035836000002746005,ok
KernelSHAP,Diabetes(n=10),10,512,0,Precision@5,1.0,0.035836000002746005,ok
KernelSHAP,Diabetes(n=10),10,512,0,Precision@10,1.0,0.035836000002746005,ok
KernelSHAP,Diabetes(n=10),10,512,0,KendallTau,0.9438798074485389,0.035836000002746005,ok
KernelSHAP,Diabetes(n=10),10,512,0,L2_Norm_Error,0.0004675197473493419,0.035836000002746005,ok
LeverageSHAP,Diabetes(n=10),10,512,0,MSE,0.03765477696484603,0.005429100005130749,ok
LeverageSHAP,Diabetes(n=10),10,512,0,MAE,0.15562374461021056,0.005429100005130749,ok
LeverageSHAP,Diabetes(n=10),10,512,0,SSE,0.41420254661330635,0.005429100005130749,ok
LeverageSHAP,Diabetes(n=10),10,512,0,SAE,1.711861190712316,0.005429100005130749,ok
LeverageSHAP,Diabetes(n=10),10,512,0,Precision@5,1.0,0.005429100005130749,ok
LeverageSHAP,Diabetes(n=10),10,512,0,Precision@10,1.0,0.005429100005130749,ok
LeverageSHAP,Diabetes(n=10),10,512,0,KendallTau,0.9888264649460884,0.005429100005130749,ok
LeverageSHAP,Diabetes(n=10),10,512,0,L2_Norm_Error,3.939164269091858e-05,0.005429100005130749,ok
kADDSHAP,Diabetes(n=10),10,512,0,MSE,0.44690959421464255,0.03530740000132937,ok
kADDSHAP,Diabetes(n=10),10,512,0,MAE,0.571354615839594,0.03530740000132937,ok
kADDSHAP,Diabetes(n=10),10,512,0,SSE,4.916005536361068,0.03530740000132937,ok
kADDSHAP,Diabetes(n=10),10,512,0,SAE,6.284900774235534,0.03530740000132937,ok
kADDSHAP,Diabetes(n=10),10,512,0,Precision@5,1.0,0.03530740000132937,ok
kADDSHAP,Diabetes(n=10),10,512,0,Precision@10,1.0,0.03530740000132937,ok
kADDSHAP,Diabetes(n=10),10,512,0,KendallTau,0.9438798074485389,0.03530740000132937,ok
kADDSHAP,Diabetes(n=10),10,512,0,L2_Norm_Error,0.00046752376376792577,0.03530740000132937,ok
SPEX,Diabetes(n=10),10,512,0,MSE,1250.5315680423876,1.9445114000045578,ok
SPEX,Diabetes(n=10),10,512,0,MAE,10.662313551436357,1.9445114000045578,ok
SPEX,Diabetes(n=10),10,512,0,SSE,13755.847248466263,1.9445114000045578,ok
SPEX,Diabetes(n=10),10,512,0,SAE,117.28544906579994,1.9445114000045578,ok
SPEX,Diabetes(n=10),10,512,0,Precision@5,1.0,1.9445114000045578,ok
SPEX,Diabetes(n=10),10,512,0,Precision@10,1.0,1.9445114000045578,ok
SPEX,Diabetes(n=10),10,512,0,KendallTau,0.9888264649460884,1.9445114000045578,ok
SPEX,Diabetes(n=10),10,512,0,L2_Norm_Error,2.91935867225975e-13,1.9445114000045578,ok
RegressionMSR,Diabetes(n=10),10,512,0,MSE,0.009007299802935766,0.11248459999478655,ok
RegressionMSR,Diabetes(n=10),10,512,0,MAE,0.08183965128736921,0.11248459999478655,ok
RegressionMSR,Diabetes(n=10),10,512,0,SSE,0.09908029783229343,0.11248459999478655,ok
RegressionMSR,Diabetes(n=10),10,512,0,SAE,0.9002361641610613,0.11248459999478655,ok
RegressionMSR,Diabetes(n=10),10,512,0,Precision@5,1.0,0.11248459999478655,ok
RegressionMSR,Diabetes(n=10),10,512,0,Precision@10,1.0,0.11248459999478655,ok
RegressionMSR,Diabetes(n=10),10,512,0,KendallTau,0.9888264649460884,0.11248459999478655,ok
RegressionMSR,Diabetes(n=10),10,512,0,L2_Norm_Error,9.422770868579961e-06,0.11248459999478655,ok
ProxySPEX,Diabetes(n=10),10,512,0,MSE,1264.0276763088948,3.4267440999974497,ok
ProxySPEX,Diabetes(n=10),10,512,0,MAE,12.934835458451705,3.4267440999974497,ok
ProxySPEX,Diabetes(n=10),10,512,0,SSE,13904.304439397843,3.4267440999974497,ok
ProxySPEX,Diabetes(n=10),10,512,0,SAE,142.28319004296876,3.4267440999974497,ok
ProxySPEX,Diabetes(n=10),10,512,0,Precision@5,1.0,3.4267440999974497,ok
ProxySPEX,Diabetes(n=10),10,512,0,Precision@10,1.0,3.4267440999974497,ok
ProxySPEX,Diabetes(n=10),10,512,0,KendallTau,0.8918825850158447,3.4267440999974497,ok
ProxySPEX,Diabetes(n=10),10,512,0,L2_Norm_Error,0.014118630288516438,3.4267440999974497,ok
OddSHAP,Diabetes(n=10),10,512,0,MSE,9.483779151003404e-05,0.06759579999925336,ok
OddSHAP,Diabetes(n=10),10,512,0,MAE,0.007929697941934565,0.06759579999925336,ok
OddSHAP,Diabetes(n=10),10,512,0,SSE,0.0010432157066103745,0.06759579999925336,ok
OddSHAP,Diabetes(n=10),10,512,0,SAE,0.0872266773612802,0.06759579999925336,ok
OddSHAP,Diabetes(n=10),10,512,0,Precision@5,1.0,0.06759579999925336,ok
OddSHAP,Diabetes(n=10),10,512,0,Precision@10,1.0,0.06759579999925336,ok
OddSHAP,Diabetes(n=10),10,512,0,KendallTau,0.9888264649460884,0.06759579999925336,ok
OddSHAP,Diabetes(n=10),10,512,0,L2_Norm_Error,9.921228321832307e-08,0.06759579999925336,ok
ShaplEIG,Diabetes(n=10),10,512,0,_,,0.0,skipped:incompatible_constructor(ImportError)
PolySHAPKAdd,Diabetes(n=10),10,512,0,MSE,0.4469069777790278,0.039668500001425855,ok
PolySHAPKAdd,Diabetes(n=10),10,512,0,MAE,0.5713515971480296,0.039668500001425855,ok
PolySHAPKAdd,Diabetes(n=10),10,512,0,SSE,4.915976755569306,0.039668500001425855,ok
PolySHAPKAdd,Diabetes(n=10),10,512,0,SAE,6.284867568628326,0.039668500001425855,ok
PolySHAPKAdd,Diabetes(n=10),10,512,0,Precision@5,1.0,0.039668500001425855,ok
PolySHAPKAdd,Diabetes(n=10),10,512,0,Precision@10,1.0,0.039668500001425855,ok
PolySHAPKAdd,Diabetes(n=10),10,512,0,KendallTau,0.9438798074485389,0.039668500001425855,ok
PolySHAPKAdd,Diabetes(n=10),10,512,0,L2_Norm_Error,0.0004675210266464988,0.039668500001425855,ok
PolySHAPPartial,Diabetes(n=10),10,512,0,MSE,0.4469069777790278,0.037907400001131464,ok
PolySHAPPartial,Diabetes(n=10),10,512,0,MAE,0.5713515971480296,0.037907400001131464,ok
PolySHAPPartial,Diabetes(n=10),10,512,0,SSE,4.915976755569306,0.037907400001131464,ok
PolySHAPPartial,Diabetes(n=10),10,512,0,SAE,6.284867568628326,0.037907400001131464,ok
PolySHAPPartial,Diabetes(n=10),10,512,0,Precision@5,1.0,0.037907400001131464,ok
PolySHAPPartial,Diabetes(n=10),10,512,0,Precision@10,1.0,0.037907400001131464,ok
PolySHAPPartial,Diabetes(n=10),10,512,0,KendallTau,0.9438798074485389,0.037907400001131464,ok
PolySHAPPartial,Diabetes(n=10),10,512,0,L2_Norm_Error,0.0004675210266464988,0.037907400001131464,ok
OptimizedKernelSHAP,Diabetes(n=10),10,512,0,MSE,0.019398596301026246,0.021821900001668837,ok
OptimizedKernelSHAP,Diabetes(n=10),10,512,0,MAE,0.09620770358384112,0.021821900001668837,ok
OptimizedKernelSHAP,Diabetes(n=10),10,512,0,SSE,0.2133845593112887,0.021821900001668837,ok
OptimizedKernelSHAP,Diabetes(n=10),10,512,0,SAE,1.0582847394222523,0.021821900001668837,ok
OptimizedKernelSHAP,Diabetes(n=10),10,512,0,Precision@5,1.0,0.021821900001668837,ok
OptimizedKernelSHAP,Diabetes(n=10),10,512,0,Precision@10,1.0,0.021821900001668837,ok
OptimizedKernelSHAP,Diabetes(n=10),10,512,0,KendallTau,0.9888264649460884,0.021821900001668837,ok
OptimizedKernelSHAP,Diabetes(n=10),10,512,0,L2_Norm_Error,2.029337671841194e-05,0.021821900001668837,ok
OwenSamplingSV,Diabetes(n=10),10,1024,0,MSE,2.54371248780304,0.4461379999993369,ok
OwenSamplingSV,Diabetes(n=10),10,1024,0,MAE,0.6779466151778311,0.4461379999993369,ok
OwenSamplingSV,Diabetes(n=10),10,1024,0,SSE,27.980837365833438,0.4461379999993369,ok
OwenSamplingSV,Diabetes(n=10),10,1024,0,SAE,7.457412766956142,0.4461379999993369,ok
OwenSamplingSV,Diabetes(n=10),10,1024,0,Precision@5,1.0,0.4461379999993369,ok
OwenSamplingSV,Diabetes(n=10),10,1024,0,Precision@10,1.0,0.4461379999993369,ok
OwenSamplingSV,Diabetes(n=10),10,1024,0,KendallTau,1.0,0.4461379999993369,ok
OwenSamplingSV,Diabetes(n=10),10,1024,0,L2_Norm_Error,0.0026610438702508094,0.4461379999993369,ok
StratifiedSamplingSV,Diabetes(n=10),10,1024,0,MSE,1.0277829314254516,0.44241219999821624,ok
StratifiedSamplingSV,Diabetes(n=10),10,1024,0,MAE,0.7070525640842683,0.44241219999821624,ok
StratifiedSamplingSV,Diabetes(n=10),10,1024,0,SSE,11.305612245679967,0.44241219999821624,ok
StratifiedSamplingSV,Diabetes(n=10),10,1024,0,SAE,7.777578204926951,0.44241219999821624,ok
StratifiedSamplingSV,Diabetes(n=10),10,1024,0,Precision@5,1.0,0.44241219999821624,ok
StratifiedSamplingSV,Diabetes(n=10),10,1024,0,Precision@10,1.0,0.44241219999821624,ok
StratifiedSamplingSV,Diabetes(n=10),10,1024,0,KendallTau,1.0,0.44241219999821624,ok
StratifiedSamplingSV,Diabetes(n=10),10,1024,0,L2_Norm_Error,0.0010751904874203202,0.44241219999821624,ok
SVARM,Diabetes(n=10),10,1024,0,MSE,6.013630109755268e-28,0.04535350000514882,ok
SVARM,Diabetes(n=10),10,1024,0,MAE,1.639092901810231e-14,0.04535350000514882,ok
SVARM,Diabetes(n=10),10,1024,0,SSE,6.614993120730794e-27,0.04535350000514882,ok
SVARM,Diabetes(n=10),10,1024,0,SAE,1.8030021919912542e-13,0.04535350000514882,ok
SVARM,Diabetes(n=10),10,1024,0,Precision@5,1.0,0.04535350000514882,ok
SVARM,Diabetes(n=10),10,1024,0,Precision@10,1.0,0.04535350000514882,ok
SVARM,Diabetes(n=10),10,1024,0,KendallTau,0.9888264649460884,0.04535350000514882,ok
SVARM,Diabetes(n=10),10,1024,0,L2_Norm_Error,6.291015049165823e-31,0.04535350000514882,ok
UnbiasedKernelSHAP,Diabetes(n=10),10,1024,0,MSE,6.013630109755268e-28,0.00829150000208756,ok
UnbiasedKernelSHAP,Diabetes(n=10),10,1024,0,MAE,1.639092901810231e-14,0.00829150000208756,ok
UnbiasedKernelSHAP,Diabetes(n=10),10,1024,0,SSE,6.614993120730794e-27,0.00829150000208756,ok
UnbiasedKernelSHAP,Diabetes(n=10),10,1024,0,SAE,1.8030021919912542e-13,0.00829150000208756,ok
UnbiasedKernelSHAP,Diabetes(n=10),10,1024,0,Precision@5,1.0,0.00829150000208756,ok
UnbiasedKernelSHAP,Diabetes(n=10),10,1024,0,Precision@10,1.0,0.00829150000208756,ok
UnbiasedKernelSHAP,Diabetes(n=10),10,1024,0,KendallTau,0.9888264649460884,0.00829150000208756,ok
UnbiasedKernelSHAP,Diabetes(n=10),10,1024,0,L2_Norm_Error,6.291015049165823e-31,0.00829150000208756,ok
PermutationSamplingSV,Diabetes(n=10),10,1024,0,MSE,1.1638721245947945,0.019380500001716428,ok
PermutationSamplingSV,Diabetes(n=10),10,1024,0,MAE,0.6954547379357884,0.019380500001716428,ok
PermutationSamplingSV,Diabetes(n=10),10,1024,0,SSE,12.80259337054274,0.019380500001716428,ok
PermutationSamplingSV,Diabetes(n=10),10,1024,0,SAE,7.650002117293672,0.019380500001716428,ok
PermutationSamplingSV,Diabetes(n=10),10,1024,0,Precision@5,1.0,0.019380500001716428,ok
PermutationSamplingSV,Diabetes(n=10),10,1024,0,Precision@10,1.0,0.019380500001716428,ok
PermutationSamplingSV,Diabetes(n=10),10,1024,0,KendallTau,0.9545454545454546,0.019380500001716428,ok
PermutationSamplingSV,Diabetes(n=10),10,1024,0,L2_Norm_Error,0.0012175569360764072,0.019380500001716428,ok
KernelSHAP,Diabetes(n=10),10,1024,0,MSE,3.3890999093932065e-11,0.007078700000420213,ok
KernelSHAP,Diabetes(n=10),10,1024,0,MAE,5.061319753212195e-06,0.007078700000420213,ok
KernelSHAP,Diabetes(n=10),10,1024,0,SSE,3.728009900332527e-10,0.007078700000420213,ok
KernelSHAP,Diabetes(n=10),10,1024,0,SAE,5.567451728533415e-05,0.007078700000420213,ok
KernelSHAP,Diabetes(n=10),10,1024,0,Precision@5,1.0,0.007078700000420213,ok
KernelSHAP,Diabetes(n=10),10,1024,0,Precision@10,1.0,0.007078700000420213,ok
KernelSHAP,Diabetes(n=10),10,1024,0,KendallTau,0.9888264649460884,0.007078700000420213,ok
KernelSHAP,Diabetes(n=10),10,1024,0,L2_Norm_Error,3.545425665361861e-14,0.007078700000420213,ok
LeverageSHAP,Diabetes(n=10),10,1024,0,MSE,6.422260058659752e-27,0.009274999996705446,ok
LeverageSHAP,Diabetes(n=10),10,1024,0,MAE,6.645189449210937e-14,0.009274999996705446,ok
LeverageSHAP,Diabetes(n=10),10,1024,0,SSE,7.064486064525727e-26,0.009274999996705446,ok
LeverageSHAP,Diabetes(n=10),10,1024,0,SAE,7.309708394132031e-13,0.009274999996705446,ok
LeverageSHAP,Diabetes(n=10),10,1024,0,Precision@5,1.0,0.009274999996705446,ok
LeverageSHAP,Diabetes(n=10),10,1024,0,Precision@10,1.0,0.009274999996705446,ok
LeverageSHAP,Diabetes(n=10),10,1024,0,KendallTau,0.9888264649460884,0.009274999996705446,ok
LeverageSHAP,Diabetes(n=10),10,1024,0,L2_Norm_Error,6.718493479195598e-30,0.009274999996705446,ok
kADDSHAP,Diabetes(n=10),10,1024,0,MSE,7.616951109478011e-11,0.007109300000593066,ok
kADDSHAP,Diabetes(n=10),10,1024,0,MAE,6.949533161396821e-06,0.007109300000593066,ok
kADDSHAP,Diabetes(n=10),10,1024,0,SSE,8.378646220425813e-10,0.007109300000593066,ok
kADDSHAP,Diabetes(n=10),10,1024,0,SAE,7.644486477536503e-05,0.007109300000593066,ok
kADDSHAP,Diabetes(n=10),10,1024,0,Precision@5,1.0,0.007109300000593066,ok
kADDSHAP,Diabetes(n=10),10,1024,0,Precision@10,1.0,0.007109300000593066,ok
kADDSHAP,Diabetes(n=10),10,1024,0,KendallTau,0.9888264649460884,0.007109300000593066,ok
kADDSHAP,Diabetes(n=10),10,1024,0,L2_Norm_Error,7.968290896500879e-14,0.007109300000593066,ok
SPEX,Diabetes(n=10),10,1024,0,MSE,1250.5315680424915,0.670698200003244,ok
SPEX,Diabetes(n=10),10,1024,0,MAE,10.662314442047165,0.670698200003244,ok
SPEX,Diabetes(n=10),10,1024,0,SSE,13755.847248467406,0.670698200003244,ok
SPEX,Diabetes(n=10),10,1024,0,SAE,117.28545886251882,0.670698200003244,ok
SPEX,Diabetes(n=10),10,1024,0,Precision@5,1.0,0.670698200003244,ok
SPEX,Diabetes(n=10),10,1024,0,Precision@10,1.0,0.670698200003244,ok
SPEX,Diabetes(n=10),10,1024,0,KendallTau,1.0,0.670698200003244,ok
SPEX,Diabetes(n=10),10,1024,0,L2_Norm_Error,4.0069453736128223e-13,0.670698200003244,ok
RegressionMSR,Diabetes(n=10),10,1024,0,MSE,1.8929059444052954e-11,0.16164349999598926,ok
RegressionMSR,Diabetes(n=10),10,1024,0,MAE,3.377038777507973e-06,0.16164349999598926,ok
RegressionMSR,Diabetes(n=10),10,1024,0,SSE,2.082196538845825e-10,0.16164349999598926,ok
RegressionMSR,Diabetes(n=10),10,1024,0,SAE,3.71474265525877e-05,0.16164349999598926,ok
RegressionMSR,Diabetes(n=10),10,1024,0,Precision@5,1.0,0.16164349999598926,ok
RegressionMSR,Diabetes(n=10),10,1024,0,Precision@10,1.0,0.16164349999598926,ok
RegressionMSR,Diabetes(n=10),10,1024,0,KendallTau,0.9888264649460884,0.16164349999598926,ok
RegressionMSR,Diabetes(n=10),10,1024,0,L2_Norm_Error,1.9802181985871728e-14,0.16164349999598926,ok
ProxySPEX,Diabetes(n=10),10,1024,0,MSE,1263.6046414815805,5.342484699998749,ok
ProxySPEX,Diabetes(n=10),10,1024,0,MAE,12.776689767218217,5.342484699998749,ok
ProxySPEX,Diabetes(n=10),10,1024,0,SSE,13899.651056297385,5.342484699998749,ok
ProxySPEX,Diabetes(n=10),10,1024,0,SAE,140.5435874394004,5.342484699998749,ok
ProxySPEX,Diabetes(n=10),10,1024,0,Precision@5,1.0,5.342484699998749,ok
ProxySPEX,Diabetes(n=10),10,1024,0,Precision@10,1.0,5.342484699998749,ok
ProxySPEX,Diabetes(n=10),10,1024,0,KendallTau,0.8918825850158447,5.342484699998749,ok
ProxySPEX,Diabetes(n=10),10,1024,0,L2_Norm_Error,0.013676082540087668,5.342484699998749,ok
OddSHAP,Diabetes(n=10),10,1024,0,MSE,2.597228612125569e-26,0.07359459999861429,ok
OddSHAP,Diabetes(n=10),10,1024,0,MAE,9.870891982576392e-14,0.07359459999861429,ok
OddSHAP,Diabetes(n=10),10,1024,0,SSE,2.856951473338126e-25,0.07359459999861429,ok
OddSHAP,Diabetes(n=10),10,1024,0,SAE,1.085798118083403e-12,0.07359459999861429,ok
OddSHAP,Diabetes(n=10),10,1024,0,Precision@5,1.0,0.07359459999861429,ok
OddSHAP,Diabetes(n=10),10,1024,0,Precision@10,1.0,0.07359459999861429,ok
OddSHAP,Diabetes(n=10),10,1024,0,KendallTau,0.9888264649460884,0.07359459999861429,ok
OddSHAP,Diabetes(n=10),10,1024,0,L2_Norm_Error,2.717028481432651e-29,0.07359459999861429,ok
ShaplEIG,Diabetes(n=10),10,1024,0,_,,0.0,skipped:incompatible_constructor(ImportError)
PolySHAPKAdd,Diabetes(n=10),10,1024,0,MSE,2.0467354759097888e-27,0.006811899998865556,ok
PolySHAPKAdd,Diabetes(n=10),10,1024,0,MAE,3.342780597780471e-14,0.006811899998865556,ok
PolySHAPKAdd,Diabetes(n=10),10,1024,0,SSE,2.2514090235007677e-26,0.006811899998865556,ok
PolySHAPKAdd,Diabetes(n=10),10,1024,0,SAE,3.6770586575585185e-13,0.006811899998865556,ok
PolySHAPKAdd,Diabetes(n=10),10,1024,0,Precision@5,1.0,0.006811899998865556,ok
PolySHAPKAdd,Diabetes(n=10),10,1024,0,Precision@10,1.0,0.006811899998865556,ok
PolySHAPKAdd,Diabetes(n=10),10,1024,0,KendallTau,0.9888264649460884,0.006811899998865556,ok
PolySHAPKAdd,Diabetes(n=10),10,1024,0,L2_Norm_Error,2.141143277123518e-30,0.006811899998865556,ok
PolySHAPPartial,Diabetes(n=10),10,1024,0,MSE,2.0467354759097888e-27,0.006339200001093559,ok
PolySHAPPartial,Diabetes(n=10),10,1024,0,MAE,3.342780597780471e-14,0.006339200001093559,ok
PolySHAPPartial,Diabetes(n=10),10,1024,0,SSE,2.2514090235007677e-26,0.006339200001093559,ok
PolySHAPPartial,Diabetes(n=10),10,1024,0,SAE,3.6770586575585185e-13,0.006339200001093559,ok
PolySHAPPartial,Diabetes(n=10),10,1024,0,Precision@5,1.0,0.006339200001093559,ok
PolySHAPPartial,Diabetes(n=10),10,1024,0,Precision@10,1.0,0.006339200001093559,ok
PolySHAPPartial,Diabetes(n=10),10,1024,0,KendallTau,0.9888264649460884,0.006339200001093559,ok
PolySHAPPartial,Diabetes(n=10),10,1024,0,L2_Norm_Error,2.141143277123518e-30,0.006339200001093559,ok
OptimizedKernelSHAP,Diabetes(n=10),10,1024,0,MSE,3.3890999093932065e-11,0.007038999996439088,ok
OptimizedKernelSHAP,Diabetes(n=10),10,1024,0,MAE,5.061319753212195e-06,0.007038999996439088,ok
OptimizedKernelSHAP,Diabetes(n=10),10,1024,0,SSE,3.728009900332527e-10,0.007038999996439088,ok
OptimizedKernelSHAP,Diabetes(n=10),10,1024,0,SAE,5.567451728533415e-05,0.007038999996439088,ok
OptimizedKernelSHAP,Diabetes(n=10),10,1024,0,Precision@5,1.0,0.007038999996439088,ok
OptimizedKernelSHAP,Diabetes(n=10),10,1024,0,Precision@10,1.0,0.007038999996439088,ok
OptimizedKernelSHAP,Diabetes(n=10),10,1024,0,KendallTau,0.9888264649460884,0.007038999996439088,ok
OptimizedKernelSHAP,Diabetes(n=10),10,1024,0,L2_Norm_Error,3.545425665361861e-14,0.007038999996439088,ok
OwenSamplingSV,Diabetes(n=10),10,51,42,MSE,31.991329527974322,0.022299000003840774,ok
OwenSamplingSV,Diabetes(n=10),10,51,42,MAE,4.142679641635558,0.022299000003840774,ok
OwenSamplingSV,Diabetes(n=10),10,51,42,SSE,351.90462480771754,0.022299000003840774,ok
OwenSamplingSV,Diabetes(n=10),10,51,42,SAE,45.56947605799114,0.022299000003840774,ok
OwenSamplingSV,Diabetes(n=10),10,51,42,Precision@5,1.0,0.022299000003840774,ok
OwenSamplingSV,Diabetes(n=10),10,51,42,Precision@10,1.0,0.022299000003840774,ok
OwenSamplingSV,Diabetes(n=10),10,51,42,KendallTau,0.911111111111111,0.022299000003840774,ok
OwenSamplingSV,Diabetes(n=10),10,51,42,L2_Norm_Error,0.08376937419680586,0.022299000003840774,ok
StratifiedSamplingSV,Diabetes(n=10),10,51,42,MSE,18.84100161841209,0.02051519999804441,ok
StratifiedSamplingSV,Diabetes(n=10),10,51,42,MAE,3.449961767155367,0.02051519999804441,ok
StratifiedSamplingSV,Diabetes(n=10),10,51,42,SSE,207.25101780253297,0.02051519999804441,ok
StratifiedSamplingSV,Diabetes(n=10),10,51,42,SAE,37.94957943870904,0.02051519999804441,ok
StratifiedSamplingSV,Diabetes(n=10),10,51,42,Precision@5,1.0,0.02051519999804441,ok
StratifiedSamplingSV,Diabetes(n=10),10,51,42,Precision@10,1.0,0.02051519999804441,ok
StratifiedSamplingSV,Diabetes(n=10),10,51,42,KendallTau,0.8666666666666666,0.02051519999804441,ok
StratifiedSamplingSV,Diabetes(n=10),10,51,42,L2_Norm_Error,0.04933520857378772,0.02051519999804441,ok
SVARM,Diabetes(n=10),10,51,42,MSE,61.748012622584405,0.024235199998656753,ok
SVARM,Diabetes(n=10),10,51,42,MAE,5.834012940442336,0.024235199998656753,ok
SVARM,Diabetes(n=10),10,51,42,SSE,679.2281388484284,0.024235199998656753,ok
SVARM,Diabetes(n=10),10,51,42,SAE,64.1741423448657,0.024235199998656753,ok
SVARM,Diabetes(n=10),10,51,42,Precision@5,0.8,0.024235199998656753,ok
SVARM,Diabetes(n=10),10,51,42,Precision@10,1.0,0.024235199998656753,ok
SVARM,Diabetes(n=10),10,51,42,KendallTau,0.7777777777777777,0.024235199998656753,ok
SVARM,Diabetes(n=10),10,51,42,L2_Norm_Error,0.16168732127144858,0.024235199998656753,ok
UnbiasedKernelSHAP,Diabetes(n=10),10,51,42,MSE,90.76396271725467,0.006167799998365808,ok
UnbiasedKernelSHAP,Diabetes(n=10),10,51,42,MAE,7.7054494873614,0.006167799998365808,ok
UnbiasedKernelSHAP,Diabetes(n=10),10,51,42,SSE,998.4035898898013,0.006167799998365808,ok
UnbiasedKernelSHAP,Diabetes(n=10),10,51,42,SAE,84.7599443609754,0.006167799998365808,ok
UnbiasedKernelSHAP,Diabetes(n=10),10,51,42,Precision@5,0.8,0.006167799998365808,ok
UnbiasedKernelSHAP,Diabetes(n=10),10,51,42,Precision@10,1.0,0.006167799998365808,ok
UnbiasedKernelSHAP,Diabetes(n=10),10,51,42,KendallTau,0.8222222222222221,0.006167799998365808,ok
UnbiasedKernelSHAP,Diabetes(n=10),10,51,42,L2_Norm_Error,0.2376656571837099,0.006167799998365808,ok
PermutationSamplingSV,Diabetes(n=10),10,51,42,MSE,2.5317598644978645,0.0023050000017974526,ok
PermutationSamplingSV,Diabetes(n=10),10,51,42,MAE,1.1999538691356901,0.0023050000017974526,ok
PermutationSamplingSV,Diabetes(n=10),10,51,42,SSE,27.84935850947651,0.0023050000017974526,ok
PermutationSamplingSV,Diabetes(n=10),10,51,42,SAE,13.19949256049259,0.0023050000017974526,ok
PermutationSamplingSV,Diabetes(n=10),10,51,42,Precision@5,1.0,0.0023050000017974526,ok
PermutationSamplingSV,Diabetes(n=10),10,51,42,Precision@10,1.0,0.0023050000017974526,ok
PermutationSamplingSV,Diabetes(n=10),10,51,42,KendallTau,0.911111111111111,0.0023050000017974526,ok
PermutationSamplingSV,Diabetes(n=10),10,51,42,L2_Norm_Error,0.00662941936439755,0.0023050000017974526,ok
KernelSHAP,Diabetes(n=10),10,51,42,MSE,6.813298824869787,0.005706100004317705,ok
KernelSHAP,Diabetes(n=10),10,51,42,MAE,2.0480397393400738,0.005706100004317705,ok
KernelSHAP,Diabetes(n=10),10,51,42,SSE,74.94628707356766,0.005706100004317705,ok
KernelSHAP,Diabetes(n=10),10,51,42,SAE,22.528437132740812,0.005706100004317705,ok
KernelSHAP,Diabetes(n=10),10,51,42,Precision@5,0.8,0.005706100004317705,ok
KernelSHAP,Diabetes(n=10),10,51,42,Precision@10,1.0,0.005706100004317705,ok
KernelSHAP,Diabetes(n=10),10,51,42,KendallTau,0.911111111111111,0.005706100004317705,ok
KernelSHAP,Diabetes(n=10),10,51,42,L2_Norm_Error,0.01784063954816554,0.005706100004317705,ok
LeverageSHAP,Diabetes(n=10),10,51,42,MSE,0.5767864378687205,0.0020081999973626807,ok
LeverageSHAP,Diabetes(n=10),10,51,42,MAE,0.5759493128537915,0.0020081999973626807,ok
LeverageSHAP,Diabetes(n=10),10,51,42,SSE,6.344650816555926,0.0020081999973626807,ok
LeverageSHAP,Diabetes(n=10),10,51,42,SAE,6.335442441391707,0.0020081999973626807,ok
LeverageSHAP,Diabetes(n=10),10,51,42,Precision@5,1.0,0.0020081999973626807,ok
LeverageSHAP,Diabetes(n=10),10,51,42,Precision@10,1.0,0.0020081999973626807,ok
LeverageSHAP,Diabetes(n=10),10,51,42,KendallTau,0.9555555555555554,0.0020081999973626807,ok
LeverageSHAP,Diabetes(n=10),10,51,42,L2_Norm_Error,0.001510316690752645,0.0020081999973626807,ok
kADDSHAP,Diabetes(n=10),10,51,42,MSE,6.813299009110028,0.00668500000028871,ok
kADDSHAP,Diabetes(n=10),10,51,42,MAE,2.048039826701767,0.00668500000028871,ok
kADDSHAP,Diabetes(n=10),10,51,42,SSE,74.94628910021031,0.00668500000028871,ok
kADDSHAP,Diabetes(n=10),10,51,42,SAE,22.52843809371944,0.00668500000028871,ok
kADDSHAP,Diabetes(n=10),10,51,42,Precision@5,0.8,0.00668500000028871,ok
kADDSHAP,Diabetes(n=10),10,51,42,Precision@10,1.0,0.00668500000028871,ok
kADDSHAP,Diabetes(n=10),10,51,42,KendallTau,0.911111111111111,0.00668500000028871,ok
kADDSHAP,Diabetes(n=10),10,51,42,L2_Norm_Error,0.017840640030599063,0.00668500000028871,ok
SPEX,Diabetes(n=10),10,51,42,_,,0.2269086000014795,skipped:refused_regime(ValueError)
RegressionMSR,Diabetes(n=10),10,51,42,MSE,16.862626287587695,0.06681680000474444,ok
RegressionMSR,Diabetes(n=10),10,51,42,MAE,3.2680320879613607,0.06681680000474444,ok
RegressionMSR,Diabetes(n=10),10,51,42,SSE,185.48888916346465,0.06681680000474444,ok
RegressionMSR,Diabetes(n=10),10,51,42,SAE,35.94835296757497,0.06681680000474444,ok
RegressionMSR,Diabetes(n=10),10,51,42,Precision@5,1.0,0.06681680000474444,ok
RegressionMSR,Diabetes(n=10),10,51,42,Precision@10,1.0,0.06681680000474444,ok
RegressionMSR,Diabetes(n=10),10,51,42,KendallTau,0.9555555555555554,0.06681680000474444,ok
RegressionMSR,Diabetes(n=10),10,51,42,L2_Norm_Error,0.04415482795707591,0.06681680000474444,ok
ProxySPEX,Diabetes(n=10),10,51,42,MSE,1356.6428159548645,1.0909657000011066,ok
ProxySPEX,Diabetes(n=10),10,51,42,MAE,16.95349750458219,1.0909657000011066,ok
ProxySPEX,Diabetes(n=10),10,51,42,SSE,14923.07097550351,1.0909657000011066,ok
ProxySPEX,Diabetes(n=10),10,51,42,SAE,186.4884725504041,1.0909657000011066,ok
ProxySPEX,Diabetes(n=10),10,51,42,Precision@5,0.8,1.0909657000011066,ok
ProxySPEX,Diabetes(n=10),10,51,42,Precision@10,1.0,1.0909657000011066,ok
ProxySPEX,Diabetes(n=10),10,51,42,KendallTau,0.835467353046005,1.0909657000011066,ok
ProxySPEX,Diabetes(n=10),10,51,42,L2_Norm_Error,0.14668923497941788,1.0909657000011066,ok
OddSHAP,Diabetes(n=10),10,51,42,MSE,28.306056663793946,0.014199400000507012,ok
OddSHAP,Diabetes(n=10),10,51,42,MAE,3.8343360984153985,0.014199400000507012,ok
OddSHAP,Diabetes(n=10),10,51,42,SSE,311.3666233017334,0.014199400000507012,ok
OddSHAP,Diabetes(n=10),10,51,42,SAE,42.17769708256938,0.014199400000507012,ok
OddSHAP,Diabetes(n=10),10,51,42,Precision@5,0.8,0.014199400000507012,ok
OddSHAP,Diabetes(n=10),10,51,42,Precision@10,1.0,0.014199400000507012,ok
OddSHAP,Diabetes(n=10),10,51,42,KendallTau,0.835467353046005,0.014199400000507012,ok
OddSHAP,Diabetes(n=10),10,51,42,L2_Norm_Error,0.0741194782364985,0.014199400000507012,ok
ShaplEIG,Diabetes(n=10),10,51,42,_,,0.0,skipped:incompatible_constructor(ImportError)
PolySHAPKAdd,Diabetes(n=10),10,51,42,MSE,6.813297095338689,0.0050791000030585565,ok
PolySHAPKAdd,Diabetes(n=10),10,51,42,MAE,2.048039441003031,0.0050791000030585565,ok
PolySHAPKAdd,Diabetes(n=10),10,51,42,SSE,74.94626804872559,0.0050791000030585565,ok
PolySHAPKAdd,Diabetes(n=10),10,51,42,SAE,22.52843385103334,0.0050791000030585565,ok
PolySHAPKAdd,Diabetes(n=10),10,51,42,Precision@5,0.8,0.0050791000030585565,ok
PolySHAPKAdd,Diabetes(n=10),10,51,42,Precision@10,1.0,0.0050791000030585565,ok
PolySHAPKAdd,Diabetes(n=10),10,51,42,KendallTau,0.911111111111111,0.0050791000030585565,ok
PolySHAPKAdd,Diabetes(n=10),10,51,42,L2_Norm_Error,0.017840635019384158,0.0050791000030585565,ok
PolySHAPPartial,Diabetes(n=10),10,51,42,MSE,6.813297095338689,0.005367900004785042,ok
PolySHAPPartial,Diabetes(n=10),10,51,42,MAE,2.048039441003031,0.005367900004785042,ok
PolySHAPPartial,Diabetes(n=10),10,51,42,SSE,74.94626804872559,0.005367900004785042,ok
PolySHAPPartial,Diabetes(n=10),10,51,42,SAE,22.52843385103334,0.005367900004785042,ok
PolySHAPPartial,Diabetes(n=10),10,51,42,Precision@5,0.8,0.005367900004785042,ok
PolySHAPPartial,Diabetes(n=10),10,51,42,Precision@10,1.0,0.005367900004785042,ok
PolySHAPPartial,Diabetes(n=10),10,51,42,KendallTau,0.911111111111111,0.005367900004785042,ok
PolySHAPPartial,Diabetes(n=10),10,51,42,L2_Norm_Error,0.017840635019384158,0.005367900004785042,ok
OptimizedKernelSHAP,Diabetes(n=10),10,51,42,MSE,0.972241875651052,0.0038970000023255125,ok
OptimizedKernelSHAP,Diabetes(n=10),10,51,42,MAE,0.792312075752577,0.0038970000023255125,ok
OptimizedKernelSHAP,Diabetes(n=10),10,51,42,SSE,10.694660632161572,0.0038970000023255125,ok
OptimizedKernelSHAP,Diabetes(n=10),10,51,42,SAE,8.715432833278348,0.0038970000023255125,ok
OptimizedKernelSHAP,Diabetes(n=10),10,51,42,Precision@5,1.0,0.0038970000023255125,ok
OptimizedKernelSHAP,Diabetes(n=10),10,51,42,Precision@10,1.0,0.0038970000023255125,ok
OptimizedKernelSHAP,Diabetes(n=10),10,51,42,KendallTau,0.9999999999999999,0.0038970000023255125,ok
OptimizedKernelSHAP,Diabetes(n=10),10,51,42,L2_Norm_Error,0.002545817716640999,0.0038970000023255125,ok
OwenSamplingSV,Diabetes(n=10),10,256,42,MSE,5.623929885431701,0.10784609999973327,ok
OwenSamplingSV,Diabetes(n=10),10,256,42,MAE,1.7167067369513334,0.10784609999973327,ok
OwenSamplingSV,Diabetes(n=10),10,256,42,SSE,61.863228739748706,0.10784609999973327,ok
OwenSamplingSV,Diabetes(n=10),10,256,42,SAE,18.883774106464667,0.10784609999973327,ok
OwenSamplingSV,Diabetes(n=10),10,256,42,Precision@5,1.0,0.10784609999973327,ok
OwenSamplingSV,Diabetes(n=10),10,256,42,Precision@10,1.0,0.10784609999973327,ok
OwenSamplingSV,Diabetes(n=10),10,256,42,KendallTau,0.911111111111111,0.10784609999973327,ok
OwenSamplingSV,Diabetes(n=10),10,256,42,L2_Norm_Error,0.014726274086776233,0.10784609999973327,ok
StratifiedSamplingSV,Diabetes(n=10),10,256,42,MSE,2.966172172364266,0.0988398000044981,ok
StratifiedSamplingSV,Diabetes(n=10),10,256,42,MAE,1.245138937329491,0.0988398000044981,ok
StratifiedSamplingSV,Diabetes(n=10),10,256,42,SSE,32.627893896006924,0.0988398000044981,ok
StratifiedSamplingSV,Diabetes(n=10),10,256,42,SAE,13.696528310624402,0.0988398000044981,ok
StratifiedSamplingSV,Diabetes(n=10),10,256,42,Precision@5,1.0,0.0988398000044981,ok
StratifiedSamplingSV,Diabetes(n=10),10,256,42,Precision@10,1.0,0.0988398000044981,ok
StratifiedSamplingSV,Diabetes(n=10),10,256,42,KendallTau,0.9555555555555554,0.0988398000044981,ok
StratifiedSamplingSV,Diabetes(n=10),10,256,42,L2_Norm_Error,0.007766929049374462,0.0988398000044981,ok
SVARM,Diabetes(n=10),10,256,42,MSE,3.365082726940206,0.04474840000330005,ok
SVARM,Diabetes(n=10),10,256,42,MAE,1.580853381219397,0.04474840000330005,ok
SVARM,Diabetes(n=10),10,256,42,SSE,37.015909996342266,0.04474840000330005,ok
SVARM,Diabetes(n=10),10,256,42,SAE,17.389387193413366,0.04474840000330005,ok
SVARM,Diabetes(n=10),10,256,42,Precision@5,0.8,0.04474840000330005,ok
SVARM,Diabetes(n=10),10,256,42,Precision@10,1.0,0.04474840000330005,ok
SVARM,Diabetes(n=10),10,256,42,KendallTau,0.9555555555555554,0.04474840000330005,ok
SVARM,Diabetes(n=10),10,256,42,L2_Norm_Error,0.00881147730699241,0.04474840000330005,ok
UnbiasedKernelSHAP,Diabetes(n=10),10,256,42,MSE,10.036669684556916,0.02243799999996554,ok
UnbiasedKernelSHAP,Diabetes(n=10),10,256,42,MAE,2.604550312848328,0.02243799999996554,ok
UnbiasedKernelSHAP,Diabetes(n=10),10,256,42,SSE,110.40336653012608,0.02243799999996554,ok
UnbiasedKernelSHAP,Diabetes(n=10),10,256,42,SAE,28.650053441331607,0.02243799999996554,ok
UnbiasedKernelSHAP,Diabetes(n=10),10,256,42,Precision@5,0.8,0.02243799999996554,ok
UnbiasedKernelSHAP,Diabetes(n=10),10,256,42,Precision@10,1.0,0.02243799999996554,ok
UnbiasedKernelSHAP,Diabetes(n=10),10,256,42,KendallTau,0.911111111111111,0.02243799999996554,ok
UnbiasedKernelSHAP,Diabetes(n=10),10,256,42,L2_Norm_Error,0.026281043986002246,0.02243799999996554,ok
PermutationSamplingSV,Diabetes(n=10),10,256,42,MSE,1.9013271630383812,0.00647719999687979,ok
PermutationSamplingSV,Diabetes(n=10),10,256,42,MAE,1.02726431787444,0.00647719999687979,ok
PermutationSamplingSV,Diabetes(n=10),10,256,42,SSE,20.914598793422194,0.00647719999687979,ok
PermutationSamplingSV,Diabetes(n=10),10,256,42,SAE,11.29990749661884,0.00647719999687979,ok
PermutationSamplingSV,Diabetes(n=10),10,256,42,Precision@5,1.0,0.00647719999687979,ok
PermutationSamplingSV,Diabetes(n=10),10,256,42,Precision@10,1.0,0.00647719999687979,ok
PermutationSamplingSV,Diabetes(n=10),10,256,42,KendallTau,0.9555555555555554,0.00647719999687979,ok
PermutationSamplingSV,Diabetes(n=10),10,256,42,L2_Norm_Error,0.004978629801923038,0.00647719999687979,ok
KernelSHAP,Diabetes(n=10),10,256,42,MSE,1.7625620301207683,0.022442399997089524,ok
KernelSHAP,Diabetes(n=10),10,256,42,MAE,1.0296322093639414,0.022442399997089524,ok
KernelSHAP,Diabetes(n=10),10,256,42,SSE,19.38818233132845,0.022442399997089524,ok
KernelSHAP,Diabetes(n=10),10,256,42,SAE,11.325954303003355,0.022442399997089524,ok
KernelSHAP,Diabetes(n=10),10,256,42,Precision@5,1.0,0.022442399997089524,ok
KernelSHAP,Diabetes(n=10),10,256,42,Precision@10,1.0,0.022442399997089524,ok
KernelSHAP,Diabetes(n=10),10,256,42,KendallTau,0.9555555555555554,0.022442399997089524,ok
KernelSHAP,Diabetes(n=10),10,256,42,L2_Norm_Error,0.004615272963793496,0.022442399997089524,ok
LeverageSHAP,Diabetes(n=10),10,256,42,MSE,0.11443168088894694,0.003391300000657793,ok
LeverageSHAP,Diabetes(n=10),10,256,42,MAE,0.2516516174783758,0.003391300000657793,ok
LeverageSHAP,Diabetes(n=10),10,256,42,SSE,1.2587484897784162,0.003391300000657793,ok
LeverageSHAP,Diabetes(n=10),10,256,42,SAE,2.7681677922621333,0.003391300000657793,ok
LeverageSHAP,Diabetes(n=10),10,256,42,Precision@5,1.0,0.003391300000657793,ok
LeverageSHAP,Diabetes(n=10),10,256,42,Precision@10,1.0,0.003391300000657793,ok
LeverageSHAP,Diabetes(n=10),10,256,42,KendallTau,0.9999999999999999,0.003391300000657793,ok
LeverageSHAP,Diabetes(n=10),10,256,42,L2_Norm_Error,0.0002996396347945921,0.003391300000657793,ok
kADDSHAP,Diabetes(n=10),10,256,42,MSE,1.7625621751633593,0.022280199998931494,ok
kADDSHAP,Diabetes(n=10),10,256,42,MAE,1.0296324836021353,0.022280199998931494,ok
kADDSHAP,Diabetes(n=10),10,256,42,SSE,19.388183926796952,0.022280199998931494,ok
kADDSHAP,Diabetes(n=10),10,256,42,SAE,11.32595731962349,0.022280199998931494,ok
kADDSHAP,Diabetes(n=10),10,256,42,Precision@5,1.0,0.022280199998931494,ok
kADDSHAP,Diabetes(n=10),10,256,42,Precision@10,1.0,0.022280199998931494,ok
kADDSHAP,Diabetes(n=10),10,256,42,KendallTau,0.9555555555555554,0.022280199998931494,ok
kADDSHAP,Diabetes(n=10),10,256,42,L2_Norm_Error,0.004615273343587874,0.022280199998931494,ok
SPEX,Diabetes(n=10),10,256,42,_,,0.23220779999974184,skipped:refused_regime(ValueError)
RegressionMSR,Diabetes(n=10),10,256,42,MSE,0.4706792880276805,0.08164160000160336,ok
RegressionMSR,Diabetes(n=10),10,256,42,MAE,0.5292288327214358,0.08164160000160336,ok
RegressionMSR,Diabetes(n=10),10,256,42,SSE,5.177472168304486,0.08164160000160336,ok
RegressionMSR,Diabetes(n=10),10,256,42,SAE,5.821517159935794,0.08164160000160336,ok
RegressionMSR,Diabetes(n=10),10,256,42,Precision@5,1.0,0.08164160000160336,ok
RegressionMSR,Diabetes(n=10),10,256,42,Precision@10,1.0,0.08164160000160336,ok
RegressionMSR,Diabetes(n=10),10,256,42,KendallTau,0.9999999999999999,0.08164160000160336,ok
RegressionMSR,Diabetes(n=10),10,256,42,L2_Norm_Error,0.0012324748607587342,0.08164160000160336,ok
ProxySPEX,Diabetes(n=10),10,256,42,MSE,1302.4584502792122,2.4843021999986377,ok
ProxySPEX,Diabetes(n=10),10,256,42,MAE,11.837561626879255,2.4843021999986377,ok
ProxySPEX,Diabetes(n=10),10,256,42,SSE,14327.042953071335,2.4843021999986377,ok
ProxySPEX,Diabetes(n=10),10,256,42,SAE,130.2131778956718,2.4843021999986377,ok
ProxySPEX,Diabetes(n=10),10,256,42,Precision@5,1.0,2.4843021999986377,ok
ProxySPEX,Diabetes(n=10),10,256,42,Precision@10,1.0,2.4843021999986377,ok
ProxySPEX,Diabetes(n=10),10,256,42,KendallTau,0.9888264649460883,2.4843021999986377,ok
ProxySPEX,Diabetes(n=10),10,256,42,L2_Norm_Error,0.00480734163918647,2.4843021999986377,ok
OddSHAP,Diabetes(n=10),10,256,42,MSE,0.052069719100818916,0.043556600001465995,ok
OddSHAP,Diabetes(n=10),10,256,42,MAE,0.19579138792506748,0.043556600001465995,ok
OddSHAP,Diabetes(n=10),10,256,42,SSE,0.572766910109008,0.043556600001465995,ok
OddSHAP,Diabetes(n=10),10,256,42,SAE,2.1537052671757424,0.043556600001465995,ok
OddSHAP,Diabetes(n=10),10,256,42,Precision@5,1.0,0.043556600001465995,ok
OddSHAP,Diabetes(n=10),10,256,42,Precision@10,1.0,0.043556600001465995,ok
OddSHAP,Diabetes(n=10),10,256,42,KendallTau,0.9999999999999999,0.043556600001465995,ok
OddSHAP,Diabetes(n=10),10,256,42,L2_Norm_Error,0.00013634468613956535,0.043556600001465995,ok
ShaplEIG,Diabetes(n=10),10,256,42,_,,0.0,skipped:incompatible_constructor(ImportError)
PolySHAPKAdd,Diabetes(n=10),10,256,42,MSE,1.762562716865377,0.025377300000400282,ok
PolySHAPKAdd,Diabetes(n=10),10,256,42,MAE,1.0296321364103753,0.025377300000400282,ok
PolySHAPKAdd,Diabetes(n=10),10,256,42,SSE,19.388189885519147,0.025377300000400282,ok
PolySHAPKAdd,Diabetes(n=10),10,256,42,SAE,11.325953500514128,0.025377300000400282,ok
PolySHAPKAdd,Diabetes(n=10),10,256,42,Precision@5,1.0,0.025377300000400282,ok
PolySHAPKAdd,Diabetes(n=10),10,256,42,Precision@10,1.0,0.025377300000400282,ok
PolySHAPKAdd,Diabetes(n=10),10,256,42,KendallTau,0.9555555555555554,0.025377300000400282,ok
PolySHAPKAdd,Diabetes(n=10),10,256,42,L2_Norm_Error,0.004615274762035924,0.025377300000400282,ok
PolySHAPPartial,Diabetes(n=10),10,256,42,MSE,1.762562716865377,0.025354299999889918,ok
PolySHAPPartial,Diabetes(n=10),10,256,42,MAE,1.0296321364103753,0.025354299999889918,ok
PolySHAPPartial,Diabetes(n=10),10,256,42,SSE,19.388189885519147,0.025354299999889918,ok
PolySHAPPartial,Diabetes(n=10),10,256,42,SAE,11.325953500514128,0.025354299999889918,ok
PolySHAPPartial,Diabetes(n=10),10,256,42,Precision@5,1.0,0.025354299999889918,ok
PolySHAPPartial,Diabetes(n=10),10,256,42,Precision@10,1.0,0.025354299999889918,ok
PolySHAPPartial,Diabetes(n=10),10,256,42,KendallTau,0.9555555555555554,0.025354299999889918,ok
PolySHAPPartial,Diabetes(n=10),10,256,42,L2_Norm_Error,0.004615274762035924,0.025354299999889918,ok
OptimizedKernelSHAP,Diabetes(n=10),10,256,42,MSE,0.1486821975187419,0.014041200003703125,ok
OptimizedKernelSHAP,Diabetes(n=10),10,256,42,MAE,0.29251686717674014,0.014041200003703125,ok
OptimizedKernelSHAP,Diabetes(n=10),10,256,42,SSE,1.635504172706161,0.014041200003703125,ok
OptimizedKernelSHAP,Diabetes(n=10),10,256,42,SAE,3.217685538944141,0.014041200003703125,ok
OptimizedKernelSHAP,Diabetes(n=10),10,256,42,Precision@5,1.0,0.014041200003703125,ok
OptimizedKernelSHAP,Diabetes(n=10),10,256,42,Precision@10,1.0,0.014041200003703125,ok
OptimizedKernelSHAP,Diabetes(n=10),10,256,42,KendallTau,0.9555555555555554,0.014041200003703125,ok
OptimizedKernelSHAP,Diabetes(n=10),10,256,42,L2_Norm_Error,0.00038932469591361604,0.014041200003703125,ok
OwenSamplingSV,Diabetes(n=10),10,512,42,MSE,4.110854197784715,0.2592302000048221,ok
OwenSamplingSV,Diabetes(n=10),10,512,42,MAE,1.3664971190613584,0.2592302000048221,ok
OwenSamplingSV,Diabetes(n=10),10,512,42,SSE,45.21939617563186,0.2592302000048221,ok
OwenSamplingSV,Diabetes(n=10),10,512,42,SAE,15.031468309674942,0.2592302000048221,ok
OwenSamplingSV,Diabetes(n=10),10,512,42,Precision@5,1.0,0.2592302000048221,ok
OwenSamplingSV,Diabetes(n=10),10,512,42,Precision@10,1.0,0.2592302000048221,ok
OwenSamplingSV,Diabetes(n=10),10,512,42,KendallTau,0.911111111111111,0.2592302000048221,ok
OwenSamplingSV,Diabetes(n=10),10,512,42,L2_Norm_Error,0.010764281717695239,0.2592302000048221,ok
StratifiedSamplingSV,Diabetes(n=10),10,512,42,MSE,0.6116484115212373,0.2576864000002388,ok
StratifiedSamplingSV,Diabetes(n=10),10,512,42,MAE,0.6057158053179342,0.2576864000002388,ok
StratifiedSamplingSV,Diabetes(n=10),10,512,42,SSE,6.72813252673361,0.2576864000002388,ok
StratifiedSamplingSV,Diabetes(n=10),10,512,42,SAE,6.662873858497277,0.2576864000002388,ok
StratifiedSamplingSV,Diabetes(n=10),10,512,42,Precision@5,1.0,0.2576864000002388,ok
StratifiedSamplingSV,Diabetes(n=10),10,512,42,Precision@10,1.0,0.2576864000002388,ok
StratifiedSamplingSV,Diabetes(n=10),10,512,42,KendallTau,0.9999999999999999,0.2576864000002388,ok
StratifiedSamplingSV,Diabetes(n=10),10,512,42,L2_Norm_Error,0.0016016028535732055,0.2576864000002388,ok
SVARM,Diabetes(n=10),10,512,42,MSE,1.6183373955247562,0.07035950000135927,ok
SVARM,Diabetes(n=10),10,512,42,MAE,0.847999688077188,0.07035950000135927,ok
SVARM,Diabetes(n=10),10,512,42,SSE,17.80171135077232,0.07035950000135927,ok
SVARM,Diabetes(n=10),10,512,42,SAE,9.327996568849068,0.07035950000135927,ok
SVARM,Diabetes(n=10),10,512,42,Precision@5,1.0,0.07035950000135927,ok
SVARM,Diabetes(n=10),10,512,42,Precision@10,1.0,0.07035950000135927,ok
SVARM,Diabetes(n=10),10,512,42,KendallTau,0.9999999999999999,0.07035950000135927,ok
SVARM,Diabetes(n=10),10,512,42,L2_Norm_Error,0.004237620407237309,0.07035950000135927,ok
UnbiasedKernelSHAP,Diabetes(n=10),10,512,42,MSE,2.6302753851319554,0.038125599996419623,ok
UnbiasedKernelSHAP,Diabetes(n=10),10,512,42,MAE,1.2183882966657802,0.038125599996419623,ok
UnbiasedKernelSHAP,Diabetes(n=10),10,512,42,SSE,28.933029236451507,0.038125599996419623,ok
UnbiasedKernelSHAP,Diabetes(n=10),10,512,42,SAE,13.402271263323582,0.038125599996419623,ok
UnbiasedKernelSHAP,Diabetes(n=10),10,512,42,Precision@5,1.0,0.038125599996419623,ok
UnbiasedKernelSHAP,Diabetes(n=10),10,512,42,Precision@10,1.0,0.038125599996419623,ok
UnbiasedKernelSHAP,Diabetes(n=10),10,512,42,KendallTau,0.9999999999999999,0.038125599996419623,ok
UnbiasedKernelSHAP,Diabetes(n=10),10,512,42,L2_Norm_Error,0.006887382494844315,0.038125599996419623,ok
PermutationSamplingSV,Diabetes(n=10),10,512,42,MSE,0.8572008958348839,0.010980399994878098,ok
PermutationSamplingSV,Diabetes(n=10),10,512,42,MAE,0.6966907099384009,0.010980399994878098,ok
PermutationSamplingSV,Diabetes(n=10),10,512,42,SSE,9.429209854183723,0.010980399994878098,ok
PermutationSamplingSV,Diabetes(n=10),10,512,42,SAE,7.663597809322409,0.010980399994878098,ok
PermutationSamplingSV,Diabetes(n=10),10,512,42,Precision@5,1.0,0.010980399994878098,ok
PermutationSamplingSV,Diabetes(n=10),10,512,42,Precision@10,1.0,0.010980399994878098,ok
PermutationSamplingSV,Diabetes(n=10),10,512,42,KendallTau,0.9999999999999999,0.010980399994878098,ok
PermutationSamplingSV,Diabetes(n=10),10,512,42,L2_Norm_Error,0.0022445826311231895,0.010980399994878098,ok
KernelSHAP,Diabetes(n=10),10,512,42,MSE,0.2023084009452824,0.035015699999348726,ok
KernelSHAP,Diabetes(n=10),10,512,42,MAE,0.3666303153179688,0.035015699999348726,ok
KernelSHAP,Diabetes(n=10),10,512,42,SSE,2.2253924103981064,0.035015699999348726,ok
KernelSHAP,Diabetes(n=10),10,512,42,SAE,4.0329334684976565,0.035015699999348726,ok
KernelSHAP,Diabetes(n=10),10,512,42,Precision@5,1.0,0.035015699999348726,ok
KernelSHAP,Diabetes(n=10),10,512,42,Precision@10,1.0,0.035015699999348726,ok
KernelSHAP,Diabetes(n=10),10,512,42,KendallTau,0.9999999999999999,0.035015699999348726,ok
KernelSHAP,Diabetes(n=10),10,512,42,L2_Norm_Error,0.0005297450400466643,0.035015699999348726,ok
LeverageSHAP,Diabetes(n=10),10,512,42,MSE,0.018704261495816808,0.005610200001683552,ok
LeverageSHAP,Diabetes(n=10),10,512,42,MAE,0.09906713191061184,0.005610200001683552,ok
LeverageSHAP,Diabetes(n=10),10,512,42,SSE,0.2057468764539849,0.005610200001683552,ok
LeverageSHAP,Diabetes(n=10),10,512,42,SAE,1.0897384510167303,0.005610200001683552,ok
LeverageSHAP,Diabetes(n=10),10,512,42,Precision@5,1.0,0.005610200001683552,ok
LeverageSHAP,Diabetes(n=10),10,512,42,Precision@10,1.0,0.005610200001683552,ok
LeverageSHAP,Diabetes(n=10),10,512,42,KendallTau,0.9999999999999999,0.005610200001683552,ok
LeverageSHAP,Diabetes(n=10),10,512,42,L2_Norm_Error,4.897715423011361e-05,0.005610200001683552,ok
kADDSHAP,Diabetes(n=10),10,512,42,MSE,0.2023086687529851,0.03813230000378098,ok
kADDSHAP,Diabetes(n=10),10,512,42,MAE,0.36663092519771007,0.03813230000378098,ok
kADDSHAP,Diabetes(n=10),10,512,42,SSE,2.225395356282836,0.03813230000378098,ok
kADDSHAP,Diabetes(n=10),10,512,42,SAE,4.032940177174811,0.03813230000378098,ok
kADDSHAP,Diabetes(n=10),10,512,42,Precision@5,1.0,0.03813230000378098,ok
kADDSHAP,Diabetes(n=10),10,512,42,Precision@10,1.0,0.03813230000378098,ok
kADDSHAP,Diabetes(n=10),10,512,42,KendallTau,0.9999999999999999,0.03813230000378098,ok
kADDSHAP,Diabetes(n=10),10,512,42,L2_Norm_Error,0.0005297457413017853,0.03813230000378098,ok
SPEX,Diabetes(n=10),10,512,42,MSE,1300.62253766811,1.5769875999976648,ok
SPEX,Diabetes(n=10),10,512,42,MAE,10.87375990330018,1.5769875999976648,ok
SPEX,Diabetes(n=10),10,512,42,SSE,14306.84791434921,1.5769875999976648,ok
SPEX,Diabetes(n=10),10,512,42,SAE,119.61135893630197,1.5769875999976648,ok
SPEX,Diabetes(n=10),10,512,42,Precision@5,1.0,1.5769875999976648,ok
SPEX,Diabetes(n=10),10,512,42,Precision@10,1.0,1.5769875999976648,ok
SPEX,Diabetes(n=10),10,512,42,KendallTau,0.9999999999999999,1.5769875999976648,ok
SPEX,Diabetes(n=10),10,512,42,L2_Norm_Error,6.465648414477095e-13,1.5769875999976648,ok
RegressionMSR,Diabetes(n=10),10,512,42,MSE,0.008700269381988888,0.10283090000302764,ok
RegressionMSR,Diabetes(n=10),10,512,42,MAE,0.07487790724173878,0.10283090000302764,ok
RegressionMSR,Diabetes(n=10),10,512,42,SSE,0.09570296320187777,0.10283090000302764,ok
RegressionMSR,Diabetes(n=10),10,512,42,SAE,0.8236569796591265,0.10283090000302764,ok
RegressionMSR,Diabetes(n=10),10,512,42,Precision@5,1.0,0.10283090000302764,ok
RegressionMSR,Diabetes(n=10),10,512,42,Precision@10,1.0,0.10283090000302764,ok
RegressionMSR,Diabetes(n=10),10,512,42,KendallTau,0.9999999999999999,0.10283090000302764,ok
RegressionMSR,Diabetes(n=10),10,512,42,L2_Norm_Error,2.278167654256251e-05,0.10283090000302764,ok
ProxySPEX,Diabetes(n=10),10,512,42,MSE,1302.3612533415064,3.3306414000035147,ok
ProxySPEX,Diabetes(n=10),10,512,42,MAE,11.808346384077844,3.3306414000035147,ok
ProxySPEX,Diabetes(n=10),10,512,42,SSE,14325.973786756571,3.3306414000035147,ok
ProxySPEX,Diabetes(n=10),10,512,42,SAE,129.89181022485627,3.3306414000035147,ok
ProxySPEX,Diabetes(n=10),10,512,42,Precision@5,1.0,3.3306414000035147,ok
ProxySPEX,Diabetes(n=10),10,512,42,Precision@10,1.0,3.3306414000035147,ok
ProxySPEX,Diabetes(n=10),10,512,42,KendallTau,0.9888264649460883,3.3306414000035147,ok
ProxySPEX,Diabetes(n=10),10,512,42,L2_Norm_Error,0.004552831221344795,3.3306414000035147,ok
OddSHAP,Diabetes(n=10),10,512,42,MSE,6.686029076807513e-13,0.06122679999680258,ok
OddSHAP,Diabetes(n=10),10,512,42,MAE,6.916973691998991e-07,0.06122679999680258,ok
OddSHAP,Diabetes(n=10),10,512,42,SSE,7.354631984488264e-12,0.06122679999680258,ok
OddSHAP,Diabetes(n=10),10,512,42,SAE,7.608671061198891e-06,0.06122679999680258,ok
OddSHAP,Diabetes(n=10),10,512,42,Precision@5,1.0,0.06122679999680258,ok
OddSHAP,Diabetes(n=10),10,512,42,Precision@10,1.0,0.06122679999680258,ok
OddSHAP,Diabetes(n=10),10,512,42,KendallTau,0.9999999999999999,0.06122679999680258,ok
OddSHAP,Diabetes(n=10),10,512,42,L2_Norm_Error,1.7507383403245421e-15,0.06122679999680258,ok
ShaplEIG,Diabetes(n=10),10,512,42,_,,0.0,skipped:incompatible_constructor(ImportError)
PolySHAPKAdd,Diabetes(n=10),10,512,42,MSE,0.20230776533511863,0.03790060000028461,ok
PolySHAPKAdd,Diabetes(n=10),10,512,42,MAE,0.3666290300932213,0.03790060000028461,ok
PolySHAPKAdd,Diabetes(n=10),10,512,42,SSE,2.225385418686305,0.03790060000028461,ok
PolySHAPKAdd,Diabetes(n=10),10,512,42,SAE,4.032919331025434,0.03790060000028461,ok
PolySHAPKAdd,Diabetes(n=10),10,512,42,Precision@5,1.0,0.03790060000028461,ok
PolySHAPKAdd,Diabetes(n=10),10,512,42,Precision@10,1.0,0.03790060000028461,ok
PolySHAPKAdd,Diabetes(n=10),10,512,42,KendallTau,0.9999999999999999,0.03790060000028461,ok
PolySHAPKAdd,Diabetes(n=10),10,512,42,L2_Norm_Error,0.0005297433756999042,0.03790060000028461,ok
PolySHAPPartial,Diabetes(n=10),10,512,42,MSE,0.20230776533511863,0.035845400001562666,ok
PolySHAPPartial,Diabetes(n=10),10,512,42,MAE,0.3666290300932213,0.035845400001562666,ok
PolySHAPPartial,Diabetes(n=10),10,512,42,SSE,2.225385418686305,0.035845400001562666,ok
PolySHAPPartial,Diabetes(n=10),10,512,42,SAE,4.032919331025434,0.035845400001562666,ok
PolySHAPPartial,Diabetes(n=10),10,512,42,Precision@5,1.0,0.035845400001562666,ok
PolySHAPPartial,Diabetes(n=10),10,512,42,Precision@10,1.0,0.035845400001562666,ok
PolySHAPPartial,Diabetes(n=10),10,512,42,KendallTau,0.9999999999999999,0.035845400001562666,ok
PolySHAPPartial,Diabetes(n=10),10,512,42,L2_Norm_Error,0.0005297433756999042,0.035845400001562666,ok
OptimizedKernelSHAP,Diabetes(n=10),10,512,42,MSE,0.03653086061579075,0.02220629999646917,ok
OptimizedKernelSHAP,Diabetes(n=10),10,512,42,MAE,0.1386269650565954,0.02220629999646917,ok
OptimizedKernelSHAP,Diabetes(n=10),10,512,42,SSE,0.40183946677369825,0.02220629999646917,ok
OptimizedKernelSHAP,Diabetes(n=10),10,512,42,SAE,1.5248966156225496,0.02220629999646917,ok
OptimizedKernelSHAP,Diabetes(n=10),10,512,42,Precision@5,1.0,0.02220629999646917,ok
OptimizedKernelSHAP,Diabetes(n=10),10,512,42,Precision@10,1.0,0.02220629999646917,ok
OptimizedKernelSHAP,Diabetes(n=10),10,512,42,KendallTau,0.9999999999999999,0.02220629999646917,ok
OptimizedKernelSHAP,Diabetes(n=10),10,512,42,L2_Norm_Error,9.565614739392489e-05,0.02220629999646917,ok
OwenSamplingSV,Diabetes(n=10),10,1024,42,MSE,1.0580847143025787,0.42628289999993285,ok
OwenSamplingSV,Diabetes(n=10),10,1024,42,MAE,0.7021874764402607,0.42628289999993285,ok
OwenSamplingSV,Diabetes(n=10),10,1024,42,SSE,11.638931857328366,0.42628289999993285,ok
OwenSamplingSV,Diabetes(n=10),10,1024,42,SAE,7.724062240842867,0.42628289999993285,ok
OwenSamplingSV,Diabetes(n=10),10,1024,42,Precision@5,1.0,0.42628289999993285,ok
OwenSamplingSV,Diabetes(n=10),10,1024,42,Precision@10,1.0,0.42628289999993285,ok
OwenSamplingSV,Diabetes(n=10),10,1024,42,KendallTau,0.9555555555555554,0.42628289999993285,ok
OwenSamplingSV,Diabetes(n=10),10,1024,42,L2_Norm_Error,0.0027705973984865975,0.42628289999993285,ok
StratifiedSamplingSV,Diabetes(n=10),10,1024,42,MSE,0.24602443258530826,0.40615699999762,ok
StratifiedSamplingSV,Diabetes(n=10),10,1024,42,MAE,0.3716381003639891,0.40615699999762,ok
StratifiedSamplingSV,Diabetes(n=10),10,1024,42,SSE,2.706268758438391,0.40615699999762,ok
StratifiedSamplingSV,Diabetes(n=10),10,1024,42,SAE,4.08801910400388,0.40615699999762,ok
StratifiedSamplingSV,Diabetes(n=10),10,1024,42,Precision@5,1.0,0.40615699999762,ok
StratifiedSamplingSV,Diabetes(n=10),10,1024,42,Precision@10,1.0,0.40615699999762,ok
StratifiedSamplingSV,Diabetes(n=10),10,1024,42,KendallTau,0.9999999999999999,0.40615699999762,ok
StratifiedSamplingSV,Diabetes(n=10),10,1024,42,L2_Norm_Error,0.0006442155752474755,0.40615699999762,ok
SVARM,Diabetes(n=10),10,1024,42,MSE,2.6469869101552316e-28,0.04698360000475077,ok
SVARM,Diabetes(n=10),10,1024,42,MAE,1.2192267397701719e-14,0.04698360000475077,ok
SVARM,Diabetes(n=10),10,1024,42,SSE,2.9116856011707546e-27,0.04698360000475077,ok
SVARM,Diabetes(n=10),10,1024,42,SAE,1.341149413747189e-13,0.04698360000475077,ok
SVARM,Diabetes(n=10),10,1024,42,Precision@5,1.0,0.04698360000475077,ok
SVARM,Diabetes(n=10),10,1024,42,Precision@10,1.0,0.04698360000475077,ok
SVARM,Diabetes(n=10),10,1024,42,KendallTau,0.9999999999999999,0.04698360000475077,ok
SVARM,Diabetes(n=10),10,1024,42,L2_Norm_Error,6.9311416637731955e-31,0.04698360000475077,ok
UnbiasedKernelSHAP,Diabetes(n=10),10,1024,42,MSE,2.6469869101552316e-28,0.008933600001910236,ok
UnbiasedKernelSHAP,Diabetes(n=10),10,1024,42,MAE,1.2192267397701719e-14,0.008933600001910236,ok
UnbiasedKernelSHAP,Diabetes(n=10),10,1024,42,SSE,2.9116856011707546e-27,0.008933600001910236,ok
UnbiasedKernelSHAP,Diabetes(n=10),10,1024,42,SAE,1.341149413747189e-13,0.008933600001910236,ok
UnbiasedKernelSHAP,Diabetes(n=10),10,1024,42,Precision@5,1.0,0.008933600001910236,ok
UnbiasedKernelSHAP,Diabetes(n=10),10,1024,42,Precision@10,1.0,0.008933600001910236,ok
UnbiasedKernelSHAP,Diabetes(n=10),10,1024,42,KendallTau,0.9999999999999999,0.008933600001910236,ok
UnbiasedKernelSHAP,Diabetes(n=10),10,1024,42,L2_Norm_Error,6.9311416637731955e-31,0.008933600001910236,ok
PermutationSamplingSV,Diabetes(n=10),10,1024,42,MSE,0.29980306589182554,0.01925150000170106,ok
PermutationSamplingSV,Diabetes(n=10),10,1024,42,MAE,0.4125653817355982,0.01925150000170106,ok
PermutationSamplingSV,Diabetes(n=10),10,1024,42,SSE,3.297833724810081,0.01925150000170106,ok
PermutationSamplingSV,Diabetes(n=10),10,1024,42,SAE,4.53821919909158,0.01925150000170106,ok
PermutationSamplingSV,Diabetes(n=10),10,1024,42,Precision@5,1.0,0.01925150000170106,ok
PermutationSamplingSV,Diabetes(n=10),10,1024,42,Precision@10,1.0,0.01925150000170106,ok
PermutationSamplingSV,Diabetes(n=10),10,1024,42,KendallTau,0.9999999999999999,0.01925150000170106,ok
PermutationSamplingSV,Diabetes(n=10),10,1024,42,L2_Norm_Error,0.0007850350573920708,0.01925150000170106,ok
KernelSHAP,Diabetes(n=10),10,1024,42,MSE,1.0541466928315717e-11,0.008042699999350589,ok
KernelSHAP,Diabetes(n=10),10,1024,42,MAE,2.4343078663124926e-06,0.008042699999350589,ok
KernelSHAP,Diabetes(n=10),10,1024,42,SSE,1.1595613621147288e-10,0.008042699999350589,ok
KernelSHAP,Diabetes(n=10),10,1024,42,SAE,2.677738652943742e-05,0.008042699999350589,ok
KernelSHAP,Diabetes(n=10),10,1024,42,Precision@5,1.0,0.008042699999350589,ok
KernelSHAP,Diabetes(n=10),10,1024,42,Precision@10,1.0,0.008042699999350589,ok
KernelSHAP,Diabetes(n=10),10,1024,42,KendallTau,0.9999999999999999,0.008042699999350589,ok
KernelSHAP,Diabetes(n=10),10,1024,42,L2_Norm_Error,2.7602856796844333e-14,0.008042699999350589,ok
LeverageSHAP,Diabetes(n=10),10,1024,42,MSE,9.124252088297212e-27,0.00939989999460522,ok
LeverageSHAP,Diabetes(n=10),10,1024,42,MAE,7.896713586061113e-14,0.00939989999460522,ok
LeverageSHAP,Diabetes(n=10),10,1024,42,SSE,1.0036677297126933e-25,0.00939989999460522,ok
LeverageSHAP,Diabetes(n=10),10,1024,42,SAE,8.686384944667225e-13,0.00939989999460522,ok
LeverageSHAP,Diabetes(n=10),10,1024,42,Precision@5,1.0,0.00939989999460522,ok
LeverageSHAP,Diabetes(n=10),10,1024,42,Precision@10,1.0,0.00939989999460522,ok
LeverageSHAP,Diabetes(n=10),10,1024,42,KendallTau,0.9999999999999999,0.00939989999460522,ok
LeverageSHAP,Diabetes(n=10),10,1024,42,L2_Norm_Error,2.3891876290486687e-29,0.00939989999460522,ok
kADDSHAP,Diabetes(n=10),10,1024,42,MSE,1.829037830085706e-11,0.007915100002719555,ok
kADDSHAP,Diabetes(n=10),10,1024,42,MAE,3.217301047550529e-06,0.007915100002719555,ok
kADDSHAP,Diabetes(n=10),10,1024,42,SSE,2.0119416130942766e-10,0.007915100002719555,ok
kADDSHAP,Diabetes(n=10),10,1024,42,SAE,3.539031152305582e-05,0.007915100002719555,ok
kADDSHAP,Diabetes(n=10),10,1024,42,Precision@5,1.0,0.007915100002719555,ok
kADDSHAP,Diabetes(n=10),10,1024,42,Precision@10,1.0,0.007915100002719555,ok
kADDSHAP,Diabetes(n=10),10,1024,42,KendallTau,0.9999999999999999,0.007915100002719555,ok
kADDSHAP,Diabetes(n=10),10,1024,42,L2_Norm_Error,4.789340007722553e-14,0.007915100002719555,ok
SPEX,Diabetes(n=10),10,1024,42,MSE,1300.6225376686423,0.9278839000035077,ok
SPEX,Diabetes(n=10),10,1024,42,MAE,10.873771274253496,0.9278839000035077,ok
SPEX,Diabetes(n=10),10,1024,42,SSE,14306.847914355065,0.9278839000035077,ok
SPEX,Diabetes(n=10),10,1024,42,SAE,119.61148401678845,0.9278839000035077,ok
SPEX,Diabetes(n=10),10,1024,42,Precision@5,1.0,0.9278839000035077,ok
SPEX,Diabetes(n=10),10,1024,42,Precision@10,1.0,0.9278839000035077,ok
SPEX,Diabetes(n=10),10,1024,42,KendallTau,0.9999999999999999,0.9278839000035077,ok
SPEX,Diabetes(n=10),10,1024,42,L2_Norm_Error,2.040500869089872e-12,0.9278839000035077,ok
RegressionMSR,Diabetes(n=10),10,1024,42,MSE,5.5646903929353e-12,0.08398640000086743,ok
RegressionMSR,Diabetes(n=10),10,1024,42,MAE,1.7034818506497716e-06,0.08398640000086743,ok
RegressionMSR,Diabetes(n=10),10,1024,42,SSE,6.12115943222883e-11,0.08398640000086743,ok
RegressionMSR,Diabetes(n=10),10,1024,42,SAE,1.8738300357147488e-05,0.08398640000086743,ok
RegressionMSR,Diabetes(n=10),10,1024,42,Precision@5,1.0,0.08398640000086743,ok
RegressionMSR,Diabetes(n=10),10,1024,42,Precision@10,1.0,0.08398640000086743,ok
RegressionMSR,Diabetes(n=10),10,1024,42,KendallTau,0.9999999999999999,0.08398640000086743,ok
RegressionMSR,Diabetes(n=10),10,1024,42,L2_Norm_Error,1.4571155331557868e-14,0.08398640000086743,ok
ProxySPEX,Diabetes(n=10),10,1024,42,MSE,1302.3357207939646,4.900698700002977,ok
ProxySPEX,Diabetes(n=10),10,1024,42,MAE,11.738610122047909,4.900698700002977,ok
ProxySPEX,Diabetes(n=10),10,1024,42,SSE,14325.692928733612,4.900698700002977,ok
ProxySPEX,Diabetes(n=10),10,1024,42,SAE,129.124711342527,4.900698700002977,ok
ProxySPEX,Diabetes(n=10),10,1024,42,Precision@5,1.0,4.900698700002977,ok
ProxySPEX,Diabetes(n=10),10,1024,42,Precision@10,1.0,4.900698700002977,ok
ProxySPEX,Diabetes(n=10),10,1024,42,KendallTau,0.9888264649460883,4.900698700002977,ok
ProxySPEX,Diabetes(n=10),10,1024,42,L2_Norm_Error,0.004485974183491158,4.900698700002977,ok
OddSHAP,Diabetes(n=10),10,1024,42,MSE,1.799408042688293e-27,0.08503820000623818,ok
OddSHAP,Diabetes(n=10),10,1024,42,MAE,3.690734586634583e-14,0.08503820000623818,ok
OddSHAP,Diabetes(n=10),10,1024,42,SSE,1.9793488469571224e-26,0.08503820000623818,ok
OddSHAP,Diabetes(n=10),10,1024,42,SAE,4.059808045298041e-13,0.08503820000623818,ok
OddSHAP,Diabetes(n=10),10,1024,42,Precision@5,1.0,0.08503820000623818,ok
OddSHAP,Diabetes(n=10),10,1024,42,Precision@10,1.0,0.08503820000623818,ok
OddSHAP,Diabetes(n=10),10,1024,42,KendallTau,0.9999999999999999,0.08503820000623818,ok
OddSHAP,Diabetes(n=10),10,1024,42,L2_Norm_Error,4.711754337339731e-30,0.08503820000623818,ok
ShaplEIG,Diabetes(n=10),10,1024,42,_,,0.0,skipped:incompatible_constructor(ImportError)
PolySHAPKAdd,Diabetes(n=10),10,1024,42,MSE,3.3072529650932934e-14,0.006457000003138091,ok
PolySHAPKAdd,Diabetes(n=10),10,1024,42,MAE,1.7339531725597948e-07,0.006457000003138091,ok
PolySHAPKAdd,Diabetes(n=10),10,1024,42,SSE,3.6379782616026226e-13,0.006457000003138091,ok
PolySHAPKAdd,Diabetes(n=10),10,1024,42,SAE,1.9073484898157744e-06,0.006457000003138091,ok
PolySHAPKAdd,Diabetes(n=10),10,1024,42,Precision@5,1.0,0.006457000003138091,ok
PolySHAPKAdd,Diabetes(n=10),10,1024,42,Precision@10,1.0,0.006457000003138091,ok
PolySHAPKAdd,Diabetes(n=10),10,1024,42,KendallTau,0.9999999999999999,0.006457000003138091,ok
PolySHAPKAdd,Diabetes(n=10),10,1024,42,L2_Norm_Error,8.660049934909293e-17,0.006457000003138091,ok
PolySHAPPartial,Diabetes(n=10),10,1024,42,MSE,3.3072529650932934e-14,0.0065850000028149225,ok
PolySHAPPartial,Diabetes(n=10),10,1024,42,MAE,1.7339531725597948e-07,0.0065850000028149225,ok
PolySHAPPartial,Diabetes(n=10),10,1024,42,SSE,3.6379782616026226e-13,0.0065850000028149225,ok
PolySHAPPartial,Diabetes(n=10),10,1024,42,SAE,1.9073484898157744e-06,0.0065850000028149225,ok
PolySHAPPartial,Diabetes(n=10),10,1024,42,Precision@5,1.0,0.0065850000028149225,ok
PolySHAPPartial,Diabetes(n=10),10,1024,42,Precision@10,1.0,0.0065850000028149225,ok
PolySHAPPartial,Diabetes(n=10),10,1024,42,KendallTau,0.9999999999999999,0.0065850000028149225,ok
PolySHAPPartial,Diabetes(n=10),10,1024,42,L2_Norm_Error,8.660049934909293e-17,0.0065850000028149225,ok
OptimizedKernelSHAP,Diabetes(n=10),10,1024,42,MSE,1.0541466928315717e-11,0.008331400000315625,ok
OptimizedKernelSHAP,Diabetes(n=10),10,1024,42,MAE,2.4343078663124926e-06,0.008331400000315625,ok
OptimizedKernelSHAP,Diabetes(n=10),10,1024,42,SSE,1.1595613621147288e-10,0.008331400000315625,ok
OptimizedKernelSHAP,Diabetes(n=10),10,1024,42,SAE,2.677738652943742e-05,0.008331400000315625,ok
OptimizedKernelSHAP,Diabetes(n=10),10,1024,42,Precision@5,1.0,0.008331400000315625,ok
OptimizedKernelSHAP,Diabetes(n=10),10,1024,42,Precision@10,1.0,0.008331400000315625,ok
OptimizedKernelSHAP,Diabetes(n=10),10,1024,42,KendallTau,0.9999999999999999,0.008331400000315625,ok
OptimizedKernelSHAP,Diabetes(n=10),10,1024,42,L2_Norm_Error,2.7602856796844333e-14,0.008331400000315625,ok
OwenSamplingSV,Diabetes(n=10),10,51,1337,MSE,32.38286985310774,0.02292209999723127,ok
OwenSamplingSV,Diabetes(n=10),10,51,1337,MAE,4.573227184039004,0.02292209999723127,ok
OwenSamplingSV,Diabetes(n=10),10,51,1337,SSE,356.21156838418517,0.02292209999723127,ok
OwenSamplingSV,Diabetes(n=10),10,51,1337,SAE,50.30549902442904,0.02292209999723127,ok
OwenSamplingSV,Diabetes(n=10),10,51,1337,Precision@5,1.0,0.02292209999723127,ok
OwenSamplingSV,Diabetes(n=10),10,51,1337,Precision@10,1.0,0.02292209999723127,ok
OwenSamplingSV,Diabetes(n=10),10,51,1337,KendallTau,0.8666666666666666,0.02292209999723127,ok
OwenSamplingSV,Diabetes(n=10),10,51,1337,L2_Norm_Error,0.06351442625682906,0.02292209999723127,ok
StratifiedSamplingSV,Diabetes(n=10),10,51,1337,MSE,116.03505497002003,0.022635900000750553,ok
StratifiedSamplingSV,Diabetes(n=10),10,51,1337,MAE,8.348640035206794,0.022635900000750553,ok
StratifiedSamplingSV,Diabetes(n=10),10,51,1337,SSE,1276.3856046702203,0.022635900000750553,ok
StratifiedSamplingSV,Diabetes(n=10),10,51,1337,SAE,91.83504038727473,0.022635900000750553,ok
StratifiedSamplingSV,Diabetes(n=10),10,51,1337,Precision@5,1.0,0.022635900000750553,ok
StratifiedSamplingSV,Diabetes(n=10),10,51,1337,Precision@10,1.0,0.022635900000750553,ok
StratifiedSamplingSV,Diabetes(n=10),10,51,1337,KendallTau,0.6888888888888888,0.022635900000750553,ok
StratifiedSamplingSV,Diabetes(n=10),10,51,1337,L2_Norm_Error,0.22758637438655438,0.022635900000750553,ok
SVARM,Diabetes(n=10),10,51,1337,MSE,75.46332643549805,0.023987799999304116,ok
SVARM,Diabetes(n=10),10,51,1337,MAE,6.68593920543868,0.023987799999304116,ok
SVARM,Diabetes(n=10),10,51,1337,SSE,830.0965907904786,0.023987799999304116,ok
SVARM,Diabetes(n=10),10,51,1337,SAE,73.54533125982547,0.023987799999304116,ok
SVARM,Diabetes(n=10),10,51,1337,Precision@5,0.6,0.023987799999304116,ok
SVARM,Diabetes(n=10),10,51,1337,Precision@10,1.0,0.023987799999304116,ok
SVARM,Diabetes(n=10),10,51,1337,KendallTau,0.7777777777777777,0.023987799999304116,ok
SVARM,Diabetes(n=10),10,51,1337,L2_Norm_Error,0.14801065821911646,0.023987799999304116,ok
UnbiasedKernelSHAP,Diabetes(n=10),10,51,1337,MSE,121.89442379613295,0.007059099996695295,ok
UnbiasedKernelSHAP,Diabetes(n=10),10,51,1337,MAE,7.989335487464232,0.007059099996695295,ok
UnbiasedKernelSHAP,Diabetes(n=10),10,51,1337,SSE,1340.8386617574624,0.007059099996695295,ok
UnbiasedKernelSHAP,Diabetes(n=10),10,51,1337,SAE,87.88269036210656,0.007059099996695295,ok
UnbiasedKernelSHAP,Diabetes(n=10),10,51,1337,Precision@5,0.8,0.007059099996695295,ok
UnbiasedKernelSHAP,Diabetes(n=10),10,51,1337,Precision@10,1.0,0.007059099996695295,ok
UnbiasedKernelSHAP,Diabetes(n=10),10,51,1337,KendallTau,0.8222222222222221,0.007059099996695295,ok
UnbiasedKernelSHAP,Diabetes(n=10),10,51,1337,L2_Norm_Error,0.23907869890584024,0.007059099996695295,ok
PermutationSamplingSV,Diabetes(n=10),10,51,1337,MSE,13.802169480121409,0.002032899996265769,ok
PermutationSamplingSV,Diabetes(n=10),10,51,1337,MAE,2.776431337936441,0.002032899996265769,ok
PermutationSamplingSV,Diabetes(n=10),10,51,1337,SSE,151.8238642813355,0.002032899996265769,ok
PermutationSamplingSV,Diabetes(n=10),10,51,1337,SAE,30.540744717300853,0.002032899996265769,ok
PermutationSamplingSV,Diabetes(n=10),10,51,1337,Precision@5,1.0,0.002032899996265769,ok
PermutationSamplingSV,Diabetes(n=10),10,51,1337,Precision@10,1.0,0.002032899996265769,ok
PermutationSamplingSV,Diabetes(n=10),10,51,1337,KendallTau,0.8222222222222221,0.002032899996265769,ok
PermutationSamplingSV,Diabetes(n=10),10,51,1337,L2_Norm_Error,0.027071006356322008,0.002032899996265769,ok
KernelSHAP,Diabetes(n=10),10,51,1337,MSE,23.45422942337135,0.005655399996612687,ok
KernelSHAP,Diabetes(n=10),10,51,1337,MAE,3.5170858983003184,0.005655399996612687,ok
KernelSHAP,Diabetes(n=10),10,51,1337,SSE,257.9965236570848,0.005655399996612687,ok
KernelSHAP,Diabetes(n=10),10,51,1337,SAE,38.6879448813035,0.005655399996612687,ok
KernelSHAP,Diabetes(n=10),10,51,1337,Precision@5,1.0,0.005655399996612687,ok
KernelSHAP,Diabetes(n=10),10,51,1337,Precision@10,1.0,0.005655399996612687,ok
KernelSHAP,Diabetes(n=10),10,51,1337,KendallTau,0.911111111111111,0.005655399996612687,ok
KernelSHAP,Diabetes(n=10),10,51,1337,L2_Norm_Error,0.04600215891546458,0.005655399996612687,ok
LeverageSHAP,Diabetes(n=10),10,51,1337,MSE,4.395065170636652,0.0021341999963624403,ok
LeverageSHAP,Diabetes(n=10),10,51,1337,MAE,1.6222494620401937,0.0021341999963624403,ok
LeverageSHAP,Diabetes(n=10),10,51,1337,SSE,48.34571687700318,0.0021341999963624403,ok
LeverageSHAP,Diabetes(n=10),10,51,1337,SAE,17.84474408244213,0.0021341999963624403,ok
LeverageSHAP,Diabetes(n=10),10,51,1337,Precision@5,0.8,0.0021341999963624403,ok
LeverageSHAP,Diabetes(n=10),10,51,1337,Precision@10,1.0,0.0021341999963624403,ok
LeverageSHAP,Diabetes(n=10),10,51,1337,KendallTau,0.9555555555555554,0.0021341999963624403,ok
LeverageSHAP,Diabetes(n=10),10,51,1337,L2_Norm_Error,0.008620299681301095,0.0021341999963624403,ok
kADDSHAP,Diabetes(n=10),10,51,1337,MSE,23.45423304671921,0.007298899996385444,ok
kADDSHAP,Diabetes(n=10),10,51,1337,MAE,3.5170848648968973,0.007298899996385444,ok
kADDSHAP,Diabetes(n=10),10,51,1337,SSE,257.9965635139113,0.007298899996385444,ok
kADDSHAP,Diabetes(n=10),10,51,1337,SAE,38.68793351386587,0.007298899996385444,ok
kADDSHAP,Diabetes(n=10),10,51,1337,Precision@5,1.0,0.007298899996385444,ok
kADDSHAP,Diabetes(n=10),10,51,1337,Precision@10,1.0,0.007298899996385444,ok
kADDSHAP,Diabetes(n=10),10,51,1337,KendallTau,0.911111111111111,0.007298899996385444,ok
kADDSHAP,Diabetes(n=10),10,51,1337,L2_Norm_Error,0.04600216602214975,0.007298899996385444,ok
SPEX,Diabetes(n=10),10,51,1337,_,,0.24439419999544043,skipped:refused_regime(ValueError)
RegressionMSR,Diabetes(n=10),10,51,1337,MSE,26.56813581727649,0.05548139999882551,ok
RegressionMSR,Diabetes(n=10),10,51,1337,MAE,3.771796869099857,0.05548139999882551,ok
RegressionMSR,Diabetes(n=10),10,51,1337,SSE,292.2494939900414,0.05548139999882551,ok
RegressionMSR,Diabetes(n=10),10,51,1337,SAE,41.48976556009843,0.05548139999882551,ok
RegressionMSR,Diabetes(n=10),10,51,1337,Precision@5,0.8,0.05548139999882551,ok
RegressionMSR,Diabetes(n=10),10,51,1337,Precision@10,1.0,0.05548139999882551,ok
RegressionMSR,Diabetes(n=10),10,51,1337,KendallTau,0.911111111111111,0.05548139999882551,ok
RegressionMSR,Diabetes(n=10),10,51,1337,L2_Norm_Error,0.05210964657556078,0.05548139999882551,ok
ProxySPEX,Diabetes(n=10),10,51,1337,MSE,1536.0343746814904,0.9680433999965317,ok
ProxySPEX,Diabetes(n=10),10,51,1337,MAE,21.711352547453913,0.9680433999965317,ok
ProxySPEX,Diabetes(n=10),10,51,1337,SSE,16896.378121496393,0.9680433999965317,ok
ProxySPEX,Diabetes(n=10),10,51,1337,SAE,238.82487802199304,0.9680433999965317,ok
ProxySPEX,Diabetes(n=10),10,51,1337,Precision@5,0.8,0.9680433999965317,ok
ProxySPEX,Diabetes(n=10),10,51,1337,Precision@10,1.0,0.9680433999965317,ok
ProxySPEX,Diabetes(n=10),10,51,1337,KendallTau,0.8315218406202999,0.9680433999965317,ok
ProxySPEX,Diabetes(n=10),10,51,1337,L2_Norm_Error,0.31811118701776053,0.9680433999965317,ok
OddSHAP,Diabetes(n=10),10,51,1337,MSE,34.567220168316226,0.015489600002183579,ok
OddSHAP,Diabetes(n=10),10,51,1337,MAE,5.0291466985725455,0.015489600002183579,ok
OddSHAP,Diabetes(n=10),10,51,1337,SSE,380.2394218514785,0.015489600002183579,ok
OddSHAP,Diabetes(n=10),10,51,1337,SAE,55.320613684297996,0.015489600002183579,ok
OddSHAP,Diabetes(n=10),10,51,1337,Precision@5,0.8,0.015489600002183579,ok
OddSHAP,Diabetes(n=10),10,51,1337,Precision@10,1.0,0.015489600002183579,ok
OddSHAP,Diabetes(n=10),10,51,1337,KendallTau,0.835467353046005,0.015489600002183579,ok
OddSHAP,Diabetes(n=10),10,51,1337,L2_Norm_Error,0.06779872093619875,0.015489600002183579,ok
ShaplEIG,Diabetes(n=10),10,51,1337,_,,0.0,skipped:incompatible_constructor(ImportError)
PolySHAPKAdd,Diabetes(n=10),10,51,1337,MSE,23.45423448298352,0.006442300000344403,ok
PolySHAPKAdd,Diabetes(n=10),10,51,1337,MAE,3.5170856014569294,0.006442300000344403,ok
PolySHAPKAdd,Diabetes(n=10),10,51,1337,SSE,257.9965793128187,0.006442300000344403,ok
PolySHAPKAdd,Diabetes(n=10),10,51,1337,SAE,38.68794161602622,0.006442300000344403,ok
PolySHAPKAdd,Diabetes(n=10),10,51,1337,Precision@5,1.0,0.006442300000344403,ok
PolySHAPKAdd,Diabetes(n=10),10,51,1337,Precision@10,1.0,0.006442300000344403,ok
PolySHAPKAdd,Diabetes(n=10),10,51,1337,KendallTau,0.911111111111111,0.006442300000344403,ok
PolySHAPKAdd,Diabetes(n=10),10,51,1337,L2_Norm_Error,0.04600216883917937,0.006442300000344403,ok
PolySHAPPartial,Diabetes(n=10),10,51,1337,MSE,23.45423448298352,0.005457799998112023,ok
PolySHAPPartial,Diabetes(n=10),10,51,1337,MAE,3.5170856014569294,0.005457799998112023,ok
PolySHAPPartial,Diabetes(n=10),10,51,1337,SSE,257.9965793128187,0.005457799998112023,ok
PolySHAPPartial,Diabetes(n=10),10,51,1337,SAE,38.68794161602622,0.005457799998112023,ok
PolySHAPPartial,Diabetes(n=10),10,51,1337,Precision@5,1.0,0.005457799998112023,ok
PolySHAPPartial,Diabetes(n=10),10,51,1337,Precision@10,1.0,0.005457799998112023,ok
PolySHAPPartial,Diabetes(n=10),10,51,1337,KendallTau,0.911111111111111,0.005457799998112023,ok
PolySHAPPartial,Diabetes(n=10),10,51,1337,L2_Norm_Error,0.04600216883917937,0.005457799998112023,ok
OptimizedKernelSHAP,Diabetes(n=10),10,51,1337,MSE,6.283332349230847,0.0042295999955968,ok
OptimizedKernelSHAP,Diabetes(n=10),10,51,1337,MAE,2.0712147719209137,0.0042295999955968,ok
OptimizedKernelSHAP,Diabetes(n=10),10,51,1337,SSE,69.11665584153931,0.0042295999955968,ok
OptimizedKernelSHAP,Diabetes(n=10),10,51,1337,SAE,22.783362491130053,0.0042295999955968,ok
OptimizedKernelSHAP,Diabetes(n=10),10,51,1337,Precision@5,1.0,0.0042295999955968,ok
OptimizedKernelSHAP,Diabetes(n=10),10,51,1337,Precision@10,1.0,0.0042295999955968,ok
OptimizedKernelSHAP,Diabetes(n=10),10,51,1337,KendallTau,0.9999999999999999,0.0042295999955968,ok
OptimizedKernelSHAP,Diabetes(n=10),10,51,1337,L2_Norm_Error,0.012323869099701542,0.0042295999955968,ok
OwenSamplingSV,Diabetes(n=10),10,256,1337,MSE,35.1114854474826,0.10496310000598896,ok
OwenSamplingSV,Diabetes(n=10),10,256,1337,MAE,4.489806499737506,0.10496310000598896,ok
OwenSamplingSV,Diabetes(n=10),10,256,1337,SSE,386.22633992230857,0.10496310000598896,ok
OwenSamplingSV,Diabetes(n=10),10,256,1337,SAE,49.38787149711257,0.10496310000598896,ok
OwenSamplingSV,Diabetes(n=10),10,256,1337,Precision@5,0.8,0.10496310000598896,ok
OwenSamplingSV,Diabetes(n=10),10,256,1337,Precision@10,1.0,0.10496310000598896,ok
OwenSamplingSV,Diabetes(n=10),10,256,1337,KendallTau,0.7333333333333333,0.10496310000598896,ok
OwenSamplingSV,Diabetes(n=10),10,256,1337,L2_Norm_Error,0.06886622042264244,0.10496310000598896,ok
StratifiedSamplingSV,Diabetes(n=10),10,256,1337,MSE,5.851403456977875,0.1009531000017887,ok
StratifiedSamplingSV,Diabetes(n=10),10,256,1337,MAE,1.9390190307239101,0.1009531000017887,ok
StratifiedSamplingSV,Diabetes(n=10),10,256,1337,SSE,64.36543802675662,0.1009531000017887,ok
StratifiedSamplingSV,Diabetes(n=10),10,256,1337,SAE,21.32920933796301,0.1009531000017887,ok
StratifiedSamplingSV,Diabetes(n=10),10,256,1337,Precision@5,1.0,0.1009531000017887,ok
StratifiedSamplingSV,Diabetes(n=10),10,256,1337,Precision@10,1.0,0.1009531000017887,ok
StratifiedSamplingSV,Diabetes(n=10),10,256,1337,KendallTau,0.9999999999999999,0.1009531000017887,ok
StratifiedSamplingSV,Diabetes(n=10),10,256,1337,L2_Norm_Error,0.01147670157256026,0.1009531000017887,ok
SVARM,Diabetes(n=10),10,256,1337,MSE,15.836984538899474,0.04487070000323001,ok
SVARM,Diabetes(n=10),10,256,1337,MAE,2.89677711781196,0.04487070000323001,ok
SVARM,Diabetes(n=10),10,256,1337,SSE,174.2068299278942,0.04487070000323001,ok
SVARM,Diabetes(n=10),10,256,1337,SAE,31.86454829593156,0.04487070000323001,ok
SVARM,Diabetes(n=10),10,256,1337,Precision@5,0.8,0.04487070000323001,ok
SVARM,Diabetes(n=10),10,256,1337,Precision@10,1.0,0.04487070000323001,ok
SVARM,Diabetes(n=10),10,256,1337,KendallTau,0.911111111111111,0.04487070000323001,ok
SVARM,Diabetes(n=10),10,256,1337,L2_Norm_Error,0.031062008746885042,0.04487070000323001,ok
UnbiasedKernelSHAP,Diabetes(n=10),10,256,1337,MSE,34.039941041188584,0.020691399993665982,ok
UnbiasedKernelSHAP,Diabetes(n=10),10,256,1337,MAE,4.070928904904871,0.020691399993665982,ok
UnbiasedKernelSHAP,Diabetes(n=10),10,256,1337,SSE,374.43935145307444,0.020691399993665982,ok
UnbiasedKernelSHAP,Diabetes(n=10),10,256,1337,SAE,44.78021795395358,0.020691399993665982,ok
UnbiasedKernelSHAP,Diabetes(n=10),10,256,1337,Precision@5,0.8,0.020691399993665982,ok
UnbiasedKernelSHAP,Diabetes(n=10),10,256,1337,Precision@10,1.0,0.020691399993665982,ok
UnbiasedKernelSHAP,Diabetes(n=10),10,256,1337,KendallTau,0.911111111111111,0.020691399993665982,ok
UnbiasedKernelSHAP,Diabetes(n=10),10,256,1337,L2_Norm_Error,0.06676453738827273,0.020691399993665982,ok
PermutationSamplingSV,Diabetes(n=10),10,256,1337,MSE,4.928300997681927,0.00599829999555368,ok
PermutationSamplingSV,Diabetes(n=10),10,256,1337,MAE,1.5914812672576877,0.00599829999555368,ok
PermutationSamplingSV,Diabetes(n=10),10,256,1337,SSE,54.2113109745012,0.00599829999555368,ok
PermutationSamplingSV,Diabetes(n=10),10,256,1337,SAE,17.506293939834563,0.00599829999555368,ok
PermutationSamplingSV,Diabetes(n=10),10,256,1337,Precision@5,0.8,0.00599829999555368,ok
PermutationSamplingSV,Diabetes(n=10),10,256,1337,Precision@10,1.0,0.00599829999555368,ok
PermutationSamplingSV,Diabetes(n=10),10,256,1337,KendallTau,0.9555555555555554,0.00599829999555368,ok
PermutationSamplingSV,Diabetes(n=10),10,256,1337,L2_Norm_Error,0.009666166454937775,0.00599829999555368,ok
KernelSHAP,Diabetes(n=10),10,256,1337,MSE,1.8285302939617862,0.02028460000292398,ok
KernelSHAP,Diabetes(n=10),10,256,1337,MAE,1.1929467166073229,0.02028460000292398,ok
KernelSHAP,Diabetes(n=10),10,256,1337,SSE,20.113833233579648,0.02028460000292398,ok
KernelSHAP,Diabetes(n=10),10,256,1337,SAE,13.122413882680553,0.02028460000292398,ok
KernelSHAP,Diabetes(n=10),10,256,1337,Precision@5,0.8,0.02028460000292398,ok
KernelSHAP,Diabetes(n=10),10,256,1337,Precision@10,1.0,0.02028460000292398,ok
KernelSHAP,Diabetes(n=10),10,256,1337,KendallTau,0.911111111111111,0.02028460000292398,ok
KernelSHAP,Diabetes(n=10),10,256,1337,L2_Norm_Error,0.0035864039549622626,0.02028460000292398,ok
LeverageSHAP,Diabetes(n=10),10,256,1337,MSE,0.6118839693484247,0.0048313000006601214,ok
LeverageSHAP,Diabetes(n=10),10,256,1337,MAE,0.617240084072778,0.0048313000006601214,ok
LeverageSHAP,Diabetes(n=10),10,256,1337,SSE,6.730723662832672,0.0048313000006601214,ok
LeverageSHAP,Diabetes(n=10),10,256,1337,SAE,6.789640924800558,0.0048313000006601214,ok
LeverageSHAP,Diabetes(n=10),10,256,1337,Precision@5,1.0,0.0048313000006601214,ok
LeverageSHAP,Diabetes(n=10),10,256,1337,Precision@10,1.0,0.0048313000006601214,ok
LeverageSHAP,Diabetes(n=10),10,256,1337,KendallTau,0.9555555555555554,0.0048313000006601214,ok
LeverageSHAP,Diabetes(n=10),10,256,1337,L2_Norm_Error,0.0012001239984351386,0.0048313000006601214,ok
kADDSHAP,Diabetes(n=10),10,256,1337,MSE,1.828532087143027,0.019600500003434718,ok
kADDSHAP,Diabetes(n=10),10,256,1337,MAE,1.1929474890028244,0.019600500003434718,ok
kADDSHAP,Diabetes(n=10),10,256,1337,SSE,20.113852958573297,0.019600500003434718,ok
kADDSHAP,Diabetes(n=10),10,256,1337,SAE,13.122422379031068,0.019600500003434718,ok
kADDSHAP,Diabetes(n=10),10,256,1337,Precision@5,0.8,0.019600500003434718,ok
kADDSHAP,Diabetes(n=10),10,256,1337,Precision@10,1.0,0.019600500003434718,ok
kADDSHAP,Diabetes(n=10),10,256,1337,KendallTau,0.911111111111111,0.019600500003434718,ok
kADDSHAP,Diabetes(n=10),10,256,1337,L2_Norm_Error,0.003586407472034042,0.019600500003434718,ok
SPEX,Diabetes(n=10),10,256,1337,_,,0.23099590000492753,skipped:refused_regime(ValueError)
RegressionMSR,Diabetes(n=10),10,256,1337,MSE,0.7344261672560571,0.0777070999974967,ok
RegressionMSR,Diabetes(n=10),10,256,1337,MAE,0.668551755771367,0.0777070999974967,ok
RegressionMSR,Diabetes(n=10),10,256,1337,SSE,8.078687839816629,0.0777070999974967,ok
RegressionMSR,Diabetes(n=10),10,256,1337,SAE,7.354069313485037,0.0777070999974967,ok
RegressionMSR,Diabetes(n=10),10,256,1337,Precision@5,1.0,0.0777070999974967,ok
RegressionMSR,Diabetes(n=10),10,256,1337,Precision@10,1.0,0.0777070999974967,ok
RegressionMSR,Diabetes(n=10),10,256,1337,KendallTau,0.9999999999999999,0.0777070999974967,ok
RegressionMSR,Diabetes(n=10),10,256,1337,L2_Norm_Error,0.0014404732147850026,0.0777070999974967,ok
ProxySPEX,Diabetes(n=10),10,256,1337,MSE,1378.1118027960763,2.3414173999990453,ok
ProxySPEX,Diabetes(n=10),10,256,1337,MAE,12.753324442956147,2.3414173999990453,ok
ProxySPEX,Diabetes(n=10),10,256,1337,SSE,15159.22983075684,2.3414173999990453,ok
ProxySPEX,Diabetes(n=10),10,256,1337,SAE,140.28656887251762,2.3414173999990453,ok
ProxySPEX,Diabetes(n=10),10,256,1337,Precision@5,1.0,2.3414173999990453,ok
ProxySPEX,Diabetes(n=10),10,256,1337,Precision@10,1.0,2.3414173999990453,ok
ProxySPEX,Diabetes(n=10),10,256,1337,KendallTau,0.9660917830792959,2.3414173999990453,ok
ProxySPEX,Diabetes(n=10),10,256,1337,L2_Norm_Error,0.008368363364274574,2.3414173999990453,ok
OddSHAP,Diabetes(n=10),10,256,1337,MSE,0.28747490066352205,0.03412660000321921,ok
OddSHAP,Diabetes(n=10),10,256,1337,MAE,0.4369274205959019,0.03412660000321921,ok
OddSHAP,Diabetes(n=10),10,256,1337,SSE,3.162223907298743,0.03412660000321921,ok
OddSHAP,Diabetes(n=10),10,256,1337,SAE,4.806201626554921,0.03412660000321921,ok
OddSHAP,Diabetes(n=10),10,256,1337,Precision@5,0.8,0.03412660000321921,ok
OddSHAP,Diabetes(n=10),10,256,1337,Precision@10,1.0,0.03412660000321921,ok
OddSHAP,Diabetes(n=10),10,256,1337,KendallTau,0.9555555555555554,0.03412660000321921,ok
OddSHAP,Diabetes(n=10),10,256,1337,L2_Norm_Error,0.0005638414217673254,0.03412660000321921,ok
ShaplEIG,Diabetes(n=10),10,256,1337,_,,0.0,skipped:incompatible_constructor(ImportError)
PolySHAPKAdd,Diabetes(n=10),10,256,1337,MSE,1.8285341338376917,0.020312699998612516,ok
PolySHAPKAdd,Diabetes(n=10),10,256,1337,MAE,1.1929482221357701,0.020312699998612516,ok
PolySHAPKAdd,Diabetes(n=10),10,256,1337,SSE,20.11387547221461,0.020312699998612516,ok
PolySHAPKAdd,Diabetes(n=10),10,256,1337,SAE,13.12243044349347,0.020312699998612516,ok
PolySHAPKAdd,Diabetes(n=10),10,256,1337,Precision@5,0.8,0.020312699998612516,ok
PolySHAPKAdd,Diabetes(n=10),10,256,1337,Precision@10,1.0,0.020312699998612516,ok
PolySHAPKAdd,Diabetes(n=10),10,256,1337,KendallTau,0.911111111111111,0.020312699998612516,ok
PolySHAPKAdd,Diabetes(n=10),10,256,1337,L2_Norm_Error,0.003586411486336602,0.020312699998612516,ok
PolySHAPPartial,Diabetes(n=10),10,256,1337,MSE,1.8285341338376917,0.02019599999766797,ok
PolySHAPPartial,Diabetes(n=10),10,256,1337,MAE,1.1929482221357701,0.02019599999766797,ok
PolySHAPPartial,Diabetes(n=10),10,256,1337,SSE,20.11387547221461,0.02019599999766797,ok
PolySHAPPartial,Diabetes(n=10),10,256,1337,SAE,13.12243044349347,0.02019599999766797,ok
PolySHAPPartial,Diabetes(n=10),10,256,1337,Precision@5,0.8,0.02019599999766797,ok
PolySHAPPartial,Diabetes(n=10),10,256,1337,Precision@10,1.0,0.02019599999766797,ok
PolySHAPPartial,Diabetes(n=10),10,256,1337,KendallTau,0.911111111111111,0.02019599999766797,ok
PolySHAPPartial,Diabetes(n=10),10,256,1337,L2_Norm_Error,0.003586411486336602,0.02019599999766797,ok
OptimizedKernelSHAP,Diabetes(n=10),10,256,1337,MSE,0.708497575947533,0.014621499998611398,ok
OptimizedKernelSHAP,Diabetes(n=10),10,256,1337,MAE,0.7117740080215307,0.014621499998611398,ok
OptimizedKernelSHAP,Diabetes(n=10),10,256,1337,SSE,7.793473335422863,0.014621499998611398,ok
OptimizedKernelSHAP,Diabetes(n=10),10,256,1337,SAE,7.829514088236838,0.014621499998611398,ok
OptimizedKernelSHAP,Diabetes(n=10),10,256,1337,Precision@5,1.0,0.014621499998611398,ok
OptimizedKernelSHAP,Diabetes(n=10),10,256,1337,Precision@10,1.0,0.014621499998611398,ok
OptimizedKernelSHAP,Diabetes(n=10),10,256,1337,KendallTau,0.9999999999999999,0.014621499998611398,ok
OptimizedKernelSHAP,Diabetes(n=10),10,256,1337,L2_Norm_Error,0.0013896179444498234,0.014621499998611398,ok
OwenSamplingSV,Diabetes(n=10),10,512,1337,MSE,7.311945668306749,0.22276370000327006,ok
OwenSamplingSV,Diabetes(n=10),10,512,1337,MAE,1.9533057130002343,0.22276370000327006,ok
OwenSamplingSV,Diabetes(n=10),10,512,1337,SSE,80.43140235137425,0.22276370000327006,ok
OwenSamplingSV,Diabetes(n=10),10,512,1337,SAE,21.486362843002578,0.22276370000327006,ok
OwenSamplingSV,Diabetes(n=10),10,512,1337,Precision@5,1.0,0.22276370000327006,ok
OwenSamplingSV,Diabetes(n=10),10,512,1337,Precision@10,1.0,0.22276370000327006,ok
OwenSamplingSV,Diabetes(n=10),10,512,1337,KendallTau,0.8222222222222221,0.22276370000327006,ok
OwenSamplingSV,Diabetes(n=10),10,512,1337,L2_Norm_Error,0.014341348869023742,0.22276370000327006,ok
StratifiedSamplingSV,Diabetes(n=10),10,512,1337,MSE,2.074650498272325,0.20338659999833908,ok
StratifiedSamplingSV,Diabetes(n=10),10,512,1337,MAE,1.0850703305754321,0.20338659999833908,ok
StratifiedSamplingSV,Diabetes(n=10),10,512,1337,SSE,22.821155480995575,0.20338659999833908,ok
StratifiedSamplingSV,Diabetes(n=10),10,512,1337,SAE,11.935773636329754,0.20338659999833908,ok
StratifiedSamplingSV,Diabetes(n=10),10,512,1337,Precision@5,1.0,0.20338659999833908,ok
StratifiedSamplingSV,Diabetes(n=10),10,512,1337,Precision@10,1.0,0.20338659999833908,ok
StratifiedSamplingSV,Diabetes(n=10),10,512,1337,KendallTau,0.9555555555555554,0.20338659999833908,ok
StratifiedSamplingSV,Diabetes(n=10),10,512,1337,L2_Norm_Error,0.004069133979753355,0.20338659999833908,ok
SVARM,Diabetes(n=10),10,512,1337,MSE,4.4548279827987285,0.06390729999839095,ok
SVARM,Diabetes(n=10),10,512,1337,MAE,1.6221284489096193,0.06390729999839095,ok
SVARM,Diabetes(n=10),10,512,1337,SSE,49.00310781078601,0.06390729999839095,ok
SVARM,Diabetes(n=10),10,512,1337,SAE,17.843412938005812,0.06390729999839095,ok
SVARM,Diabetes(n=10),10,512,1337,Precision@5,0.8,0.06390729999839095,ok
SVARM,Diabetes(n=10),10,512,1337,Precision@10,1.0,0.06390729999839095,ok
SVARM,Diabetes(n=10),10,512,1337,KendallTau,0.9555555555555554,0.06390729999839095,ok
SVARM,Diabetes(n=10),10,512,1337,L2_Norm_Error,0.008737515997927357,0.06390729999839095,ok
UnbiasedKernelSHAP,Diabetes(n=10),10,512,1337,MSE,5.739457874613455,0.036511400001472794,ok
UnbiasedKernelSHAP,Diabetes(n=10),10,512,1337,MAE,1.7807029352302188,0.036511400001472794,ok
UnbiasedKernelSHAP,Diabetes(n=10),10,512,1337,SSE,63.134036620748006,0.036511400001472794,ok
UnbiasedKernelSHAP,Diabetes(n=10),10,512,1337,SAE,19.587732287532408,0.036511400001472794,ok
UnbiasedKernelSHAP,Diabetes(n=10),10,512,1337,Precision@5,0.8,0.036511400001472794,ok
UnbiasedKernelSHAP,Diabetes(n=10),10,512,1337,Precision@10,1.0,0.036511400001472794,ok
UnbiasedKernelSHAP,Diabetes(n=10),10,512,1337,KendallTau,0.9555555555555554,0.036511400001472794,ok
UnbiasedKernelSHAP,Diabetes(n=10),10,512,1337,L2_Norm_Error,0.011257136121193065,0.036511400001472794,ok
PermutationSamplingSV,Diabetes(n=10),10,512,1337,MSE,3.1247582377960628,0.010371000003942754,ok
PermutationSamplingSV,Diabetes(n=10),10,512,1337,MAE,1.3264874573952894,0.010371000003942754,ok
PermutationSamplingSV,Diabetes(n=10),10,512,1337,SSE,34.37234061575669,0.010371000003942754,ok
PermutationSamplingSV,Diabetes(n=10),10,512,1337,SAE,14.591362031348183,0.010371000003942754,ok
PermutationSamplingSV,Diabetes(n=10),10,512,1337,Precision@5,0.8,0.010371000003942754,ok
PermutationSamplingSV,Diabetes(n=10),10,512,1337,Precision@10,1.0,0.010371000003942754,ok
PermutationSamplingSV,Diabetes(n=10),10,512,1337,KendallTau,0.9555555555555554,0.010371000003942754,ok
PermutationSamplingSV,Diabetes(n=10),10,512,1337,L2_Norm_Error,0.00612877201944072,0.010371000003942754,ok
KernelSHAP,Diabetes(n=10),10,512,1337,MSE,0.21659906235700285,0.03469500000210246,ok
KernelSHAP,Diabetes(n=10),10,512,1337,MAE,0.2710537572310787,0.03469500000210246,ok
KernelSHAP,Diabetes(n=10),10,512,1337,SSE,2.3825896859270315,0.03469500000210246,ok
KernelSHAP,Diabetes(n=10),10,512,1337,SAE,2.981591329541866,0.03469500000210246,ok
KernelSHAP,Diabetes(n=10),10,512,1337,Precision@5,0.8,0.03469500000210246,ok
KernelSHAP,Diabetes(n=10),10,512,1337,Precision@10,1.0,0.03469500000210246,ok
KernelSHAP,Diabetes(n=10),10,512,1337,KendallTau,0.9555555555555554,0.03469500000210246,ok
KernelSHAP,Diabetes(n=10),10,512,1337,L2_Norm_Error,0.00042482847368921256,0.03469500000210246,ok
LeverageSHAP,Diabetes(n=10),10,512,1337,MSE,0.17770450928257353,0.005837800003064331,ok
LeverageSHAP,Diabetes(n=10),10,512,1337,MAE,0.2933434550361881,0.005837800003064331,ok
LeverageSHAP,Diabetes(n=10),10,512,1337,SSE,1.9547496021083088,0.005837800003064331,ok
LeverageSHAP,Diabetes(n=10),10,512,1337,SAE,3.226778005398069,0.005837800003064331,ok
LeverageSHAP,Diabetes(n=10),10,512,1337,Precision@5,1.0,0.005837800003064331,ok
LeverageSHAP,Diabetes(n=10),10,512,1337,Precision@10,1.0,0.005837800003064331,ok
LeverageSHAP,Diabetes(n=10),10,512,1337,KendallTau,0.9999999999999999,0.005837800003064331,ok
LeverageSHAP,Diabetes(n=10),10,512,1337,L2_Norm_Error,0.0003485423003437366,0.005837800003064331,ok
kADDSHAP,Diabetes(n=10),10,512,1337,MSE,0.21659779630395032,0.03400770000007469,ok
kADDSHAP,Diabetes(n=10),10,512,1337,MAE,0.27105315641217903,0.03400770000007469,ok
kADDSHAP,Diabetes(n=10),10,512,1337,SSE,2.3825757593434536,0.03400770000007469,ok
kADDSHAP,Diabetes(n=10),10,512,1337,SAE,2.981584720533969,0.03400770000007469,ok
kADDSHAP,Diabetes(n=10),10,512,1337,Precision@5,0.8,0.03400770000007469,ok
kADDSHAP,Diabetes(n=10),10,512,1337,Precision@10,1.0,0.03400770000007469,ok
kADDSHAP,Diabetes(n=10),10,512,1337,KendallTau,0.9555555555555554,0.03400770000007469,ok
kADDSHAP,Diabetes(n=10),10,512,1337,L2_Norm_Error,0.0004248259905049362,0.03400770000007469,ok
SPEX,Diabetes(n=10),10,512,1337,MSE,1375.4018842579749,1.9269407000028878,ok
SPEX,Diabetes(n=10),10,512,1337,MAE,12.262011681788493,1.9269407000028878,ok
SPEX,Diabetes(n=10),10,512,1337,SSE,15129.420726837723,1.9269407000028878,ok
SPEX,Diabetes(n=10),10,512,1337,SAE,134.88212849967343,1.9269407000028878,ok
SPEX,Diabetes(n=10),10,512,1337,Precision@5,1.0,1.9269407000028878,ok
SPEX,Diabetes(n=10),10,512,1337,Precision@10,1.0,1.9269407000028878,ok
SPEX,Diabetes(n=10),10,512,1337,KendallTau,0.9999999999999999,1.9269407000028878,ok
SPEX,Diabetes(n=10),10,512,1337,L2_Norm_Error,0.003053240834029114,1.9269407000028878,ok
RegressionMSR,Diabetes(n=10),10,512,1337,MSE,0.0381618150288851,0.10388750000129221,ok
RegressionMSR,Diabetes(n=10),10,512,1337,MAE,0.14832052762089004,0.10388750000129221,ok
RegressionMSR,Diabetes(n=10),10,512,1337,SSE,0.4197799653177361,0.10388750000129221,ok
RegressionMSR,Diabetes(n=10),10,512,1337,SAE,1.6315258038297904,0.10388750000129221,ok
RegressionMSR,Diabetes(n=10),10,512,1337,Precision@5,0.8,0.10388750000129221,ok
RegressionMSR,Diabetes(n=10),10,512,1337,Precision@10,1.0,0.10388750000129221,ok
RegressionMSR,Diabetes(n=10),10,512,1337,KendallTau,0.9555555555555554,0.10388750000129221,ok
RegressionMSR,Diabetes(n=10),10,512,1337,L2_Norm_Error,7.484901114303994e-05,0.10388750000129221,ok
ProxySPEX,Diabetes(n=10),10,512,1337,MSE,1379.2536082569206,3.4935863000064273,ok
ProxySPEX,Diabetes(n=10),10,512,1337,MAE,13.038456385255484,3.4935863000064273,ok
ProxySPEX,Diabetes(n=10),10,512,1337,SSE,15171.789690826128,3.4935863000064273,ok
ProxySPEX,Diabetes(n=10),10,512,1337,SAE,143.42302023781033,3.4935863000064273,ok
ProxySPEX,Diabetes(n=10),10,512,1337,Precision@5,1.0,3.4935863000064273,ok
ProxySPEX,Diabetes(n=10),10,512,1337,Precision@10,1.0,3.4935863000064273,ok
ProxySPEX,Diabetes(n=10),10,512,1337,KendallTau,0.9660917830792959,3.4935863000064273,ok
ProxySPEX,Diabetes(n=10),10,512,1337,L2_Norm_Error,0.010607853535202294,3.4935863000064273,ok
OddSHAP,Diabetes(n=10),10,512,1337,MSE,0.008199336379618226,0.06009729999641422,ok
OddSHAP,Diabetes(n=10),10,512,1337,MAE,0.07673453064135889,0.06009729999641422,ok
OddSHAP,Diabetes(n=10),10,512,1337,SSE,0.09019270017580047,0.06009729999641422,ok
OddSHAP,Diabetes(n=10),10,512,1337,SAE,0.8440798370549478,0.06009729999641422,ok
OddSHAP,Diabetes(n=10),10,512,1337,Precision@5,0.8,0.06009729999641422,ok
OddSHAP,Diabetes(n=10),10,512,1337,Precision@10,1.0,0.06009729999641422,ok
OddSHAP,Diabetes(n=10),10,512,1337,KendallTau,0.9555555555555554,0.06009729999641422,ok
OddSHAP,Diabetes(n=10),10,512,1337,L2_Norm_Error,1.6081840436023595e-05,0.06009729999641422,ok
ShaplEIG,Diabetes(n=10),10,512,1337,_,,0.0,skipped:incompatible_constructor(ImportError)
PolySHAPKAdd,Diabetes(n=10),10,512,1337,MSE,0.21659721230368367,0.036124199999903794,ok
PolySHAPKAdd,Diabetes(n=10),10,512,1337,MAE,0.27105219887206,0.036124199999903794,ok
PolySHAPKAdd,Diabetes(n=10),10,512,1337,SSE,2.3825693353405204,0.036124199999903794,ok
PolySHAPKAdd,Diabetes(n=10),10,512,1337,SAE,2.98157418759266,0.036124199999903794,ok
PolySHAPKAdd,Diabetes(n=10),10,512,1337,Precision@5,0.8,0.036124199999903794,ok
PolySHAPKAdd,Diabetes(n=10),10,512,1337,Precision@10,1.0,0.036124199999903794,ok
PolySHAPKAdd,Diabetes(n=10),10,512,1337,KendallTau,0.9555555555555554,0.036124199999903794,ok
PolySHAPKAdd,Diabetes(n=10),10,512,1337,L2_Norm_Error,0.0004248248450708831,0.036124199999903794,ok
PolySHAPPartial,Diabetes(n=10),10,512,1337,MSE,0.21659721230368367,0.03597080000326969,ok
PolySHAPPartial,Diabetes(n=10),10,512,1337,MAE,0.27105219887206,0.03597080000326969,ok
PolySHAPPartial,Diabetes(n=10),10,512,1337,SSE,2.3825693353405204,0.03597080000326969,ok
PolySHAPPartial,Diabetes(n=10),10,512,1337,SAE,2.98157418759266,0.03597080000326969,ok
PolySHAPPartial,Diabetes(n=10),10,512,1337,Precision@5,0.8,0.03597080000326969,ok
PolySHAPPartial,Diabetes(n=10),10,512,1337,Precision@10,1.0,0.03597080000326969,ok
PolySHAPPartial,Diabetes(n=10),10,512,1337,KendallTau,0.9555555555555554,0.03597080000326969,ok
PolySHAPPartial,Diabetes(n=10),10,512,1337,L2_Norm_Error,0.0004248248450708831,0.03597080000326969,ok
OptimizedKernelSHAP,Diabetes(n=10),10,512,1337,MSE,0.1262706920847906,0.021561299996392336,ok
OptimizedKernelSHAP,Diabetes(n=10),10,512,1337,MAE,0.2815916132724277,0.021561299996392336,ok
OptimizedKernelSHAP,Diabetes(n=10),10,512,1337,SSE,1.3889776129326967,0.021561299996392336,ok
OptimizedKernelSHAP,Diabetes(n=10),10,512,1337,SAE,3.0975077459967046,0.021561299996392336,ok
OptimizedKernelSHAP,Diabetes(n=10),10,512,1337,Precision@5,0.8,0.021561299996392336,ok
OptimizedKernelSHAP,Diabetes(n=10),10,512,1337,Precision@10,1.0,0.021561299996392336,ok
OptimizedKernelSHAP,Diabetes(n=10),10,512,1337,KendallTau,0.9555555555555554,0.021561299996392336,ok
OptimizedKernelSHAP,Diabetes(n=10),10,512,1337,L2_Norm_Error,0.0002476621311575488,0.021561299996392336,ok
OwenSamplingSV,Diabetes(n=10),10,1024,1337,MSE,2.8857965778470995,0.6741306000039913,ok
OwenSamplingSV,Diabetes(n=10),10,1024,1337,MAE,1.1472024987020857,0.6741306000039913,ok
OwenSamplingSV,Diabetes(n=10),10,1024,1337,SSE,31.743762356318094,0.6741306000039913,ok
OwenSamplingSV,Diabetes(n=10),10,1024,1337,SAE,12.619227485722941,0.6741306000039913,ok
OwenSamplingSV,Diabetes(n=10),10,1024,1337,Precision@5,0.8,0.6741306000039913,ok
OwenSamplingSV,Diabetes(n=10),10,1024,1337,Precision@10,1.0,0.6741306000039913,ok
OwenSamplingSV,Diabetes(n=10),10,1024,1337,KendallTau,0.911111111111111,0.6741306000039913,ok
OwenSamplingSV,Diabetes(n=10),10,1024,1337,L2_Norm_Error,0.005660082468518126,0.6741306000039913,ok
StratifiedSamplingSV,Diabetes(n=10),10,1024,1337,MSE,1.168831701846883,0.45570299999963026,ok
StratifiedSamplingSV,Diabetes(n=10),10,1024,1337,MAE,0.8334905984984846,0.45570299999963026,ok
StratifiedSamplingSV,Diabetes(n=10),10,1024,1337,SSE,12.857148720315713,0.45570299999963026,ok
StratifiedSamplingSV,Diabetes(n=10),10,1024,1337,SAE,9.16839658348333,0.45570299999963026,ok
StratifiedSamplingSV,Diabetes(n=10),10,1024,1337,Precision@5,1.0,0.45570299999963026,ok
StratifiedSamplingSV,Diabetes(n=10),10,1024,1337,Precision@10,1.0,0.45570299999963026,ok
StratifiedSamplingSV,Diabetes(n=10),10,1024,1337,KendallTau,0.9555555555555554,0.45570299999963026,ok
StratifiedSamplingSV,Diabetes(n=10),10,1024,1337,L2_Norm_Error,0.002292498326131937,0.45570299999963026,ok
SVARM,Diabetes(n=10),10,1024,1337,MSE,2.0138606310212175e-14,0.04852779999782797,ok
SVARM,Diabetes(n=10),10,1024,1337,MAE,9.495458740505956e-08,0.04852779999782797,ok
SVARM,Diabetes(n=10),10,1024,1337,SSE,2.2152466941233392e-13,0.04852779999782797,ok
SVARM,Diabetes(n=10),10,1024,1337,SAE,1.0445004614556552e-06,0.04852779999782797,ok
SVARM,Diabetes(n=10),10,1024,1337,Precision@5,1.0,0.04852779999782797,ok
SVARM,Diabetes(n=10),10,1024,1337,Precision@10,1.0,0.04852779999782797,ok
SVARM,Diabetes(n=10),10,1024,1337,KendallTau,0.9999999999999999,0.04852779999782797,ok
SVARM,Diabetes(n=10),10,1024,1337,L2_Norm_Error,3.9499032396059566e-17,0.04852779999782797,ok
UnbiasedKernelSHAP,Diabetes(n=10),10,1024,1337,MSE,2.0138606310212175e-14,0.009304599996539764,ok
UnbiasedKernelSHAP,Diabetes(n=10),10,1024,1337,MAE,9.495458740505956e-08,0.009304599996539764,ok
UnbiasedKernelSHAP,Diabetes(n=10),10,1024,1337,SSE,2.2152466941233392e-13,0.009304599996539764,ok
UnbiasedKernelSHAP,Diabetes(n=10),10,1024,1337,SAE,1.0445004614556552e-06,0.009304599996539764,ok
UnbiasedKernelSHAP,Diabetes(n=10),10,1024,1337,Precision@5,1.0,0.009304599996539764,ok
UnbiasedKernelSHAP,Diabetes(n=10),10,1024,1337,Precision@10,1.0,0.009304599996539764,ok
UnbiasedKernelSHAP,Diabetes(n=10),10,1024,1337,KendallTau,0.9999999999999999,0.009304599996539764,ok
UnbiasedKernelSHAP,Diabetes(n=10),10,1024,1337,L2_Norm_Error,3.9499032396059566e-17,0.009304599996539764,ok
PermutationSamplingSV,Diabetes(n=10),10,1024,1337,MSE,0.8400504195807745,0.020736999998916872,ok
PermutationSamplingSV,Diabetes(n=10),10,1024,1337,MAE,0.6791781361649328,0.020736999998916872,ok
PermutationSamplingSV,Diabetes(n=10),10,1024,1337,SSE,9.24055461538852,0.020736999998916872,ok
PermutationSamplingSV,Diabetes(n=10),10,1024,1337,SAE,7.470959497814261,0.020736999998916872,ok
PermutationSamplingSV,Diabetes(n=10),10,1024,1337,Precision@5,0.8,0.020736999998916872,ok
PermutationSamplingSV,Diabetes(n=10),10,1024,1337,Precision@10,1.0,0.020736999998916872,ok
PermutationSamplingSV,Diabetes(n=10),10,1024,1337,KendallTau,0.8222222222222221,0.020736999998916872,ok
PermutationSamplingSV,Diabetes(n=10),10,1024,1337,L2_Norm_Error,0.0016476402699484951,0.020736999998916872,ok
KernelSHAP,Diabetes(n=10),10,1024,1337,MSE,2.2344906605527808e-11,0.008363599998119753,ok
KernelSHAP,Diabetes(n=10),10,1024,1337,MAE,3.310695562767792e-06,0.008363599998119753,ok
KernelSHAP,Diabetes(n=10),10,1024,1337,SSE,2.457939726608059e-10,0.008363599998119753,ok
KernelSHAP,Diabetes(n=10),10,1024,1337,SAE,3.641765119044571e-05,0.008363599998119753,ok
KernelSHAP,Diabetes(n=10),10,1024,1337,Precision@5,1.0,0.008363599998119753,ok
KernelSHAP,Diabetes(n=10),10,1024,1337,Precision@10,1.0,0.008363599998119753,ok
KernelSHAP,Diabetes(n=10),10,1024,1337,KendallTau,0.9999999999999999,0.008363599998119753,ok
KernelSHAP,Diabetes(n=10),10,1024,1337,L2_Norm_Error,4.3826378861734124e-14,0.008363599998119753,ok
LeverageSHAP,Diabetes(n=10),10,1024,1337,MSE,2.0138593183617606e-14,0.01099209999665618,ok
LeverageSHAP,Diabetes(n=10),10,1024,1337,MAE,9.49545684908964e-08,0.01099209999665618,ok
LeverageSHAP,Diabetes(n=10),10,1024,1337,SSE,2.2152452501979368e-13,0.01099209999665618,ok
LeverageSHAP,Diabetes(n=10),10,1024,1337,SAE,1.0445002533998604e-06,0.01099209999665618,ok
LeverageSHAP,Diabetes(n=10),10,1024,1337,Precision@5,1.0,0.01099209999665618,ok
LeverageSHAP,Diabetes(n=10),10,1024,1337,Precision@10,1.0,0.01099209999665618,ok
LeverageSHAP,Diabetes(n=10),10,1024,1337,KendallTau,0.9999999999999999,0.01099209999665618,ok
LeverageSHAP,Diabetes(n=10),10,1024,1337,L2_Norm_Error,3.9499006650098006e-17,0.01099209999665618,ok
kADDSHAP,Diabetes(n=10),10,1024,1337,MSE,3.205115447541291e-11,0.007266900000104215,ok
kADDSHAP,Diabetes(n=10),10,1024,1337,MAE,3.133370616778289e-06,0.007266900000104215,ok
kADDSHAP,Diabetes(n=10),10,1024,1337,SSE,3.52562699229542e-10,0.007266900000104215,ok
kADDSHAP,Diabetes(n=10),10,1024,1337,SAE,3.446707678456118e-05,0.007266900000104215,ok
kADDSHAP,Diabetes(n=10),10,1024,1337,Precision@5,1.0,0.007266900000104215,ok
kADDSHAP,Diabetes(n=10),10,1024,1337,Precision@10,1.0,0.007266900000104215,ok
kADDSHAP,Diabetes(n=10),10,1024,1337,KendallTau,0.9999999999999999,0.007266900000104215,ok
kADDSHAP,Diabetes(n=10),10,1024,1337,L2_Norm_Error,6.286381338680165e-14,0.007266900000104215,ok
SPEX,Diabetes(n=10),10,1024,1337,MSE,1373.8451875144876,4.7026069999992615,ok
SPEX,Diabetes(n=10),10,1024,1337,MAE,11.17566458524456,4.7026069999992615,ok
SPEX,Diabetes(n=10),10,1024,1337,SSE,15112.297062659363,4.7026069999992615,ok
SPEX,Diabetes(n=10),10,1024,1337,SAE,122.93231043769015,4.7026069999992615,ok
SPEX,Diabetes(n=10),10,1024,1337,Precision@5,1.0,4.7026069999992615,ok
SPEX,Diabetes(n=10),10,1024,1337,Precision@10,1.0,4.7026069999992615,ok
SPEX,Diabetes(n=10),10,1024,1337,KendallTau,0.9999999999999999,4.7026069999992615,ok
SPEX,Diabetes(n=10),10,1024,1337,L2_Norm_Error,1.238474412049716e-12,4.7026069999992615,ok
RegressionMSR,Diabetes(n=10),10,1024,1337,MSE,3.437174933132271e-12,0.08257179999782238,ok
RegressionMSR,Diabetes(n=10),10,1024,1337,MAE,1.304918526658725e-06,0.08257179999782238,ok
RegressionMSR,Diabetes(n=10),10,1024,1337,SSE,3.780892426445498e-11,0.08257179999782238,ok
RegressionMSR,Diabetes(n=10),10,1024,1337,SAE,1.4354103793245976e-05,0.08257179999782238,ok
RegressionMSR,Diabetes(n=10),10,1024,1337,Precision@5,1.0,0.08257179999782238,ok
RegressionMSR,Diabetes(n=10),10,1024,1337,Precision@10,1.0,0.08257179999782238,ok
RegressionMSR,Diabetes(n=10),10,1024,1337,KendallTau,0.9999999999999999,0.08257179999782238,ok
RegressionMSR,Diabetes(n=10),10,1024,1337,L2_Norm_Error,6.741533249292914e-15,0.08257179999782238,ok
ProxySPEX,Diabetes(n=10),10,1024,1337,MSE,1379.2537119788146,5.347822099996847,ok
ProxySPEX,Diabetes(n=10),10,1024,1337,MAE,13.02490072946656,5.347822099996847,ok
ProxySPEX,Diabetes(n=10),10,1024,1337,SSE,15171.79083176696,5.347822099996847,ok
ProxySPEX,Diabetes(n=10),10,1024,1337,SAE,143.27390802413217,5.347822099996847,ok
ProxySPEX,Diabetes(n=10),10,1024,1337,Precision@5,1.0,5.347822099996847,ok
ProxySPEX,Diabetes(n=10),10,1024,1337,Precision@10,1.0,5.347822099996847,ok
ProxySPEX,Diabetes(n=10),10,1024,1337,KendallTau,0.9660917830792959,5.347822099996847,ok
ProxySPEX,Diabetes(n=10),10,1024,1337,L2_Norm_Error,0.010608056971049372,5.347822099996847,ok
OddSHAP,Diabetes(n=10),10,1024,1337,MSE,1.3118980962037136e-27,0.09915590000309749,ok
OddSHAP,Diabetes(n=10),10,1024,1337,MAE,2.751334513752888e-14,0.09915590000309749,ok
OddSHAP,Diabetes(n=10),10,1024,1337,SSE,1.443087905824085e-26,0.09915590000309749,ok
OddSHAP,Diabetes(n=10),10,1024,1337,SAE,3.0264679651281767e-13,0.09915590000309749,ok
OddSHAP,Diabetes(n=10),10,1024,1337,Precision@5,1.0,0.09915590000309749,ok
OddSHAP,Diabetes(n=10),10,1024,1337,Precision@10,1.0,0.09915590000309749,ok
OddSHAP,Diabetes(n=10),10,1024,1337,KendallTau,0.9999999999999999,0.09915590000309749,ok
OddSHAP,Diabetes(n=10),10,1024,1337,L2_Norm_Error,2.5731028554842144e-30,0.09915590000309749,ok
ShaplEIG,Diabetes(n=10),10,1024,1337,_,,0.0,skipped:incompatible_constructor(ImportError)
PolySHAPKAdd,Diabetes(n=10),10,1024,1337,MSE,2.8406735372377852e-14,0.00634390000050189,ok
PolySHAPKAdd,Diabetes(n=10),10,1024,1337,MAE,1.398687683653386e-07,0.00634390000050189,ok
PolySHAPKAdd,Diabetes(n=10),10,1024,1337,SSE,3.124740890961564e-13,0.00634390000050189,ok
PolySHAPKAdd,Diabetes(n=10),10,1024,1337,SAE,1.5385564520187245e-06,0.00634390000050189,ok
PolySHAPKAdd,Diabetes(n=10),10,1024,1337,Precision@5,1.0,0.00634390000050189,ok
PolySHAPKAdd,Diabetes(n=10),10,1024,1337,Precision@10,1.0,0.00634390000050189,ok
PolySHAPKAdd,Diabetes(n=10),10,1024,1337,KendallTau,0.9999999999999999,0.00634390000050189,ok
PolySHAPKAdd,Diabetes(n=10),10,1024,1337,L2_Norm_Error,5.571579996431355e-17,0.00634390000050189,ok
PolySHAPPartial,Diabetes(n=10),10,1024,1337,MSE,2.8406735372377852e-14,0.006477700000687037,ok
PolySHAPPartial,Diabetes(n=10),10,1024,1337,MAE,1.398687683653386e-07,0.006477700000687037,ok
PolySHAPPartial,Diabetes(n=10),10,1024,1337,SSE,3.124740890961564e-13,0.006477700000687037,ok
PolySHAPPartial,Diabetes(n=10),10,1024,1337,SAE,1.5385564520187245e-06,0.006477700000687037,ok
PolySHAPPartial,Diabetes(n=10),10,1024,1337,Precision@5,1.0,0.006477700000687037,ok
PolySHAPPartial,Diabetes(n=10),10,1024,1337,Precision@10,1.0,0.006477700000687037,ok
PolySHAPPartial,Diabetes(n=10),10,1024,1337,KendallTau,0.9999999999999999,0.006477700000687037,ok
PolySHAPPartial,Diabetes(n=10),10,1024,1337,L2_Norm_Error,5.571579996431355e-17,0.006477700000687037,ok
OptimizedKernelSHAP,Diabetes(n=10),10,1024,1337,MSE,2.2344906605527808e-11,0.006933799995749723,ok
OptimizedKernelSHAP,Diabetes(n=10),10,1024,1337,MAE,3.310695562767792e-06,0.006933799995749723,ok
OptimizedKernelSHAP,Diabetes(n=10),10,1024,1337,SSE,2.457939726608059e-10,0.006933799995749723,ok
OptimizedKernelSHAP,Diabetes(n=10),10,1024,1337,SAE,3.641765119044571e-05,0.006933799995749723,ok
OptimizedKernelSHAP,Diabetes(n=10),10,1024,1337,Precision@5,1.0,0.006933799995749723,ok
OptimizedKernelSHAP,Diabetes(n=10),10,1024,1337,Precision@10,1.0,0.006933799995749723,ok
OptimizedKernelSHAP,Diabetes(n=10),10,1024,1337,KendallTau,0.9999999999999999,0.006933799995749723,ok
OptimizedKernelSHAP,Diabetes(n=10),10,1024,1337,L2_Norm_Error,4.3826378861734124e-14,0.006933799995749723,ok
OwenSamplingSV,Adult(n=12),12,204,0,MSE,0.007452810087129901,0.08992500000022119,ok
OwenSamplingSV,Adult(n=12),12,204,0,MAE,0.05097496570861785,0.08992500000022119,ok
OwenSamplingSV,Adult(n=12),12,204,0,SSE,0.09688653113268872,0.08992500000022119,ok
OwenSamplingSV,Adult(n=12),12,204,0,SAE,0.662674554212032,0.08992500000022119,ok
OwenSamplingSV,Adult(n=12),12,204,0,Precision@5,0.2,0.08992500000022119,ok
OwenSamplingSV,Adult(n=12),12,204,0,Precision@10,0.8,0.08992500000022119,ok
OwenSamplingSV,Adult(n=12),12,204,0,KendallTau,0.28603877677367767,0.08992500000022119,ok
OwenSamplingSV,Adult(n=12),12,204,0,L2_Norm_Error,1.0095257294655102,0.08992500000022119,ok
StratifiedSamplingSV,Adult(n=12),12,204,0,MSE,0.007383021767299035,0.0786221000016667,ok
StratifiedSamplingSV,Adult(n=12),12,204,0,MAE,0.04952450593487516,0.0786221000016667,ok
StratifiedSamplingSV,Adult(n=12),12,204,0,SSE,0.09597928297488746,0.0786221000016667,ok
StratifiedSamplingSV,Adult(n=12),12,204,0,SAE,0.6438185771533771,0.0786221000016667,ok
StratifiedSamplingSV,Adult(n=12),12,204,0,Precision@5,0.4,0.0786221000016667,ok
StratifiedSamplingSV,Adult(n=12),12,204,0,Precision@10,0.8,0.0786221000016667,ok
StratifiedSamplingSV,Adult(n=12),12,204,0,KendallTau,0.3178208630818641,0.0786221000016667,ok
StratifiedSamplingSV,Adult(n=12),12,204,0,L2_Norm_Error,0.9814837997030336,0.0786221000016667,ok
SVARM,Adult(n=12),12,204,0,MSE,0.00739927794068665,0.04670510000141803,ok
SVARM,Adult(n=12),12,204,0,MAE,0.05050630209460291,0.04670510000141803,ok
SVARM,Adult(n=12),12,204,0,SSE,0.09619061322892646,0.04670510000141803,ok
SVARM,Adult(n=12),12,204,0,SAE,0.6565819272298379,0.04670510000141803,ok
SVARM,Adult(n=12),12,204,0,Precision@5,0.6,0.04670510000141803,ok
SVARM,Adult(n=12),12,204,0,Precision@10,0.9,0.04670510000141803,ok
SVARM,Adult(n=12),12,204,0,KendallTau,0.2121212121212121,0.04670510000141803,ok
SVARM,Adult(n=12),12,204,0,L2_Norm_Error,0.9880157591118129,0.04670510000141803,ok
UnbiasedKernelSHAP,Adult(n=12),12,204,0,MSE,0.00736849376983331,0.01435460000357125,ok
UnbiasedKernelSHAP,Adult(n=12),12,204,0,MAE,0.05212554931678322,0.01435460000357125,ok
UnbiasedKernelSHAP,Adult(n=12),12,204,0,SSE,0.09579041900783303,0.01435460000357125,ok
UnbiasedKernelSHAP,Adult(n=12),12,204,0,SAE,0.6776321411181818,0.01435460000357125,ok
UnbiasedKernelSHAP,Adult(n=12),12,204,0,Precision@5,0.4,0.01435460000357125,ok
UnbiasedKernelSHAP,Adult(n=12),12,204,0,Precision@10,0.8,0.01435460000357125,ok
UnbiasedKernelSHAP,Adult(n=12),12,204,0,KendallTau,0.2121212121212121,0.01435460000357125,ok
UnbiasedKernelSHAP,Adult(n=12),12,204,0,L2_Norm_Error,0.9756462457182025,0.01435460000357125,ok
PermutationSamplingSV,Adult(n=12),12,204,0,MSE,0.007405989382613668,0.004780199997185264,ok
PermutationSamplingSV,Adult(n=12),12,204,0,MAE,0.050295352503140954,0.004780199997185264,ok
PermutationSamplingSV,Adult(n=12),12,204,0,SSE,0.09627786197397768,0.004780199997185264,ok
PermutationSamplingSV,Adult(n=12),12,204,0,SAE,0.6538395825408324,0.004780199997185264,ok
PermutationSamplingSV,Adult(n=12),12,204,0,Precision@5,0.4,0.004780199997185264,ok
PermutationSamplingSV,Adult(n=12),12,204,0,Precision@10,0.8,0.004780199997185264,ok
PermutationSamplingSV,Adult(n=12),12,204,0,KendallTau,0.3496029493900505,0.004780199997185264,ok
PermutationSamplingSV,Adult(n=12),12,204,0,L2_Norm_Error,0.9907125109977797,0.004780199997185264,ok
KernelSHAP,Adult(n=12),12,204,0,MSE,0.007356932774240692,0.013987300000735559,ok
KernelSHAP,Adult(n=12),12,204,0,MAE,0.04924515246048537,0.013987300000735559,ok
KernelSHAP,Adult(n=12),12,204,0,SSE,0.09564012606512899,0.013987300000735559,ok
KernelSHAP,Adult(n=12),12,204,0,SAE,0.6401869819863099,0.013987300000735559,ok
KernelSHAP,Adult(n=12),12,204,0,Precision@5,0.4,0.013987300000735559,ok
KernelSHAP,Adult(n=12),12,204,0,Precision@10,0.8,0.013987300000735559,ok
KernelSHAP,Adult(n=12),12,204,0,KendallTau,0.2424242424242424,0.013987300000735559,ok
KernelSHAP,Adult(n=12),12,204,0,L2_Norm_Error,0.9710008748713588,0.013987300000735559,ok
LeverageSHAP,Adult(n=12),12,204,0,MSE,0.007344906499213887,0.003111899997747969,ok
LeverageSHAP,Adult(n=12),12,204,0,MAE,0.04973621689953526,0.003111899997747969,ok
LeverageSHAP,Adult(n=12),12,204,0,SSE,0.09548378448978054,0.003111899997747969,ok
LeverageSHAP,Adult(n=12),12,204,0,SAE,0.6465708196939584,0.003111899997747969,ok
LeverageSHAP,Adult(n=12),12,204,0,Precision@5,0.4,0.003111899997747969,ok
LeverageSHAP,Adult(n=12),12,204,0,Precision@10,0.8,0.003111899997747969,ok
LeverageSHAP,Adult(n=12),12,204,0,KendallTau,0.2424242424242424,0.003111899997747969,ok
LeverageSHAP,Adult(n=12),12,204,0,L2_Norm_Error,0.9661685481951588,0.003111899997747969,ok
kADDSHAP,Adult(n=12),12,204,0,MSE,0.007356932814889527,0.013726699995459057,ok
kADDSHAP,Adult(n=12),12,204,0,MAE,0.049245152800907924,0.013726699995459057,ok
kADDSHAP,Adult(n=12),12,204,0,SSE,0.09564012659356384,0.013726699995459057,ok
kADDSHAP,Adult(n=12),12,204,0,SAE,0.640186986411803,0.013726699995459057,ok
kADDSHAP,Adult(n=12),12,204,0,Precision@5,0.4,0.013726699995459057,ok
kADDSHAP,Adult(n=12),12,204,0,Precision@10,0.8,0.013726699995459057,ok
kADDSHAP,Adult(n=12),12,204,0,KendallTau,0.2424242424242424,0.013726699995459057,ok
kADDSHAP,Adult(n=12),12,204,0,L2_Norm_Error,0.9710008912046327,0.013726699995459057,ok
SPEX,Adult(n=12),12,204,0,_,,0.30017630000656936,skipped:refused_regime(ValueError)
RegressionMSR,Adult(n=12),12,204,0,MSE,0.0073528489821299715,0.043556399999943096,ok
RegressionMSR,Adult(n=12),12,204,0,MAE,0.049677149033972676,0.043556399999943096,ok
RegressionMSR,Adult(n=12),12,204,0,SSE,0.09558703676768963,0.043556399999943096,ok
RegressionMSR,Adult(n=12),12,204,0,SAE,0.6458029374416447,0.043556399999943096,ok
RegressionMSR,Adult(n=12),12,204,0,Precision@5,0.4,0.043556399999943096,ok
RegressionMSR,Adult(n=12),12,204,0,Precision@10,0.9,0.043556399999943096,ok
RegressionMSR,Adult(n=12),12,204,0,KendallTau,0.303030303030303,0.043556399999943096,ok
RegressionMSR,Adult(n=12),12,204,0,L2_Norm_Error,0.9693599496877339,0.043556399999943096,ok
ProxySPEX,Adult(n=12),12,204,0,MSE,0.007109835259743603,2.1145142999957898,ok
ProxySPEX,Adult(n=12),12,204,0,MAE,0.049028364020594635,2.1145142999957898,ok
ProxySPEX,Adult(n=12),12,204,0,SSE,0.09242785837666684,2.1145142999957898,ok
ProxySPEX,Adult(n=12),12,204,0,SAE,0.6373687322677303,2.1145142999957898,ok
ProxySPEX,Adult(n=12),12,204,0,Precision@5,0.4,2.1145142999957898,ok
ProxySPEX,Adult(n=12),12,204,0,Precision@10,0.9,2.1145142999957898,ok
ProxySPEX,Adult(n=12),12,204,0,KendallTau,0.25854384499750954,2.1145142999957898,ok
ProxySPEX,Adult(n=12),12,204,0,L2_Norm_Error,0.9709475841152827,2.1145142999957898,ok
OddSHAP,Adult(n=12),12,204,0,MSE,0.0073449065139838555,0.027788599996711127,ok
OddSHAP,Adult(n=12),12,204,0,MAE,0.049736216950693884,0.027788599996711127,ok
OddSHAP,Adult(n=12),12,204,0,SSE,0.09548378468179013,0.027788599996711127,ok
OddSHAP,Adult(n=12),12,204,0,SAE,0.6465708203590205,0.027788599996711127,ok
OddSHAP,Adult(n=12),12,204,0,Precision@5,0.4,0.027788599996711127,ok
OddSHAP,Adult(n=12),12,204,0,Precision@10,0.8,0.027788599996711127,ok
OddSHAP,Adult(n=12),12,204,0,KendallTau,0.2424242424242424,0.027788599996711127,ok
OddSHAP,Adult(n=12),12,204,0,L2_Norm_Error,0.9661685541299402,0.027788599996711127,ok
ShaplEIG,Adult(n=12),12,204,0,_,,0.0,skipped:incompatible_constructor(ImportError)
PolySHAPKAdd,Adult(n=12),12,204,0,MSE,0.007356932754936937,0.013173100000130944,ok
PolySHAPKAdd,Adult(n=12),12,204,0,MAE,0.04924515170738148,0.013173100000130944,ok
PolySHAPKAdd,Adult(n=12),12,204,0,SSE,0.09564012581418017,0.013173100000130944,ok
PolySHAPKAdd,Adult(n=12),12,204,0,SAE,0.6401869721959592,0.013173100000130944,ok
PolySHAPKAdd,Adult(n=12),12,204,0,Precision@5,0.4,0.013173100000130944,ok
PolySHAPKAdd,Adult(n=12),12,204,0,Precision@10,0.8,0.013173100000130944,ok
PolySHAPKAdd,Adult(n=12),12,204,0,KendallTau,0.2424242424242424,0.013173100000130944,ok
PolySHAPKAdd,Adult(n=12),12,204,0,L2_Norm_Error,0.9710008671148385,0.013173100000130944,ok
PolySHAPPartial,Adult(n=12),12,204,0,MSE,0.007356932754936937,0.012817900002119131,ok
PolySHAPPartial,Adult(n=12),12,204,0,MAE,0.04924515170738148,0.012817900002119131,ok
PolySHAPPartial,Adult(n=12),12,204,0,SSE,0.09564012581418017,0.012817900002119131,ok
PolySHAPPartial,Adult(n=12),12,204,0,SAE,0.6401869721959592,0.012817900002119131,ok
PolySHAPPartial,Adult(n=12),12,204,0,Precision@5,0.4,0.012817900002119131,ok
PolySHAPPartial,Adult(n=12),12,204,0,Precision@10,0.8,0.012817900002119131,ok
PolySHAPPartial,Adult(n=12),12,204,0,KendallTau,0.2424242424242424,0.012817900002119131,ok
PolySHAPPartial,Adult(n=12),12,204,0,L2_Norm_Error,0.9710008671148385,0.012817900002119131,ok
OptimizedKernelSHAP,Adult(n=12),12,204,0,MSE,0.007344906387222136,0.009136100001342129,ok
OptimizedKernelSHAP,Adult(n=12),12,204,0,MAE,0.049736215370397775,0.009136100001342129,ok
OptimizedKernelSHAP,Adult(n=12),12,204,0,SSE,0.09548378303388777,0.009136100001342129,ok
OptimizedKernelSHAP,Adult(n=12),12,204,0,SAE,0.6465707998151711,0.009136100001342129,ok
OptimizedKernelSHAP,Adult(n=12),12,204,0,Precision@5,0.4,0.009136100001342129,ok
OptimizedKernelSHAP,Adult(n=12),12,204,0,Precision@10,0.8,0.009136100001342129,ok
OptimizedKernelSHAP,Adult(n=12),12,204,0,KendallTau,0.39393939393939387,0.009136100001342129,ok
OptimizedKernelSHAP,Adult(n=12),12,204,0,L2_Norm_Error,0.966168503195296,0.009136100001342129,ok
OwenSamplingSV,Adult(n=12),12,1024,0,MSE,0.007376836371780007,0.4858498999965377,ok
OwenSamplingSV,Adult(n=12),12,1024,0,MAE,0.04982689188005571,0.4858498999965377,ok
OwenSamplingSV,Adult(n=12),12,1024,0,SSE,0.0958988728331401,0.4858498999965377,ok
OwenSamplingSV,Adult(n=12),12,1024,0,SAE,0.6477495944407242,0.4858498999965377,ok
OwenSamplingSV,Adult(n=12),12,1024,0,Precision@5,0.4,0.4858498999965377,ok
OwenSamplingSV,Adult(n=12),12,1024,0,Precision@10,0.8,0.4858498999965377,ok
OwenSamplingSV,Adult(n=12),12,1024,0,KendallTau,0.3496029493900505,0.4858498999965377,ok
OwenSamplingSV,Adult(n=12),12,1024,0,L2_Norm_Error,0.9789984206723005,0.4858498999965377,ok
StratifiedSamplingSV,Adult(n=12),12,1024,0,MSE,0.007351786161159545,0.38165509999817004,ok
StratifiedSamplingSV,Adult(n=12),12,1024,0,MAE,0.04954518347029503,0.38165509999817004,ok
StratifiedSamplingSV,Adult(n=12),12,1024,0,SSE,0.09557322009507409,0.38165509999817004,ok
StratifiedSamplingSV,Adult(n=12),12,1024,0,SAE,0.6440873851138355,0.38165509999817004,ok
StratifiedSamplingSV,Adult(n=12),12,1024,0,Precision@5,0.4,0.38165509999817004,ok
StratifiedSamplingSV,Adult(n=12),12,1024,0,Precision@10,0.8,0.38165509999817004,ok
StratifiedSamplingSV,Adult(n=12),12,1024,0,KendallTau,0.3178208630818641,0.38165509999817004,ok
StratifiedSamplingSV,Adult(n=12),12,1024,0,L2_Norm_Error,0.9689328932537198,0.38165509999817004,ok
SVARM,Adult(n=12),12,1024,0,MSE,0.0073670396483018746,0.11701149999862537,ok
SVARM,Adult(n=12),12,1024,0,MAE,0.0497491509097078,0.11701149999862537,ok
SVARM,Adult(n=12),12,1024,0,SSE,0.09577151542792436,0.11701149999862537,ok
SVARM,Adult(n=12),12,1024,0,SAE,0.6467389618262014,0.11701149999862537,ok
SVARM,Adult(n=12),12,1024,0,Precision@5,0.4,0.11701149999862537,ok
SVARM,Adult(n=12),12,1024,0,Precision@10,0.9,0.11701149999862537,ok
SVARM,Adult(n=12),12,1024,0,KendallTau,0.3333333333333333,0.11701149999862537,ok
SVARM,Adult(n=12),12,1024,0,L2_Norm_Error,0.9750619592079459,0.11701149999862537,ok
UnbiasedKernelSHAP,Adult(n=12),12,1024,0,MSE,0.007358249611294263,0.06535810000059428,ok
UnbiasedKernelSHAP,Adult(n=12),12,1024,0,MAE,0.04980066016178226,0.06535810000059428,ok
UnbiasedKernelSHAP,Adult(n=12),12,1024,0,SSE,0.09565724494682543,0.06535810000059428,ok
UnbiasedKernelSHAP,Adult(n=12),12,1024,0,SAE,0.6474085821031693,0.06535810000059428,ok
UnbiasedKernelSHAP,Adult(n=12),12,1024,0,Precision@5,0.4,0.06535810000059428,ok
UnbiasedKernelSHAP,Adult(n=12),12,1024,0,Precision@10,0.8,0.06535810000059428,ok
UnbiasedKernelSHAP,Adult(n=12),12,1024,0,KendallTau,0.303030303030303,0.06535810000059428,ok
UnbiasedKernelSHAP,Adult(n=12),12,1024,0,L2_Norm_Error,0.971529998544982,0.06535810000059428,ok
PermutationSamplingSV,Adult(n=12),12,1024,0,MSE,0.007326339800178138,0.016755100004957058,ok
PermutationSamplingSV,Adult(n=12),12,1024,0,MAE,0.04932929656758514,0.016755100004957058,ok
PermutationSamplingSV,Adult(n=12),12,1024,0,SSE,0.09524241740231579,0.016755100004957058,ok
PermutationSamplingSV,Adult(n=12),12,1024,0,SAE,0.6412808553786068,0.016755100004957058,ok
PermutationSamplingSV,Adult(n=12),12,1024,0,Precision@5,0.4,0.016755100004957058,ok
PermutationSamplingSV,Adult(n=12),12,1024,0,Precision@10,0.8,0.016755100004957058,ok
PermutationSamplingSV,Adult(n=12),12,1024,0,KendallTau,0.3496029493900505,0.016755100004957058,ok
PermutationSamplingSV,Adult(n=12),12,1024,0,L2_Norm_Error,0.9587081870409797,0.016755100004957058,ok
KernelSHAP,Adult(n=12),12,1024,0,MSE,0.0073390363262635355,0.06735919999482576,ok
KernelSHAP,Adult(n=12),12,1024,0,MAE,0.049518844970641435,0.06735919999482576,ok
KernelSHAP,Adult(n=12),12,1024,0,SSE,0.09540747224142596,0.06735919999482576,ok
KernelSHAP,Adult(n=12),12,1024,0,SAE,0.6437449846183386,0.06735919999482576,ok
KernelSHAP,Adult(n=12),12,1024,0,Precision@5,0.4,0.06735919999482576,ok
KernelSHAP,Adult(n=12),12,1024,0,Precision@10,0.8,0.06735919999482576,ok
KernelSHAP,Adult(n=12),12,1024,0,KendallTau,0.2727272727272727,0.06735919999482576,ok
KernelSHAP,Adult(n=12),12,1024,0,L2_Norm_Error,0.9638098300319146,0.06735919999482576,ok
LeverageSHAP,Adult(n=12),12,1024,0,MSE,0.007344906520396239,0.009089099999982864,ok
LeverageSHAP,Adult(n=12),12,1024,0,MAE,0.04973621709535035,0.009089099999982864,ok
LeverageSHAP,Adult(n=12),12,1024,0,SSE,0.09548378476515111,0.009089099999982864,ok
LeverageSHAP,Adult(n=12),12,1024,0,SAE,0.6465708222395545,0.009089099999982864,ok
LeverageSHAP,Adult(n=12),12,1024,0,Precision@5,0.4,0.009089099999982864,ok
LeverageSHAP,Adult(n=12),12,1024,0,Precision@10,0.8,0.009089099999982864,ok
LeverageSHAP,Adult(n=12),12,1024,0,KendallTau,0.303030303030303,0.009089099999982864,ok
LeverageSHAP,Adult(n=12),12,1024,0,L2_Norm_Error,0.9661685567065261,0.009089099999982864,ok
kADDSHAP,Adult(n=12),12,1024,0,MSE,0.0073390363794502405,0.06621489999815822,ok
kADDSHAP,Adult(n=12),12,1024,0,MAE,0.04951884713841623,0.06621489999815822,ok
kADDSHAP,Adult(n=12),12,1024,0,SSE,0.09540747293285312,0.06621489999815822,ok
kADDSHAP,Adult(n=12),12,1024,0,SAE,0.643745012799411,0.06621489999815822,ok
kADDSHAP,Adult(n=12),12,1024,0,Precision@5,0.4,0.06621489999815822,ok
kADDSHAP,Adult(n=12),12,1024,0,Precision@10,0.8,0.06621489999815822,ok
kADDSHAP,Adult(n=12),12,1024,0,KendallTau,0.2727272727272727,0.06621489999815822,ok
kADDSHAP,Adult(n=12),12,1024,0,L2_Norm_Error,0.9638098514030816,0.06621489999815822,ok
SPEX,Adult(n=12),12,1024,0,MSE,0.007097611322331942,2.7080598000029568,ok
SPEX,Adult(n=12),12,1024,0,MAE,0.04924196455430971,2.7080598000029568,ok
SPEX,Adult(n=12),12,1024,0,SSE,0.09226894719031524,2.7080598000029568,ok
SPEX,Adult(n=12),12,1024,0,SAE,0.6401455392060262,2.7080598000029568,ok
SPEX,Adult(n=12),12,1024,0,Precision@5,0.4,2.7080598000029568,ok
SPEX,Adult(n=12),12,1024,0,Precision@10,0.8,2.7080598000029568,ok
SPEX,Adult(n=12),12,1024,0,KendallTau,0.3178208630818641,2.7080598000029568,ok
SPEX,Adult(n=12),12,1024,0,L2_Norm_Error,0.966035833909096,2.7080598000029568,ok
RegressionMSR,Adult(n=12),12,1024,0,MSE,0.007345531750127767,0.10878569999476895,ok
RegressionMSR,Adult(n=12),12,1024,0,MAE,0.04971909018809363,0.10878569999476895,ok
RegressionMSR,Adult(n=12),12,1024,0,SSE,0.09549191275166097,0.10878569999476895,ok
RegressionMSR,Adult(n=12),12,1024,0,SAE,0.6463481724452173,0.10878569999476895,ok
RegressionMSR,Adult(n=12),12,1024,0,Precision@5,0.4,0.10878569999476895,ok
RegressionMSR,Adult(n=12),12,1024,0,Precision@10,0.8,0.10878569999476895,ok
RegressionMSR,Adult(n=12),12,1024,0,KendallTau,0.39393939393939387,0.10878569999476895,ok
RegressionMSR,Adult(n=12),12,1024,0,L2_Norm_Error,0.9664197828179929,0.10878569999476895,ok
ProxySPEX,Adult(n=12),12,1024,0,MSE,0.0071205528405402785,5.066696599998977,ok
ProxySPEX,Adult(n=12),12,1024,0,MAE,0.049076986025901013,5.066696599998977,ok
ProxySPEX,Adult(n=12),12,1024,0,SSE,0.09256718692702362,5.066696599998977,ok
ProxySPEX,Adult(n=12),12,1024,0,SAE,0.6380008183367132,5.066696599998977,ok
ProxySPEX,Adult(n=12),12,1024,0,Precision@5,0.4,5.066696599998977,ok
ProxySPEX,Adult(n=12),12,1024,0,Precision@10,0.9,5.066696599998977,ok
ProxySPEX,Adult(n=12),12,1024,0,KendallTau,0.22407133233117493,5.066696599998977,ok
ProxySPEX,Adult(n=12),12,1024,0,L2_Norm_Error,0.975254059018998,5.066696599998977,ok
OddSHAP,Adult(n=12),12,1024,0,MSE,0.007344906503365865,0.1115838999976404,ok
OddSHAP,Adult(n=12),12,1024,0,MAE,0.04973621706471705,0.1115838999976404,ok
OddSHAP,Adult(n=12),12,1024,0,SSE,0.09548378454375624,0.1115838999976404,ok
OddSHAP,Adult(n=12),12,1024,0,SAE,0.6465708218413216,0.1115838999976404,ok
OddSHAP,Adult(n=12),12,1024,0,Precision@5,0.4,0.1115838999976404,ok
OddSHAP,Adult(n=12),12,1024,0,Precision@10,0.9,0.1115838999976404,ok
OddSHAP,Adult(n=12),12,1024,0,KendallTau,0.2727272727272727,0.1115838999976404,ok
OddSHAP,Adult(n=12),12,1024,0,L2_Norm_Error,0.9661685498634817,0.1115838999976404,ok
ShaplEIG,Adult(n=12),12,1024,0,_,,0.0,skipped:incompatible_constructor(ImportError)
PolySHAPKAdd,Adult(n=12),12,1024,0,MSE,0.007339036373369438,0.0642292999982601,ok
PolySHAPKAdd,Adult(n=12),12,1024,0,MAE,0.0495188462985573,0.0642292999982601,ok
PolySHAPKAdd,Adult(n=12),12,1024,0,SSE,0.09540747285380269,0.0642292999982601,ok
PolySHAPKAdd,Adult(n=12),12,1024,0,SAE,0.643745001881245,0.0642292999982601,ok
PolySHAPKAdd,Adult(n=12),12,1024,0,Precision@5,0.4,0.0642292999982601,ok
PolySHAPKAdd,Adult(n=12),12,1024,0,Precision@10,0.8,0.0642292999982601,ok
PolySHAPKAdd,Adult(n=12),12,1024,0,KendallTau,0.2727272727272727,0.0642292999982601,ok
PolySHAPKAdd,Adult(n=12),12,1024,0,L2_Norm_Error,0.9638098489597295,0.0642292999982601,ok
PolySHAPPartial,Adult(n=12),12,1024,0,MSE,0.007339036373369438,0.06230320000031497,ok
PolySHAPPartial,Adult(n=12),12,1024,0,MAE,0.0495188462985573,0.06230320000031497,ok
PolySHAPPartial,Adult(n=12),12,1024,0,SSE,0.09540747285380269,0.06230320000031497,ok
PolySHAPPartial,Adult(n=12),12,1024,0,SAE,0.643745001881245,0.06230320000031497,ok
PolySHAPPartial,Adult(n=12),12,1024,0,Precision@5,0.4,0.06230320000031497,ok
PolySHAPPartial,Adult(n=12),12,1024,0,Precision@10,0.8,0.06230320000031497,ok
PolySHAPPartial,Adult(n=12),12,1024,0,KendallTau,0.2727272727272727,0.06230320000031497,ok
PolySHAPPartial,Adult(n=12),12,1024,0,L2_Norm_Error,0.9638098489597295,0.06230320000031497,ok
OptimizedKernelSHAP,Adult(n=12),12,1024,0,MSE,0.0073449065395203095,0.04080120000435272,ok
OptimizedKernelSHAP,Adult(n=12),12,1024,0,MAE,0.04973621671562511,0.04080120000435272,ok
OptimizedKernelSHAP,Adult(n=12),12,1024,0,SSE,0.09548378501376402,0.04080120000435272,ok
OptimizedKernelSHAP,Adult(n=12),12,1024,0,SAE,0.6465708173031264,0.04080120000435272,ok
OptimizedKernelSHAP,Adult(n=12),12,1024,0,Precision@5,0.4,0.04080120000435272,ok
OptimizedKernelSHAP,Adult(n=12),12,1024,0,Precision@10,0.8,0.04080120000435272,ok
OptimizedKernelSHAP,Adult(n=12),12,1024,0,KendallTau,0.3333333333333333,0.04080120000435272,ok
OptimizedKernelSHAP,Adult(n=12),12,1024,0,L2_Norm_Error,0.9661685643908461,0.04080120000435272,ok
OwenSamplingSV,Adult(n=12),12,2048,0,MSE,0.007371117429714303,0.8224533999964478,ok
OwenSamplingSV,Adult(n=12),12,2048,0,MAE,0.04986908892314263,0.8224533999964478,ok
OwenSamplingSV,Adult(n=12),12,2048,0,SSE,0.09582452658628594,0.8224533999964478,ok
OwenSamplingSV,Adult(n=12),12,2048,0,SAE,0.6482981560008542,0.8224533999964478,ok
OwenSamplingSV,Adult(n=12),12,2048,0,Precision@5,0.4,0.8224533999964478,ok
OwenSamplingSV,Adult(n=12),12,2048,0,Precision@10,0.8,0.8224533999964478,ok
OwenSamplingSV,Adult(n=12),12,2048,0,KendallTau,0.3178208630818641,0.8224533999964478,ok
OwenSamplingSV,Adult(n=12),12,2048,0,L2_Norm_Error,0.9767004692083476,0.8224533999964478,ok
StratifiedSamplingSV,Adult(n=12),12,2048,0,MSE,0.0073337292423099705,0.9888626000029035,ok
StratifiedSamplingSV,Adult(n=12),12,2048,0,MAE,0.049612164909497124,0.9888626000029035,ok
StratifiedSamplingSV,Adult(n=12),12,2048,0,SSE,0.09533848015002962,0.9888626000029035,ok
StratifiedSamplingSV,Adult(n=12),12,2048,0,SAE,0.6449581438234626,0.9888626000029035,ok
StratifiedSamplingSV,Adult(n=12),12,2048,0,Precision@5,0.4,0.9888626000029035,ok
StratifiedSamplingSV,Adult(n=12),12,2048,0,Precision@10,0.8,0.9888626000029035,ok
StratifiedSamplingSV,Adult(n=12),12,2048,0,KendallTau,0.3496029493900505,0.9888626000029035,ok
StratifiedSamplingSV,Adult(n=12),12,2048,0,L2_Norm_Error,0.9616773689577676,0.9888626000029035,ok
SVARM,Adult(n=12),12,2048,0,MSE,0.007355781754307253,0.1876055000029737,ok
SVARM,Adult(n=12),12,2048,0,MAE,0.049833914298951315,0.1876055000029737,ok
SVARM,Adult(n=12),12,2048,0,SSE,0.0956251628059943,0.1876055000029737,ok
SVARM,Adult(n=12),12,2048,0,SAE,0.6478408858863671,0.1876055000029737,ok
SVARM,Adult(n=12),12,2048,0,Precision@5,0.4,0.1876055000029737,ok
SVARM,Adult(n=12),12,2048,0,Precision@10,0.8,0.1876055000029737,ok
SVARM,Adult(n=12),12,2048,0,KendallTau,0.3333333333333333,0.1876055000029737,ok
SVARM,Adult(n=12),12,2048,0,L2_Norm_Error,0.9705383788518696,0.1876055000029737,ok
UnbiasedKernelSHAP,Adult(n=12),12,2048,0,MSE,0.007350075776953355,0.11117490000469843,ok
UnbiasedKernelSHAP,Adult(n=12),12,2048,0,MAE,0.04977226033859317,0.11117490000469843,ok
UnbiasedKernelSHAP,Adult(n=12),12,2048,0,SSE,0.09555098510039362,0.11117490000469843,ok
UnbiasedKernelSHAP,Adult(n=12),12,2048,0,SAE,0.6470393844017113,0.11117490000469843,ok
UnbiasedKernelSHAP,Adult(n=12),12,2048,0,Precision@5,0.4,0.11117490000469843,ok
UnbiasedKernelSHAP,Adult(n=12),12,2048,0,Precision@10,0.8,0.11117490000469843,ok
UnbiasedKernelSHAP,Adult(n=12),12,2048,0,KendallTau,0.3636363636363636,0.11117490000469843,ok
UnbiasedKernelSHAP,Adult(n=12),12,2048,0,L2_Norm_Error,0.9682456367917059,0.11117490000469843,ok
PermutationSamplingSV,Adult(n=12),12,2048,0,MSE,0.007341169325458809,0.033090299999457784,ok
PermutationSamplingSV,Adult(n=12),12,2048,0,MAE,0.04970296009269832,0.033090299999457784,ok
PermutationSamplingSV,Adult(n=12),12,2048,0,SSE,0.09543520123096452,0.033090299999457784,ok
PermutationSamplingSV,Adult(n=12),12,2048,0,SAE,0.6461384812050781,0.033090299999457784,ok
PermutationSamplingSV,Adult(n=12),12,2048,0,Precision@5,0.4,0.033090299999457784,ok
PermutationSamplingSV,Adult(n=12),12,2048,0,Precision@10,0.8,0.033090299999457784,ok
PermutationSamplingSV,Adult(n=12),12,2048,0,KendallTau,0.3496029493900505,0.033090299999457784,ok
PermutationSamplingSV,Adult(n=12),12,2048,0,L2_Norm_Error,0.9646668991483831,0.033090299999457784,ok
KernelSHAP,Adult(n=12),12,2048,0,MSE,0.00735077277107957,0.11238899999443674,ok
KernelSHAP,Adult(n=12),12,2048,0,MAE,0.04974677386009891,0.11238899999443674,ok
KernelSHAP,Adult(n=12),12,2048,0,SSE,0.09556004602403441,0.11238899999443674,ok
KernelSHAP,Adult(n=12),12,2048,0,SAE,0.6467080601812858,0.11238899999443674,ok
KernelSHAP,Adult(n=12),12,2048,0,Precision@5,0.4,0.11238899999443674,ok
KernelSHAP,Adult(n=12),12,2048,0,Precision@10,0.9,0.11238899999443674,ok
KernelSHAP,Adult(n=12),12,2048,0,KendallTau,0.2424242424242424,0.11238899999443674,ok
KernelSHAP,Adult(n=12),12,2048,0,L2_Norm_Error,0.9685256988476423,0.11238899999443674,ok
LeverageSHAP,Adult(n=12),12,2048,0,MSE,0.007344906504797595,0.01732320000155596,ok
LeverageSHAP,Adult(n=12),12,2048,0,MAE,0.04973621701542697,0.01732320000155596,ok
LeverageSHAP,Adult(n=12),12,2048,0,SSE,0.09548378456236874,0.01732320000155596,ok
LeverageSHAP,Adult(n=12),12,2048,0,SAE,0.6465708212005506,0.01732320000155596,ok
LeverageSHAP,Adult(n=12),12,2048,0,Precision@5,0.4,0.01732320000155596,ok
LeverageSHAP,Adult(n=12),12,2048,0,Precision@10,0.8,0.01732320000155596,ok
LeverageSHAP,Adult(n=12),12,2048,0,KendallTau,0.3333333333333333,0.01732320000155596,ok
LeverageSHAP,Adult(n=12),12,2048,0,L2_Norm_Error,0.966168550438771,0.01732320000155596,ok
kADDSHAP,Adult(n=12),12,2048,0,MSE,0.007350772855497675,0.12143590000050608,ok
kADDSHAP,Adult(n=12),12,2048,0,MAE,0.049746777021175796,0.12143590000050608,ok
kADDSHAP,Adult(n=12),12,2048,0,SSE,0.09556004712146977,0.12143590000050608,ok
kADDSHAP,Adult(n=12),12,2048,0,SAE,0.6467081012752853,0.12143590000050608,ok
kADDSHAP,Adult(n=12),12,2048,0,Precision@5,0.4,0.12143590000050608,ok
kADDSHAP,Adult(n=12),12,2048,0,Precision@10,0.9,0.12143590000050608,ok
kADDSHAP,Adult(n=12),12,2048,0,KendallTau,0.2424242424242424,0.12143590000050608,ok
kADDSHAP,Adult(n=12),12,2048,0,L2_Norm_Error,0.968525732768026,0.12143590000050608,ok
SPEX,Adult(n=12),12,2048,0,MSE,0.0070981539701269105,0.4018480000013369,ok
SPEX,Adult(n=12),12,2048,0,MAE,0.04924354999230819,0.4018480000013369,ok
SPEX,Adult(n=12),12,2048,0,SSE,0.09227600161164984,0.4018480000013369,ok
SPEX,Adult(n=12),12,2048,0,SAE,0.6401661499000065,0.4018480000013369,ok
SPEX,Adult(n=12),12,2048,0,Precision@5,0.4,0.4018480000013369,ok
SPEX,Adult(n=12),12,2048,0,Precision@10,0.8,0.4018480000013369,ok
SPEX,Adult(n=12),12,2048,0,KendallTau,0.3178208630818641,0.4018480000013369,ok
SPEX,Adult(n=12),12,2048,0,L2_Norm_Error,0.9662538774354215,0.4018480000013369,ok
RegressionMSR,Adult(n=12),12,2048,0,MSE,0.007344841818298994,0.17720250000274973,ok
RegressionMSR,Adult(n=12),12,2048,0,MAE,0.04973132752400826,0.17720250000274973,ok
RegressionMSR,Adult(n=12),12,2048,0,SSE,0.09548294363788692,0.17720250000274973,ok
RegressionMSR,Adult(n=12),12,2048,0,SAE,0.6465072578121074,0.17720250000274973,ok
RegressionMSR,Adult(n=12),12,2048,0,Precision@5,0.4,0.17720250000274973,ok
RegressionMSR,Adult(n=12),12,2048,0,Precision@10,0.9,0.17720250000274973,ok
RegressionMSR,Adult(n=12),12,2048,0,KendallTau,0.3333333333333333,0.17720250000274973,ok
RegressionMSR,Adult(n=12),12,2048,0,L2_Norm_Error,0.96614255849263,0.17720250000274973,ok
ProxySPEX,Adult(n=12),12,2048,0,MSE,0.007130717822769344,5.734167899994645,ok
ProxySPEX,Adult(n=12),12,2048,0,MAE,0.04912160100254343,5.734167899994645,ok
ProxySPEX,Adult(n=12),12,2048,0,SSE,0.09269933169600147,5.734167899994645,ok
ProxySPEX,Adult(n=12),12,2048,0,SAE,0.6385808130330646,5.734167899994645,ok
ProxySPEX,Adult(n=12),12,2048,0,Precision@5,0.4,5.734167899994645,ok
ProxySPEX,Adult(n=12),12,2048,0,Precision@10,0.9,5.734167899994645,ok
ProxySPEX,Adult(n=12),12,2048,0,KendallTau,0.22407133233117493,5.734167899994645,ok
ProxySPEX,Adult(n=12),12,2048,0,L2_Norm_Error,0.9793384920357997,5.734167899994645,ok
OddSHAP,Adult(n=12),12,2048,0,MSE,0.00734490650536274,0.17193199999746867,ok
OddSHAP,Adult(n=12),12,2048,0,MAE,0.0497362170864332,0.17193199999746867,ok
OddSHAP,Adult(n=12),12,2048,0,SSE,0.09548378456971562,0.17193199999746867,ok
OddSHAP,Adult(n=12),12,2048,0,SAE,0.6465708221236316,0.17193199999746867,ok
OddSHAP,Adult(n=12),12,2048,0,Precision@5,0.4,0.17193199999746867,ok
OddSHAP,Adult(n=12),12,2048,0,Precision@10,0.8,0.17193199999746867,ok
OddSHAP,Adult(n=12),12,2048,0,KendallTau,0.2121212121212121,0.17193199999746867,ok
OddSHAP,Adult(n=12),12,2048,0,L2_Norm_Error,0.9661685506658545,0.17193199999746867,ok
ShaplEIG,Adult(n=12),12,2048,0,_,,0.0,skipped:incompatible_constructor(ImportError)
PolySHAPKAdd,Adult(n=12),12,2048,0,MSE,0.007350772826476863,0.11164969999663299,ok
PolySHAPKAdd,Adult(n=12),12,2048,0,MAE,0.04974677561907237,0.11164969999663299,ok
PolySHAPKAdd,Adult(n=12),12,2048,0,SSE,0.09556004674419921,0.11164969999663299,ok
PolySHAPKAdd,Adult(n=12),12,2048,0,SAE,0.6467080830479408,0.11164969999663299,ok
PolySHAPKAdd,Adult(n=12),12,2048,0,Precision@5,0.4,0.11164969999663299,ok
PolySHAPKAdd,Adult(n=12),12,2048,0,Precision@10,0.9,0.11164969999663299,ok
PolySHAPKAdd,Adult(n=12),12,2048,0,KendallTau,0.2424242424242424,0.11164969999663299,ok
PolySHAPKAdd,Adult(n=12),12,2048,0,L2_Norm_Error,0.968525721107054,0.11164969999663299,ok
PolySHAPPartial,Adult(n=12),12,2048,0,MSE,0.007350772826476863,0.11082500000338769,ok
PolySHAPPartial,Adult(n=12),12,2048,0,MAE,0.04974677561907237,0.11082500000338769,ok
PolySHAPPartial,Adult(n=12),12,2048,0,SSE,0.09556004674419921,0.11082500000338769,ok
PolySHAPPartial,Adult(n=12),12,2048,0,SAE,0.6467080830479408,0.11082500000338769,ok
PolySHAPPartial,Adult(n=12),12,2048,0,Precision@5,0.4,0.11082500000338769,ok
PolySHAPPartial,Adult(n=12),12,2048,0,Precision@10,0.9,0.11082500000338769,ok
PolySHAPPartial,Adult(n=12),12,2048,0,KendallTau,0.2424242424242424,0.11082500000338769,ok
PolySHAPPartial,Adult(n=12),12,2048,0,L2_Norm_Error,0.968525721107054,0.11082500000338769,ok
OptimizedKernelSHAP,Adult(n=12),12,2048,0,MSE,0.007344906442374053,0.0720348999966518,ok
OptimizedKernelSHAP,Adult(n=12),12,2048,0,MAE,0.04973621552935896,0.0720348999966518,ok
OptimizedKernelSHAP,Adult(n=12),12,2048,0,SSE,0.0954837837508627,0.0720348999966518,ok
OptimizedKernelSHAP,Adult(n=12),12,2048,0,SAE,0.6465708018816665,0.0720348999966518,ok
OptimizedKernelSHAP,Adult(n=12),12,2048,0,Precision@5,0.4,0.0720348999966518,ok
OptimizedKernelSHAP,Adult(n=12),12,2048,0,Precision@10,0.9,0.0720348999966518,ok
OptimizedKernelSHAP,Adult(n=12),12,2048,0,KendallTau,0.3333333333333333,0.0720348999966518,ok
OptimizedKernelSHAP,Adult(n=12),12,2048,0,L2_Norm_Error,0.9661685253561131,0.0720348999966518,ok
OwenSamplingSV,Adult(n=12),12,4096,0,MSE,0.007354474203367234,1.7555859999993118,ok
OwenSamplingSV,Adult(n=12),12,4096,0,MAE,0.049782860886244444,1.7555859999993118,ok
OwenSamplingSV,Adult(n=12),12,4096,0,SSE,0.09560816464377404,1.7555859999993118,ok
OwenSamplingSV,Adult(n=12),12,4096,0,SAE,0.6471771915211778,1.7555859999993118,ok
OwenSamplingSV,Adult(n=12),12,4096,0,Precision@5,0.4,1.7555859999993118,ok
OwenSamplingSV,Adult(n=12),12,4096,0,Precision@10,0.8,1.7555859999993118,ok
OwenSamplingSV,Adult(n=12),12,4096,0,KendallTau,0.3178208630818641,1.7555859999993118,ok
OwenSamplingSV,Adult(n=12),12,4096,0,L2_Norm_Error,0.9700129864694503,1.7555859999993118,ok
StratifiedSamplingSV,Adult(n=12),12,4096,0,MSE,0.007324681815964005,1.641943299997365,ok
StratifiedSamplingSV,Adult(n=12),12,4096,0,MAE,0.04962286517095576,1.641943299997365,ok
StratifiedSamplingSV,Adult(n=12),12,4096,0,SSE,0.09522086360753207,1.641943299997365,ok
StratifiedSamplingSV,Adult(n=12),12,4096,0,SAE,0.6450972472224249,1.641943299997365,ok
StratifiedSamplingSV,Adult(n=12),12,4096,0,Precision@5,0.4,1.641943299997365,ok
StratifiedSamplingSV,Adult(n=12),12,4096,0,Precision@10,0.8,1.641943299997365,ok
StratifiedSamplingSV,Adult(n=12),12,4096,0,KendallTau,0.3496029493900505,1.641943299997365,ok
StratifiedSamplingSV,Adult(n=12),12,4096,0,L2_Norm_Error,0.9580419856337443,1.641943299997365,ok
SVARM,Adult(n=12),12,4096,0,MSE,0.007344906502488638,0.13702579999517184,ok
SVARM,Adult(n=12),12,4096,0,MAE,0.04973621702049898,0.13702579999517184,ok
SVARM,Adult(n=12),12,4096,0,SSE,0.0954837845323523,0.13702579999517184,ok
SVARM,Adult(n=12),12,4096,0,SAE,0.6465708212664867,0.13702579999517184,ok
SVARM,Adult(n=12),12,4096,0,Precision@5,0.4,0.13702579999517184,ok
SVARM,Adult(n=12),12,4096,0,Precision@10,0.8,0.13702579999517184,ok
SVARM,Adult(n=12),12,4096,0,KendallTau,0.3636363636363636,0.13702579999517184,ok
SVARM,Adult(n=12),12,4096,0,L2_Norm_Error,0.9661685495110001,0.13702579999517184,ok
UnbiasedKernelSHAP,Adult(n=12),12,4096,0,MSE,0.007344906502488638,0.02770829999644775,ok
UnbiasedKernelSHAP,Adult(n=12),12,4096,0,MAE,0.04973621702049898,0.02770829999644775,ok
UnbiasedKernelSHAP,Adult(n=12),12,4096,0,SSE,0.0954837845323523,0.02770829999644775,ok
UnbiasedKernelSHAP,Adult(n=12),12,4096,0,SAE,0.6465708212664867,0.02770829999644775,ok
UnbiasedKernelSHAP,Adult(n=12),12,4096,0,Precision@5,0.4,0.02770829999644775,ok
UnbiasedKernelSHAP,Adult(n=12),12,4096,0,Precision@10,0.8,0.02770829999644775,ok
UnbiasedKernelSHAP,Adult(n=12),12,4096,0,KendallTau,0.3636363636363636,0.02770829999644775,ok
UnbiasedKernelSHAP,Adult(n=12),12,4096,0,L2_Norm_Error,0.9661685495110001,0.02770829999644775,ok
PermutationSamplingSV,Adult(n=12),12,4096,0,MSE,0.007346220713889636,0.06389519999356708,ok
PermutationSamplingSV,Adult(n=12),12,4096,0,MAE,0.0496882984220867,0.06389519999356708,ok
PermutationSamplingSV,Adult(n=12),12,4096,0,SSE,0.09550086928056527,0.06389519999356708,ok
PermutationSamplingSV,Adult(n=12),12,4096,0,SAE,0.6459478794871271,0.06389519999356708,ok
PermutationSamplingSV,Adult(n=12),12,4096,0,Precision@5,0.4,0.06389519999356708,ok
PermutationSamplingSV,Adult(n=12),12,4096,0,Precision@10,0.8,0.06389519999356708,ok
PermutationSamplingSV,Adult(n=12),12,4096,0,KendallTau,0.3496029493900505,0.06389519999356708,ok
PermutationSamplingSV,Adult(n=12),12,4096,0,L2_Norm_Error,0.96669661816044,0.06389519999356708,ok
KernelSHAP,Adult(n=12),12,4096,0,MSE,0.00734490610322436,0.025258000001485925,ok
KernelSHAP,Adult(n=12),12,4096,0,MAE,0.049736214297573036,0.025258000001485925,ok
KernelSHAP,Adult(n=12),12,4096,0,SSE,0.09548377934191668,0.025258000001485925,ok
KernelSHAP,Adult(n=12),12,4096,0,SAE,0.6465707858684495,0.025258000001485925,ok
KernelSHAP,Adult(n=12),12,4096,0,Precision@5,0.4,0.025258000001485925,ok
KernelSHAP,Adult(n=12),12,4096,0,Precision@10,0.8,0.025258000001485925,ok
KernelSHAP,Adult(n=12),12,4096,0,KendallTau,0.2121212121212121,0.025258000001485925,ok
KernelSHAP,Adult(n=12),12,4096,0,L2_Norm_Error,0.9661683890809901,0.025258000001485925,ok
LeverageSHAP,Adult(n=12),12,4096,0,MSE,0.007344906507027521,0.033656699997663964,ok
LeverageSHAP,Adult(n=12),12,4096,0,MAE,0.049736217038409,0.033656699997663964,ok
LeverageSHAP,Adult(n=12),12,4096,0,SSE,0.09548378459135777,0.033656699997663964,ok
LeverageSHAP,Adult(n=12),12,4096,0,SAE,0.646570821499317,0.033656699997663964,ok
LeverageSHAP,Adult(n=12),12,4096,0,Precision@5,0.4,0.033656699997663964,ok
LeverageSHAP,Adult(n=12),12,4096,0,Precision@10,0.9,0.033656699997663964,ok
LeverageSHAP,Adult(n=12),12,4096,0,KendallTau,0.303030303030303,0.033656699997663964,ok
LeverageSHAP,Adult(n=12),12,4096,0,L2_Norm_Error,0.9661685513347867,0.033656699997663964,ok
kADDSHAP,Adult(n=12),12,4096,0,MSE,0.007344906490572803,0.023346699999819975,ok
kADDSHAP,Adult(n=12),12,4096,0,MAE,0.049736217057737155,0.023346699999819975,ok
kADDSHAP,Adult(n=12),12,4096,0,SSE,0.09548378437744644,0.023346699999819975,ok
kADDSHAP,Adult(n=12),12,4096,0,SAE,0.646570821750583,0.023346699999819975,ok
kADDSHAP,Adult(n=12),12,4096,0,Precision@5,0.4,0.023346699999819975,ok
kADDSHAP,Adult(n=12),12,4096,0,Precision@10,0.8,0.023346699999819975,ok
kADDSHAP,Adult(n=12),12,4096,0,KendallTau,0.303030303030303,0.023346699999819975,ok
kADDSHAP,Adult(n=12),12,4096,0,L2_Norm_Error,0.9661685447230491,0.023346699999819975,ok
SPEX,Adult(n=12),12,4096,0,MSE,0.007098249508662752,0.36697799999819836,ok
SPEX,Adult(n=12),12,4096,0,MAE,0.049249228986968145,0.36697799999819836,ok
SPEX,Adult(n=12),12,4096,0,SSE,0.09227724361261577,0.36697799999819836,ok
SPEX,Adult(n=12),12,4096,0,SAE,0.6402399768305859,0.36697799999819836,ok
SPEX,Adult(n=12),12,4096,0,Precision@5,0.4,0.36697799999819836,ok
SPEX,Adult(n=12),12,4096,0,Precision@10,0.8,0.36697799999819836,ok
SPEX,Adult(n=12),12,4096,0,KendallTau,0.3178208630818641,0.36697799999819836,ok
SPEX,Adult(n=12),12,4096,0,L2_Norm_Error,0.9662922661646268,0.36697799999819836,ok
RegressionMSR,Adult(n=12),12,4096,0,MSE,0.007344906522246086,0.0777922999986913,ok
RegressionMSR,Adult(n=12),12,4096,0,MAE,0.04973621725049181,0.0777922999986913,ok
RegressionMSR,Adult(n=12),12,4096,0,SSE,0.09548378478919911,0.0777922999986913,ok
RegressionMSR,Adult(n=12),12,4096,0,SAE,0.6465708242563935,0.0777922999986913,ok
RegressionMSR,Adult(n=12),12,4096,0,Precision@5,0.4,0.0777922999986913,ok
RegressionMSR,Adult(n=12),12,4096,0,Precision@10,0.8,0.0777922999986913,ok
RegressionMSR,Adult(n=12),12,4096,0,KendallTau,0.32062002869004114,0.0777922999986913,ok
RegressionMSR,Adult(n=12),12,4096,0,L2_Norm_Error,0.96616855744982,0.0777922999986913,ok
ProxySPEX,Adult(n=12),12,4096,0,MSE,0.007124040900703256,5.953596599996672,ok
ProxySPEX,Adult(n=12),12,4096,0,MAE,0.04905469935679023,5.953596599996672,ok
ProxySPEX,Adult(n=12),12,4096,0,SSE,0.09261253170914233,5.953596599996672,ok
ProxySPEX,Adult(n=12),12,4096,0,SAE,0.637711091638273,5.953596599996672,ok
ProxySPEX,Adult(n=12),12,4096,0,Precision@5,0.4,5.953596599996672,ok
ProxySPEX,Adult(n=12),12,4096,0,Precision@10,0.9,5.953596599996672,ok
ProxySPEX,Adult(n=12),12,4096,0,KendallTau,0.22407133233117493,5.953596599996672,ok
ProxySPEX,Adult(n=12),12,4096,0,L2_Norm_Error,0.9766556107161101,5.953596599996672,ok
OddSHAP,Adult(n=12),12,4096,0,MSE,0.0073449065056106246,0.12915929999871878,ok
OddSHAP,Adult(n=12),12,4096,0,MAE,0.04973621708992172,0.12915929999871878,ok
OddSHAP,Adult(n=12),12,4096,0,SSE,0.09548378457293812,0.12915929999871878,ok
OddSHAP,Adult(n=12),12,4096,0,SAE,0.6465708221689824,0.12915929999871878,ok
OddSHAP,Adult(n=12),12,4096,0,Precision@5,0.4,0.12915929999871878,ok
OddSHAP,Adult(n=12),12,4096,0,Precision@10,0.9,0.12915929999871878,ok
OddSHAP,Adult(n=12),12,4096,0,KendallTau,0.303030303030303,0.12915929999871878,ok
OddSHAP,Adult(n=12),12,4096,0,L2_Norm_Error,0.9661685507654585,0.12915929999871878,ok
ShaplEIG,Adult(n=12),12,4096,0,_,,0.0,skipped:incompatible_constructor(ImportError)
PolySHAPKAdd,Adult(n=12),12,4096,0,MSE,0.007344906502488637,0.02226399999926798,ok
PolySHAPKAdd,Adult(n=12),12,4096,0,MAE,0.04973621702049894,0.02226399999926798,ok
PolySHAPKAdd,Adult(n=12),12,4096,0,SSE,0.09548378453235228,0.02226399999926798,ok
PolySHAPKAdd,Adult(n=12),12,4096,0,SAE,0.6465708212664862,0.02226399999926798,ok
PolySHAPKAdd,Adult(n=12),12,4096,0,Precision@5,0.4,0.02226399999926798,ok
PolySHAPKAdd,Adult(n=12),12,4096,0,Precision@10,0.9,0.02226399999926798,ok
PolySHAPKAdd,Adult(n=12),12,4096,0,KendallTau,0.39393939393939387,0.02226399999926798,ok
PolySHAPKAdd,Adult(n=12),12,4096,0,L2_Norm_Error,0.9661685495109987,0.02226399999926798,ok
PolySHAPPartial,Adult(n=12),12,4096,0,MSE,0.007344906502488637,0.0217486999972607,ok
PolySHAPPartial,Adult(n=12),12,4096,0,MAE,0.04973621702049894,0.0217486999972607,ok
PolySHAPPartial,Adult(n=12),12,4096,0,SSE,0.09548378453235228,0.0217486999972607,ok
PolySHAPPartial,Adult(n=12),12,4096,0,SAE,0.6465708212664862,0.0217486999972607,ok
PolySHAPPartial,Adult(n=12),12,4096,0,Precision@5,0.4,0.0217486999972607,ok
PolySHAPPartial,Adult(n=12),12,4096,0,Precision@10,0.9,0.0217486999972607,ok
PolySHAPPartial,Adult(n=12),12,4096,0,KendallTau,0.39393939393939387,0.0217486999972607,ok
PolySHAPPartial,Adult(n=12),12,4096,0,L2_Norm_Error,0.9661685495109987,0.0217486999972607,ok
OptimizedKernelSHAP,Adult(n=12),12,4096,0,MSE,0.00734490610322436,0.02390910000394797,ok
OptimizedKernelSHAP,Adult(n=12),12,4096,0,MAE,0.049736214297573036,0.02390910000394797,ok
OptimizedKernelSHAP,Adult(n=12),12,4096,0,SSE,0.09548377934191668,0.02390910000394797,ok
OptimizedKernelSHAP,Adult(n=12),12,4096,0,SAE,0.6465707858684495,0.02390910000394797,ok
OptimizedKernelSHAP,Adult(n=12),12,4096,0,Precision@5,0.4,0.02390910000394797,ok
OptimizedKernelSHAP,Adult(n=12),12,4096,0,Precision@10,0.8,0.02390910000394797,ok
OptimizedKernelSHAP,Adult(n=12),12,4096,0,KendallTau,0.2121212121212121,0.02390910000394797,ok
OptimizedKernelSHAP,Adult(n=12),12,4096,0,L2_Norm_Error,0.9661683890809901,0.02390910000394797,ok
OwenSamplingSV,Adult(n=12),12,204,42,MSE,0.005852938751841117,0.08336209999833954,ok
OwenSamplingSV,Adult(n=12),12,204,42,MAE,0.0486027854915452,0.08336209999833954,ok
OwenSamplingSV,Adult(n=12),12,204,42,SSE,0.07608820377393452,0.08336209999833954,ok
OwenSamplingSV,Adult(n=12),12,204,42,SAE,0.6318362113900876,0.08336209999833954,ok
OwenSamplingSV,Adult(n=12),12,204,42,Precision@5,0.6,0.08336209999833954,ok
OwenSamplingSV,Adult(n=12),12,204,42,Precision@10,0.8,0.08336209999833954,ok
OwenSamplingSV,Adult(n=12),12,204,42,KendallTau,0.2326210525996177,0.08336209999833954,ok
OwenSamplingSV,Adult(n=12),12,204,42,L2_Norm_Error,2.157115774419838,0.08336209999833954,ok
StratifiedSamplingSV,Adult(n=12),12,204,42,MSE,0.0061838411978092245,0.08119319999968866,ok
StratifiedSamplingSV,Adult(n=12),12,204,42,MAE,0.048040201371859464,0.08119319999968866,ok
StratifiedSamplingSV,Adult(n=12),12,204,42,SSE,0.08038993557151992,0.08119319999968866,ok
StratifiedSamplingSV,Adult(n=12),12,204,42,SAE,0.6245226178341731,0.08119319999968866,ok
StratifiedSamplingSV,Adult(n=12),12,204,42,Precision@5,0.4,0.08119319999968866,ok
StratifiedSamplingSV,Adult(n=12),12,204,42,Precision@10,0.8,0.08119319999968866,ok
StratifiedSamplingSV,Adult(n=12),12,204,42,KendallTau,0.29465333329284904,0.08119319999968866,ok
StratifiedSamplingSV,Adult(n=12),12,204,42,L2_Norm_Error,2.6206678922751334,0.08119319999968866,ok
SVARM,Adult(n=12),12,204,42,MSE,0.005939774341669025,0.044848899997305125,ok
SVARM,Adult(n=12),12,204,42,MAE,0.04622068635285977,0.044848899997305125,ok
SVARM,Adult(n=12),12,204,42,SSE,0.07721706644169732,0.044848899997305125,ok
SVARM,Adult(n=12),12,204,42,SAE,0.6008689225871771,0.044848899997305125,ok
SVARM,Adult(n=12),12,204,42,Precision@5,0.8,0.044848899997305125,ok
SVARM,Adult(n=12),12,204,42,Precision@10,0.8,0.044848899997305125,ok
SVARM,Adult(n=12),12,204,42,KendallTau,-0.0606060606060606,0.044848899997305125,ok
SVARM,Adult(n=12),12,204,42,L2_Norm_Error,2.2787613592754394,0.044848899997305125,ok
UnbiasedKernelSHAP,Adult(n=12),12,204,42,MSE,0.005689392763769384,0.014536300004692748,ok
UnbiasedKernelSHAP,Adult(n=12),12,204,42,MAE,0.04414303389237991,0.014536300004692748,ok
UnbiasedKernelSHAP,Adult(n=12),12,204,42,SSE,0.073962105929002,0.014536300004692748,ok
UnbiasedKernelSHAP,Adult(n=12),12,204,42,SAE,0.5738594406009389,0.014536300004692748,ok
UnbiasedKernelSHAP,Adult(n=12),12,204,42,Precision@5,0.6,0.014536300004692748,ok
UnbiasedKernelSHAP,Adult(n=12),12,204,42,Precision@10,0.8,0.014536300004692748,ok
UnbiasedKernelSHAP,Adult(n=12),12,204,42,KendallTau,0.0,0.014536300004692748,ok
UnbiasedKernelSHAP,Adult(n=12),12,204,42,L2_Norm_Error,1.9280087065781693,0.014536300004692748,ok
PermutationSamplingSV,Adult(n=12),12,204,42,MSE,0.005687740180250238,0.004460500000277534,ok
PermutationSamplingSV,Adult(n=12),12,204,42,MAE,0.04524024540704001,0.004460500000277534,ok
PermutationSamplingSV,Adult(n=12),12,204,42,SSE,0.07394062234325309,0.004460500000277534,ok
PermutationSamplingSV,Adult(n=12),12,204,42,SAE,0.5881231902915202,0.004460500000277534,ok
PermutationSamplingSV,Adult(n=12),12,204,42,Precision@5,0.6,0.004460500000277534,ok
PermutationSamplingSV,Adult(n=12),12,204,42,Precision@10,0.8,0.004460500000277534,ok
PermutationSamplingSV,Adult(n=12),12,204,42,KendallTau,0.13957263155977062,0.004460500000277534,ok
PermutationSamplingSV,Adult(n=12),12,204,42,L2_Norm_Error,1.9256936478665543,0.004460500000277534,ok
KernelSHAP,Adult(n=12),12,204,42,MSE,0.005686754990802987,0.013824699999531731,ok
KernelSHAP,Adult(n=12),12,204,42,MAE,0.04413947710152836,0.013824699999531731,ok
KernelSHAP,Adult(n=12),12,204,42,SSE,0.07392781488043883,0.013824699999531731,ok
KernelSHAP,Adult(n=12),12,204,42,SAE,0.5738132023198687,0.013824699999531731,ok
KernelSHAP,Adult(n=12),12,204,42,Precision@5,0.6,0.013824699999531731,ok
KernelSHAP,Adult(n=12),12,204,42,Precision@10,0.9,0.013824699999531731,ok
KernelSHAP,Adult(n=12),12,204,42,KendallTau,0.0606060606060606,0.013824699999531731,ok
KernelSHAP,Adult(n=12),12,204,42,L2_Norm_Error,1.9243135231188322,0.013824699999531731,ok
LeverageSHAP,Adult(n=12),12,204,42,MSE,0.005675736563936255,0.003277100004197564,ok
LeverageSHAP,Adult(n=12),12,204,42,MAE,0.045084217170664784,0.003277100004197564,ok
LeverageSHAP,Adult(n=12),12,204,42,SSE,0.07378457533117132,0.003277100004197564,ok
LeverageSHAP,Adult(n=12),12,204,42,SAE,0.5860948232186421,0.003277100004197564,ok
LeverageSHAP,Adult(n=12),12,204,42,Precision@5,0.6,0.003277100004197564,ok
LeverageSHAP,Adult(n=12),12,204,42,Precision@10,0.8,0.003277100004197564,ok
LeverageSHAP,Adult(n=12),12,204,42,KendallTau,0.2121212121212121,0.003277100004197564,ok
LeverageSHAP,Adult(n=12),12,204,42,L2_Norm_Error,1.9088781125567755,0.003277100004197564,ok
kADDSHAP,Adult(n=12),12,204,42,MSE,0.005686755020444986,0.013841699998010881,ok
kADDSHAP,Adult(n=12),12,204,42,MAE,0.044139477058623346,0.013841699998010881,ok
kADDSHAP,Adult(n=12),12,204,42,SSE,0.07392781526578482,0.013841699998010881,ok
kADDSHAP,Adult(n=12),12,204,42,SAE,0.5738132017621035,0.013841699998010881,ok
kADDSHAP,Adult(n=12),12,204,42,Precision@5,0.6,0.013841699998010881,ok
kADDSHAP,Adult(n=12),12,204,42,Precision@10,0.9,0.013841699998010881,ok
kADDSHAP,Adult(n=12),12,204,42,KendallTau,0.0606060606060606,0.013841699998010881,ok
kADDSHAP,Adult(n=12),12,204,42,L2_Norm_Error,1.924313564643497,0.013841699998010881,ok
SPEX,Adult(n=12),12,204,42,_,,0.2987695999981952,skipped:refused_regime(ValueError)
RegressionMSR,Adult(n=12),12,204,42,MSE,0.005667112585126964,0.0435944000055315,ok
RegressionMSR,Adult(n=12),12,204,42,MAE,0.04467684384759479,0.0435944000055315,ok
RegressionMSR,Adult(n=12),12,204,42,SSE,0.07367246360665054,0.0435944000055315,ok
RegressionMSR,Adult(n=12),12,204,42,SAE,0.5807989700187323,0.0435944000055315,ok
RegressionMSR,Adult(n=12),12,204,42,Precision@5,0.6,0.0435944000055315,ok
RegressionMSR,Adult(n=12),12,204,42,Precision@10,0.8,0.0435944000055315,ok
RegressionMSR,Adult(n=12),12,204,42,KendallTau,0.0303030303030303,0.0435944000055315,ok
RegressionMSR,Adult(n=12),12,204,42,L2_Norm_Error,1.8967970182944196,0.0435944000055315,ok
ProxySPEX,Adult(n=12),12,204,42,MSE,0.006224393587302891,2.0979117000024416,ok
ProxySPEX,Adult(n=12),12,204,42,MAE,0.046067665235410796,2.0979117000024416,ok
ProxySPEX,Adult(n=12),12,204,42,SSE,0.08091711663493759,2.0979117000024416,ok
ProxySPEX,Adult(n=12),12,204,42,SAE,0.5988796480603403,2.0979117000024416,ok
ProxySPEX,Adult(n=12),12,204,42,Precision@5,0.6,2.0979117000024416,ok
ProxySPEX,Adult(n=12),12,204,42,Precision@10,0.8,2.0979117000024416,ok
ProxySPEX,Adult(n=12),12,204,42,KendallTau,0.12065379433217112,2.0979117000024416,ok
ProxySPEX,Adult(n=12),12,204,42,L2_Norm_Error,2.0425621087845895,2.0979117000024416,ok
OddSHAP,Adult(n=12),12,204,42,MSE,0.0057222094145617875,0.027324599999701604,ok
OddSHAP,Adult(n=12),12,204,42,MAE,0.045353998128992,0.027324599999701604,ok
OddSHAP,Adult(n=12),12,204,42,SSE,0.07438872238930323,0.027324599999701604,ok
OddSHAP,Adult(n=12),12,204,42,SAE,0.589601975676896,0.027324599999701604,ok
OddSHAP,Adult(n=12),12,204,42,Precision@5,0.6,0.027324599999701604,ok
OddSHAP,Adult(n=12),12,204,42,Precision@10,0.8,0.027324599999701604,ok
OddSHAP,Adult(n=12),12,204,42,KendallTau,0.1818181818181818,0.027324599999701604,ok
OddSHAP,Adult(n=12),12,204,42,L2_Norm_Error,1.9739806483425495,0.027324599999701604,ok
ShaplEIG,Adult(n=12),12,204,42,_,,0.0,skipped:incompatible_constructor(ImportError)
PolySHAPKAdd,Adult(n=12),12,204,42,MSE,0.005686755023741074,0.013236500002676621,ok
PolySHAPKAdd,Adult(n=12),12,204,42,MAE,0.04413947706723061,0.013236500002676621,ok
PolySHAPKAdd,Adult(n=12),12,204,42,SSE,0.07392781530863396,0.013236500002676621,ok
PolySHAPKAdd,Adult(n=12),12,204,42,SAE,0.573813201873998,0.013236500002676621,ok
PolySHAPKAdd,Adult(n=12),12,204,42,Precision@5,0.6,0.013236500002676621,ok
PolySHAPKAdd,Adult(n=12),12,204,42,Precision@10,0.9,0.013236500002676621,ok
PolySHAPKAdd,Adult(n=12),12,204,42,KendallTau,0.0606060606060606,0.013236500002676621,ok
PolySHAPKAdd,Adult(n=12),12,204,42,L2_Norm_Error,1.9243135692608921,0.013236500002676621,ok
PolySHAPPartial,Adult(n=12),12,204,42,MSE,0.005686755023741074,0.013041500002145767,ok
PolySHAPPartial,Adult(n=12),12,204,42,MAE,0.04413947706723061,0.013041500002145767,ok
PolySHAPPartial,Adult(n=12),12,204,42,SSE,0.07392781530863396,0.013041500002145767,ok
PolySHAPPartial,Adult(n=12),12,204,42,SAE,0.573813201873998,0.013041500002145767,ok
PolySHAPPartial,Adult(n=12),12,204,42,Precision@5,0.6,0.013041500002145767,ok
PolySHAPPartial,Adult(n=12),12,204,42,Precision@10,0.9,0.013041500002145767,ok
PolySHAPPartial,Adult(n=12),12,204,42,KendallTau,0.0606060606060606,0.013041500002145767,ok
PolySHAPPartial,Adult(n=12),12,204,42,L2_Norm_Error,1.9243135692608921,0.013041500002145767,ok
OptimizedKernelSHAP,Adult(n=12),12,204,42,MSE,0.005730410921860425,0.010320300003513694,ok
OptimizedKernelSHAP,Adult(n=12),12,204,42,MAE,0.04532717052255886,0.010320300003513694,ok
OptimizedKernelSHAP,Adult(n=12),12,204,42,SSE,0.07449534198418552,0.010320300003513694,ok
OptimizedKernelSHAP,Adult(n=12),12,204,42,SAE,0.5892532167932651,0.010320300003513694,ok
OptimizedKernelSHAP,Adult(n=12),12,204,42,Precision@5,0.6,0.010320300003513694,ok
OptimizedKernelSHAP,Adult(n=12),12,204,42,Precision@10,0.9,0.010320300003513694,ok
OptimizedKernelSHAP,Adult(n=12),12,204,42,KendallTau,0.0606060606060606,0.010320300003513694,ok
OptimizedKernelSHAP,Adult(n=12),12,204,42,L2_Norm_Error,1.9854699139077103,0.010320300003513694,ok
OwenSamplingSV,Adult(n=12),12,1024,42,MSE,0.005726923752447605,0.40473089999431977,ok
OwenSamplingSV,Adult(n=12),12,1024,42,MAE,0.04557314812104018,0.40473089999431977,ok
OwenSamplingSV,Adult(n=12),12,1024,42,SSE,0.07445000878181887,0.40473089999431977,ok
OwenSamplingSV,Adult(n=12),12,1024,42,SAE,0.5924509255735223,0.40473089999431977,ok
OwenSamplingSV,Adult(n=12),12,1024,42,Precision@5,0.6,0.40473089999431977,ok
OwenSamplingSV,Adult(n=12),12,1024,42,Precision@10,0.8,0.40473089999431977,ok
OwenSamplingSV,Adult(n=12),12,1024,42,KendallTau,0.2326210525996177,0.40473089999431977,ok
OwenSamplingSV,Adult(n=12),12,1024,42,L2_Norm_Error,1.980584834373459,0.40473089999431977,ok
StratifiedSamplingSV,Adult(n=12),12,1024,42,MSE,0.005675030725942295,0.390566599999147,ok
StratifiedSamplingSV,Adult(n=12),12,1024,42,MAE,0.04519348005239098,0.390566599999147,ok
StratifiedSamplingSV,Adult(n=12),12,1024,42,SSE,0.07377539943724984,0.390566599999147,ok
StratifiedSamplingSV,Adult(n=12),12,1024,42,SAE,0.5875152406810827,0.390566599999147,ok
StratifiedSamplingSV,Adult(n=12),12,1024,42,Precision@5,0.6,0.390566599999147,ok
StratifiedSamplingSV,Adult(n=12),12,1024,42,Precision@10,0.8,0.390566599999147,ok
StratifiedSamplingSV,Adult(n=12),12,1024,42,KendallTau,0.13957263155977062,0.390566599999147,ok
StratifiedSamplingSV,Adult(n=12),12,1024,42,L2_Norm_Error,1.907889323561864,0.390566599999147,ok
SVARM,Adult(n=12),12,1024,42,MSE,0.005722255606537645,0.12088780000340194,ok
SVARM,Adult(n=12),12,1024,42,MAE,0.04575034135669769,0.12088780000340194,ok
SVARM,Adult(n=12),12,1024,42,SSE,0.07438932288498938,0.12088780000340194,ok
SVARM,Adult(n=12),12,1024,42,SAE,0.59475443763707,0.12088780000340194,ok
SVARM,Adult(n=12),12,1024,42,Precision@5,0.6,0.12088780000340194,ok
SVARM,Adult(n=12),12,1024,42,Precision@10,0.8,0.12088780000340194,ok
SVARM,Adult(n=12),12,1024,42,KendallTau,0.1515151515151515,0.12088780000340194,ok
SVARM,Adult(n=12),12,1024,42,L2_Norm_Error,1.9740453574086108,0.12088780000340194,ok
UnbiasedKernelSHAP,Adult(n=12),12,1024,42,MSE,0.00572009629484635,0.0664355000044452,ok
UnbiasedKernelSHAP,Adult(n=12),12,1024,42,MAE,0.04624958511694681,0.0664355000044452,ok
UnbiasedKernelSHAP,Adult(n=12),12,1024,42,SSE,0.07436125183300255,0.0664355000044452,ok
UnbiasedKernelSHAP,Adult(n=12),12,1024,42,SAE,0.6012446065203085,0.0664355000044452,ok
UnbiasedKernelSHAP,Adult(n=12),12,1024,42,Precision@5,0.6,0.0664355000044452,ok
UnbiasedKernelSHAP,Adult(n=12),12,1024,42,Precision@10,0.8,0.0664355000044452,ok
UnbiasedKernelSHAP,Adult(n=12),12,1024,42,KendallTau,0.1515151515151515,0.0664355000044452,ok
UnbiasedKernelSHAP,Adult(n=12),12,1024,42,L2_Norm_Error,1.9710204371645779,0.0664355000044452,ok
PermutationSamplingSV,Adult(n=12),12,1024,42,MSE,0.005566357696562134,0.017951600006199442,ok
PermutationSamplingSV,Adult(n=12),12,1024,42,MAE,0.04441807861302544,0.017951600006199442,ok
PermutationSamplingSV,Adult(n=12),12,1024,42,SSE,0.07236265005530773,0.017951600006199442,ok
PermutationSamplingSV,Adult(n=12),12,1024,42,SAE,0.5774350219693307,0.017951600006199442,ok
PermutationSamplingSV,Adult(n=12),12,1024,42,Precision@5,0.6,0.017951600006199442,ok
PermutationSamplingSV,Adult(n=12),12,1024,42,Precision@10,0.8,0.017951600006199442,ok
PermutationSamplingSV,Adult(n=12),12,1024,42,KendallTau,0.2326210525996177,0.017951600006199442,ok
PermutationSamplingSV,Adult(n=12),12,1024,42,L2_Norm_Error,1.7556522714133282,0.017951600006199442,ok
KernelSHAP,Adult(n=12),12,1024,42,MSE,0.005716579943167029,0.06134339999698568,ok
KernelSHAP,Adult(n=12),12,1024,42,MAE,0.04545427142555167,0.06134339999698568,ok
KernelSHAP,Adult(n=12),12,1024,42,SSE,0.07431553926117138,0.06134339999698568,ok
KernelSHAP,Adult(n=12),12,1024,42,SAE,0.5909055285321717,0.06134339999698568,ok
KernelSHAP,Adult(n=12),12,1024,42,Precision@5,0.6,0.06134339999698568,ok
KernelSHAP,Adult(n=12),12,1024,42,Precision@10,0.8,0.06134339999698568,ok
KernelSHAP,Adult(n=12),12,1024,42,KendallTau,0.1212121212121212,0.06134339999698568,ok
KernelSHAP,Adult(n=12),12,1024,42,L2_Norm_Error,1.9660944769973592,0.06134339999698568,ok
LeverageSHAP,Adult(n=12),12,1024,42,MSE,0.005706261283151002,0.012561000003188383,ok
LeverageSHAP,Adult(n=12),12,1024,42,MAE,0.04541554859893267,0.012561000003188383,ok
LeverageSHAP,Adult(n=12),12,1024,42,SSE,0.07418139668096302,0.012561000003188383,ok
LeverageSHAP,Adult(n=12),12,1024,42,SAE,0.5904021317861247,0.012561000003188383,ok
LeverageSHAP,Adult(n=12),12,1024,42,Precision@5,0.6,0.012561000003188383,ok
LeverageSHAP,Adult(n=12),12,1024,42,Precision@10,0.8,0.012561000003188383,ok
LeverageSHAP,Adult(n=12),12,1024,42,KendallTau,0.2424242424242424,0.012561000003188383,ok
LeverageSHAP,Adult(n=12),12,1024,42,L2_Norm_Error,1.951639350532929,0.012561000003188383,ok
kADDSHAP,Adult(n=12),12,1024,42,MSE,0.005716580406838557,0.061966599998413585,ok
kADDSHAP,Adult(n=12),12,1024,42,MAE,0.04545427610068477,0.061966599998413585,ok
kADDSHAP,Adult(n=12),12,1024,42,SSE,0.07431554528890125,0.061966599998413585,ok
kADDSHAP,Adult(n=12),12,1024,42,SAE,0.590905589308902,0.061966599998413585,ok
kADDSHAP,Adult(n=12),12,1024,42,Precision@5,0.6,0.061966599998413585,ok
kADDSHAP,Adult(n=12),12,1024,42,Precision@10,0.8,0.061966599998413585,ok
kADDSHAP,Adult(n=12),12,1024,42,KendallTau,0.1212121212121212,0.061966599998413585,ok
kADDSHAP,Adult(n=12),12,1024,42,L2_Norm_Error,1.9660951265420261,0.061966599998413585,ok
SPEX,Adult(n=12),12,1024,42,MSE,0.006164267208853895,1.5524195000034524,ok
SPEX,Adult(n=12),12,1024,42,MAE,0.04630431015811599,1.5524195000034524,ok
SPEX,Adult(n=12),12,1024,42,SSE,0.08013547371510064,1.5524195000034524,ok
SPEX,Adult(n=12),12,1024,42,SAE,0.6019560320555079,1.5524195000034524,ok
SPEX,Adult(n=12),12,1024,42,Precision@5,0.6,1.5524195000034524,ok
SPEX,Adult(n=12),12,1024,42,Precision@10,0.8,1.5524195000034524,ok
SPEX,Adult(n=12),12,1024,42,KendallTau,0.2326210525996177,1.5524195000034524,ok
SPEX,Adult(n=12),12,1024,42,L2_Norm_Error,1.9583327221221292,1.5524195000034524,ok
RegressionMSR,Adult(n=12),12,1024,42,MSE,0.005708085430750704,0.11034259999723872,ok
RegressionMSR,Adult(n=12),12,1024,42,MAE,0.04532219822255829,0.11034259999723872,ok
RegressionMSR,Adult(n=12),12,1024,42,SSE,0.07420511059975915,0.11034259999723872,ok
RegressionMSR,Adult(n=12),12,1024,42,SAE,0.5891885768932578,0.11034259999723872,ok
RegressionMSR,Adult(n=12),12,1024,42,Precision@5,0.6,0.11034259999723872,ok
RegressionMSR,Adult(n=12),12,1024,42,Precision@10,0.8,0.11034259999723872,ok
RegressionMSR,Adult(n=12),12,1024,42,KendallTau,0.2121212121212121,0.11034259999723872,ok
RegressionMSR,Adult(n=12),12,1024,42,L2_Norm_Error,1.9541947486371913,0.11034259999723872,ok
ProxySPEX,Adult(n=12),12,1024,42,MSE,0.006166483062585482,5.582812099994044,ok
ProxySPEX,Adult(n=12),12,1024,42,MAE,0.04578447859584455,5.582812099994044,ok
ProxySPEX,Adult(n=12),12,1024,42,SSE,0.08016427981361127,5.582812099994044,ok
ProxySPEX,Adult(n=12),12,1024,42,SAE,0.5951982217459791,5.582812099994044,ok
ProxySPEX,Adult(n=12),12,1024,42,Precision@5,0.6,5.582812099994044,ok
ProxySPEX,Adult(n=12),12,1024,42,Precision@10,0.8,5.582812099994044,ok
ProxySPEX,Adult(n=12),12,1024,42,KendallTau,0.12065379433217112,5.582812099994044,ok
ProxySPEX,Adult(n=12),12,1024,42,L2_Norm_Error,1.9614368505522775,5.582812099994044,ok
OddSHAP,Adult(n=12),12,1024,42,MSE,0.005710496834727014,0.13006409999798052,ok
OddSHAP,Adult(n=12),12,1024,42,MAE,0.04536798827213552,0.13006409999798052,ok
OddSHAP,Adult(n=12),12,1024,42,SSE,0.07423645885145118,0.13006409999798052,ok
OddSHAP,Adult(n=12),12,1024,42,SAE,0.5897838475377618,0.13006409999798052,ok
OddSHAP,Adult(n=12),12,1024,42,Precision@5,0.6,0.13006409999798052,ok
OddSHAP,Adult(n=12),12,1024,42,Precision@10,0.8,0.13006409999798052,ok
OddSHAP,Adult(n=12),12,1024,42,KendallTau,0.2121212121212121,0.13006409999798052,ok
OddSHAP,Adult(n=12),12,1024,42,L2_Norm_Error,1.95757281801638,0.13006409999798052,ok
ShaplEIG,Adult(n=12),12,1024,42,_,,0.0,skipped:incompatible_constructor(ImportError)
PolySHAPKAdd,Adult(n=12),12,1024,42,MSE,0.005716580155908638,0.06184840000059921,ok
PolySHAPKAdd,Adult(n=12),12,1024,42,MAE,0.04545427380336694,0.06184840000059921,ok
PolySHAPKAdd,Adult(n=12),12,1024,42,SSE,0.0743155420268123,0.06184840000059921,ok
PolySHAPKAdd,Adult(n=12),12,1024,42,SAE,0.5909055594437702,0.06184840000059921,ok
PolySHAPKAdd,Adult(n=12),12,1024,42,Precision@5,0.6,0.06184840000059921,ok
PolySHAPKAdd,Adult(n=12),12,1024,42,Precision@10,0.8,0.06184840000059921,ok
PolySHAPKAdd,Adult(n=12),12,1024,42,KendallTau,0.1212121212121212,0.06184840000059921,ok
PolySHAPKAdd,Adult(n=12),12,1024,42,L2_Norm_Error,1.9660947750212179,0.06184840000059921,ok
PolySHAPPartial,Adult(n=12),12,1024,42,MSE,0.005716580155908638,0.061472900000808295,ok
PolySHAPPartial,Adult(n=12),12,1024,42,MAE,0.04545427380336694,0.061472900000808295,ok
PolySHAPPartial,Adult(n=12),12,1024,42,SSE,0.0743155420268123,0.061472900000808295,ok
PolySHAPPartial,Adult(n=12),12,1024,42,SAE,0.5909055594437702,0.061472900000808295,ok
PolySHAPPartial,Adult(n=12),12,1024,42,Precision@5,0.6,0.061472900000808295,ok
PolySHAPPartial,Adult(n=12),12,1024,42,Precision@10,0.8,0.061472900000808295,ok
PolySHAPPartial,Adult(n=12),12,1024,42,KendallTau,0.1212121212121212,0.061472900000808295,ok
PolySHAPPartial,Adult(n=12),12,1024,42,L2_Norm_Error,1.9660947750212179,0.061472900000808295,ok
OptimizedKernelSHAP,Adult(n=12),12,1024,42,MSE,0.005714612593659925,0.03807019999658223,ok
OptimizedKernelSHAP,Adult(n=12),12,1024,42,MAE,0.04537645275614278,0.03807019999658223,ok
OptimizedKernelSHAP,Adult(n=12),12,1024,42,SSE,0.07428996371757902,0.03807019999658223,ok
OptimizedKernelSHAP,Adult(n=12),12,1024,42,SAE,0.5898938858298561,0.03807019999658223,ok
OptimizedKernelSHAP,Adult(n=12),12,1024,42,Precision@5,0.6,0.03807019999658223,ok
OptimizedKernelSHAP,Adult(n=12),12,1024,42,Precision@10,0.8,0.03807019999658223,ok
OptimizedKernelSHAP,Adult(n=12),12,1024,42,KendallTau,0.2424242424242424,0.03807019999658223,ok
OptimizedKernelSHAP,Adult(n=12),12,1024,42,L2_Norm_Error,1.9633384712872446,0.03807019999658223,ok
OwenSamplingSV,Adult(n=12),12,2048,42,MSE,0.005741093642610353,1.1009892000001855,ok
OwenSamplingSV,Adult(n=12),12,2048,42,MAE,0.04552887983982372,1.1009892000001855,ok
OwenSamplingSV,Adult(n=12),12,2048,42,SSE,0.07463421735393459,1.1009892000001855,ok
OwenSamplingSV,Adult(n=12),12,2048,42,SAE,0.5918754379177084,1.1009892000001855,ok
OwenSamplingSV,Adult(n=12),12,2048,42,Precision@5,0.6,1.1009892000001855,ok
OwenSamplingSV,Adult(n=12),12,2048,42,Precision@10,0.8,1.1009892000001855,ok
OwenSamplingSV,Adult(n=12),12,2048,42,KendallTau,0.2326210525996177,1.1009892000001855,ok
OwenSamplingSV,Adult(n=12),12,2048,42,L2_Norm_Error,2.0004350430218167,1.1009892000001855,ok
StratifiedSamplingSV,Adult(n=12),12,2048,42,MSE,0.005718036554627639,0.76677909999853,ok
StratifiedSamplingSV,Adult(n=12),12,2048,42,MAE,0.0455300855855482,0.76677909999853,ok
StratifiedSamplingSV,Adult(n=12),12,2048,42,SSE,0.0743344752101593,0.76677909999853,ok
StratifiedSamplingSV,Adult(n=12),12,2048,42,SAE,0.5918911126121266,0.76677909999853,ok
StratifiedSamplingSV,Adult(n=12),12,2048,42,Precision@5,0.6,0.76677909999853,ok
StratifiedSamplingSV,Adult(n=12),12,2048,42,Precision@10,0.8,0.76677909999853,ok
StratifiedSamplingSV,Adult(n=12),12,2048,42,KendallTau,0.2326210525996177,0.76677909999853,ok
StratifiedSamplingSV,Adult(n=12),12,2048,42,L2_Norm_Error,1.9681350038525858,0.76677909999853,ok
SVARM,Adult(n=12),12,2048,42,MSE,0.005735295571763149,0.19121730000188109,ok
SVARM,Adult(n=12),12,2048,42,MAE,0.045757290497013825,0.19121730000188109,ok
SVARM,Adult(n=12),12,2048,42,SSE,0.07455884243292094,0.19121730000188109,ok
SVARM,Adult(n=12),12,2048,42,SAE,0.5948447764611797,0.19121730000188109,ok
SVARM,Adult(n=12),12,2048,42,Precision@5,0.6,0.19121730000188109,ok
SVARM,Adult(n=12),12,2048,42,Precision@10,0.9,0.19121730000188109,ok
SVARM,Adult(n=12),12,2048,42,KendallTau,0.1818181818181818,0.19121730000188109,ok
SVARM,Adult(n=12),12,2048,42,L2_Norm_Error,1.992312685349802,0.19121730000188109,ok
UnbiasedKernelSHAP,Adult(n=12),12,2048,42,MSE,0.005711970715106437,0.11638890000176616,ok
UnbiasedKernelSHAP,Adult(n=12),12,2048,42,MAE,0.04547531454775701,0.11638890000176616,ok
UnbiasedKernelSHAP,Adult(n=12),12,2048,42,SSE,0.07425561929638368,0.11638890000176616,ok
UnbiasedKernelSHAP,Adult(n=12),12,2048,42,SAE,0.5911790891208412,0.11638890000176616,ok
UnbiasedKernelSHAP,Adult(n=12),12,2048,42,Precision@5,0.6,0.11638890000176616,ok
UnbiasedKernelSHAP,Adult(n=12),12,2048,42,Precision@10,0.9,0.11638890000176616,ok
UnbiasedKernelSHAP,Adult(n=12),12,2048,42,KendallTau,0.1515151515151515,0.11638890000176616,ok
UnbiasedKernelSHAP,Adult(n=12),12,2048,42,L2_Norm_Error,1.9596375364240908,0.11638890000176616,ok
PermutationSamplingSV,Adult(n=12),12,2048,42,MSE,0.005606152186140213,0.033866500001749955,ok
PermutationSamplingSV,Adult(n=12),12,2048,42,MAE,0.04451747764290402,0.033866500001749955,ok
PermutationSamplingSV,Adult(n=12),12,2048,42,SSE,0.07287997841982277,0.033866500001749955,ok
PermutationSamplingSV,Adult(n=12),12,2048,42,SAE,0.5787272093577522,0.033866500001749955,ok
PermutationSamplingSV,Adult(n=12),12,2048,42,Precision@5,0.6,0.033866500001749955,ok
PermutationSamplingSV,Adult(n=12),12,2048,42,Precision@10,0.8,0.033866500001749955,ok
PermutationSamplingSV,Adult(n=12),12,2048,42,KendallTau,0.2326210525996177,0.033866500001749955,ok
PermutationSamplingSV,Adult(n=12),12,2048,42,L2_Norm_Error,1.8113992752437769,0.033866500001749955,ok
KernelSHAP,Adult(n=12),12,2048,42,MSE,0.00569956356993856,0.10828480000054697,ok
KernelSHAP,Adult(n=12),12,2048,42,MAE,0.045365264595588393,0.10828480000054697,ok
KernelSHAP,Adult(n=12),12,2048,42,SSE,0.07409432640920129,0.10828480000054697,ok
KernelSHAP,Adult(n=12),12,2048,42,SAE,0.5897484397426491,0.10828480000054697,ok
KernelSHAP,Adult(n=12),12,2048,42,Precision@5,0.6,0.10828480000054697,ok
KernelSHAP,Adult(n=12),12,2048,42,Precision@10,0.8,0.10828480000054697,ok
KernelSHAP,Adult(n=12),12,2048,42,KendallTau,0.2424242424242424,0.10828480000054697,ok
KernelSHAP,Adult(n=12),12,2048,42,L2_Norm_Error,1.942256708662964,0.10828480000054697,ok
LeverageSHAP,Adult(n=12),12,2048,42,MSE,0.005707562214285663,0.018065199998090975,ok
LeverageSHAP,Adult(n=12),12,2048,42,MAE,0.04532095530382482,0.018065199998090975,ok
LeverageSHAP,Adult(n=12),12,2048,42,SSE,0.07419830878571362,0.018065199998090975,ok
LeverageSHAP,Adult(n=12),12,2048,42,SAE,0.5891724189497227,0.018065199998090975,ok
LeverageSHAP,Adult(n=12),12,2048,42,Precision@5,0.6,0.018065199998090975,ok
LeverageSHAP,Adult(n=12),12,2048,42,Precision@10,0.8,0.018065199998090975,ok
LeverageSHAP,Adult(n=12),12,2048,42,KendallTau,0.2121212121212121,0.018065199998090975,ok
LeverageSHAP,Adult(n=12),12,2048,42,L2_Norm_Error,1.953461789109627,0.018065199998090975,ok
kADDSHAP,Adult(n=12),12,2048,42,MSE,0.0056995640158441965,0.11161529999662889,ok
kADDSHAP,Adult(n=12),12,2048,42,MAE,0.04536526997804125,0.11161529999662889,ok
kADDSHAP,Adult(n=12),12,2048,42,SSE,0.07409433220597456,0.11161529999662889,ok
kADDSHAP,Adult(n=12),12,2048,42,SAE,0.5897485097145363,0.11161529999662889,ok
kADDSHAP,Adult(n=12),12,2048,42,Precision@5,0.6,0.11161529999662889,ok
kADDSHAP,Adult(n=12),12,2048,42,Precision@10,0.8,0.11161529999662889,ok
kADDSHAP,Adult(n=12),12,2048,42,KendallTau,0.2424242424242424,0.11161529999662889,ok
kADDSHAP,Adult(n=12),12,2048,42,L2_Norm_Error,1.9422573333198823,0.11161529999662889,ok
SPEX,Adult(n=12),12,2048,42,MSE,0.006163757460568385,0.6618052999983774,ok
SPEX,Adult(n=12),12,2048,42,MAE,0.04630608857337933,0.6618052999983774,ok
SPEX,Adult(n=12),12,2048,42,SSE,0.08012884698738901,0.6618052999983774,ok
SPEX,Adult(n=12),12,2048,42,SAE,0.6019791514539313,0.6618052999983774,ok
SPEX,Adult(n=12),12,2048,42,Precision@5,0.6,0.6618052999983774,ok
SPEX,Adult(n=12),12,2048,42,Precision@10,0.8,0.6618052999983774,ok
SPEX,Adult(n=12),12,2048,42,KendallTau,0.2326210525996177,0.6618052999983774,ok
SPEX,Adult(n=12),12,2048,42,L2_Norm_Error,1.9576186297961298,0.6618052999983774,ok
RegressionMSR,Adult(n=12),12,2048,42,MSE,0.005710176521043099,0.17294070000207284,ok
RegressionMSR,Adult(n=12),12,2048,42,MAE,0.04537416572214292,0.17294070000207284,ok
RegressionMSR,Adult(n=12),12,2048,42,SSE,0.07423229477356029,0.17294070000207284,ok
RegressionMSR,Adult(n=12),12,2048,42,SAE,0.589864154387858,0.17294070000207284,ok
RegressionMSR,Adult(n=12),12,2048,42,Precision@5,0.6,0.17294070000207284,ok
RegressionMSR,Adult(n=12),12,2048,42,Precision@10,0.8,0.17294070000207284,ok
RegressionMSR,Adult(n=12),12,2048,42,KendallTau,0.2121212121212121,0.17294070000207284,ok
RegressionMSR,Adult(n=12),12,2048,42,L2_Norm_Error,1.95712409940349,0.17294070000207284,ok
ProxySPEX,Adult(n=12),12,2048,42,MSE,0.006171691142657726,6.127356000004511,ok
ProxySPEX,Adult(n=12),12,2048,42,MAE,0.045849539885331206,6.127356000004511,ok
ProxySPEX,Adult(n=12),12,2048,42,SSE,0.08023198485455044,6.127356000004511,ok
ProxySPEX,Adult(n=12),12,2048,42,SAE,0.5960440185093057,6.127356000004511,ok
ProxySPEX,Adult(n=12),12,2048,42,Precision@5,0.6,6.127356000004511,ok
ProxySPEX,Adult(n=12),12,2048,42,Precision@10,0.8,6.127356000004511,ok
ProxySPEX,Adult(n=12),12,2048,42,KendallTau,0.12065379433217112,6.127356000004511,ok
ProxySPEX,Adult(n=12),12,2048,42,L2_Norm_Error,1.9687327064060631,6.127356000004511,ok
OddSHAP,Adult(n=12),12,2048,42,MSE,0.005710496823357504,0.17697619999671588,ok
OddSHAP,Adult(n=12),12,2048,42,MAE,0.04536798820010143,0.17697619999671588,ok
OddSHAP,Adult(n=12),12,2048,42,SSE,0.07423645870364756,0.17697619999671588,ok
OddSHAP,Adult(n=12),12,2048,42,SAE,0.5897838466013187,0.17697619999671588,ok
OddSHAP,Adult(n=12),12,2048,42,Precision@5,0.6,0.17697619999671588,ok
OddSHAP,Adult(n=12),12,2048,42,Precision@10,0.8,0.17697619999671588,ok
OddSHAP,Adult(n=12),12,2048,42,KendallTau,0.1818181818181818,0.17697619999671588,ok
OddSHAP,Adult(n=12),12,2048,42,L2_Norm_Error,1.9575728020891487,0.17697619999671588,ok
ShaplEIG,Adult(n=12),12,2048,42,_,,0.0,skipped:incompatible_constructor(ImportError)
PolySHAPKAdd,Adult(n=12),12,2048,42,MSE,0.005699563798005409,0.10757359999843175,ok
PolySHAPKAdd,Adult(n=12),12,2048,42,MAE,0.045365267778163,0.10757359999843175,ok
PolySHAPKAdd,Adult(n=12),12,2048,42,SSE,0.07409432937407032,0.10757359999843175,ok
PolySHAPKAdd,Adult(n=12),12,2048,42,SAE,0.589748481116119,0.10757359999843175,ok
PolySHAPKAdd,Adult(n=12),12,2048,42,Precision@5,0.6,0.10757359999843175,ok
PolySHAPKAdd,Adult(n=12),12,2048,42,Precision@10,0.8,0.10757359999843175,ok
PolySHAPKAdd,Adult(n=12),12,2048,42,KendallTau,0.2424242424242424,0.10757359999843175,ok
PolySHAPKAdd,Adult(n=12),12,2048,42,L2_Norm_Error,1.9422570281555276,0.10757359999843175,ok
PolySHAPPartial,Adult(n=12),12,2048,42,MSE,0.005699563798005409,0.11016599999857135,ok
PolySHAPPartial,Adult(n=12),12,2048,42,MAE,0.045365267778163,0.11016599999857135,ok
PolySHAPPartial,Adult(n=12),12,2048,42,SSE,0.07409432937407032,0.11016599999857135,ok
PolySHAPPartial,Adult(n=12),12,2048,42,SAE,0.589748481116119,0.11016599999857135,ok
PolySHAPPartial,Adult(n=12),12,2048,42,Precision@5,0.6,0.11016599999857135,ok
PolySHAPPartial,Adult(n=12),12,2048,42,Precision@10,0.8,0.11016599999857135,ok
PolySHAPPartial,Adult(n=12),12,2048,42,KendallTau,0.2424242424242424,0.11016599999857135,ok
PolySHAPPartial,Adult(n=12),12,2048,42,L2_Norm_Error,1.9422570281555276,0.11016599999857135,ok
OptimizedKernelSHAP,Adult(n=12),12,2048,42,MSE,0.00571219623586365,0.07322259999637026,ok
OptimizedKernelSHAP,Adult(n=12),12,2048,42,MAE,0.04542080892110689,0.07322259999637026,ok
OptimizedKernelSHAP,Adult(n=12),12,2048,42,SSE,0.07425855106622745,0.07322259999637026,ok
OptimizedKernelSHAP,Adult(n=12),12,2048,42,SAE,0.5904705159743896,0.07322259999637026,ok
OptimizedKernelSHAP,Adult(n=12),12,2048,42,Precision@5,0.6,0.07322259999637026,ok
OptimizedKernelSHAP,Adult(n=12),12,2048,42,Precision@10,0.8,0.07322259999637026,ok
OptimizedKernelSHAP,Adult(n=12),12,2048,42,KendallTau,0.2727272727272727,0.07322259999637026,ok
OptimizedKernelSHAP,Adult(n=12),12,2048,42,L2_Norm_Error,1.9599534622381813,0.07322259999637026,ok
OwenSamplingSV,Adult(n=12),12,4096,42,MSE,0.005687942916761989,1.8596240000042599,ok
OwenSamplingSV,Adult(n=12),12,4096,42,MAE,0.045048988362838556,1.8596240000042599,ok
OwenSamplingSV,Adult(n=12),12,4096,42,SSE,0.07394325791790586,1.8596240000042599,ok
OwenSamplingSV,Adult(n=12),12,4096,42,SAE,0.5856368487169012,1.8596240000042599,ok
OwenSamplingSV,Adult(n=12),12,4096,42,Precision@5,0.6,1.8596240000042599,ok
OwenSamplingSV,Adult(n=12),12,4096,42,Precision@10,0.8,1.8596240000042599,ok
OwenSamplingSV,Adult(n=12),12,4096,42,KendallTau,0.2326210525996177,1.8596240000042599,ok
OwenSamplingSV,Adult(n=12),12,4096,42,L2_Norm_Error,1.9259776558590438,1.8596240000042599,ok
StratifiedSamplingSV,Adult(n=12),12,4096,42,MSE,0.0057214745374487,1.5727464999945369,ok
StratifiedSamplingSV,Adult(n=12),12,4096,42,MAE,0.0453257113913161,1.5727464999945369,ok
StratifiedSamplingSV,Adult(n=12),12,4096,42,SSE,0.0743791689868331,1.5727464999945369,ok
StratifiedSamplingSV,Adult(n=12),12,4096,42,SAE,0.5892342480871093,1.5727464999945369,ok
StratifiedSamplingSV,Adult(n=12),12,4096,42,Precision@5,0.6,1.5727464999945369,ok
StratifiedSamplingSV,Adult(n=12),12,4096,42,Precision@10,0.8,1.5727464999945369,ok
StratifiedSamplingSV,Adult(n=12),12,4096,42,KendallTau,0.2326210525996177,1.5727464999945369,ok
StratifiedSamplingSV,Adult(n=12),12,4096,42,L2_Norm_Error,1.9729511792458823,1.5727464999945369,ok
SVARM,Adult(n=12),12,4096,42,MSE,0.005710496852844032,0.14074420000542887,ok
SVARM,Adult(n=12),12,4096,42,MAE,0.04536798850549612,0.14074420000542887,ok
SVARM,Adult(n=12),12,4096,42,SSE,0.07423645908697242,0.14074420000542887,ok
SVARM,Adult(n=12),12,4096,42,SAE,0.5897838505714496,0.14074420000542887,ok
SVARM,Adult(n=12),12,4096,42,Precision@5,0.6,0.14074420000542887,ok
SVARM,Adult(n=12),12,4096,42,Precision@10,0.8,0.14074420000542887,ok
SVARM,Adult(n=12),12,4096,42,KendallTau,0.2121212121212121,0.14074420000542887,ok
SVARM,Adult(n=12),12,4096,42,L2_Norm_Error,1.9575728433960136,0.14074420000542887,ok
UnbiasedKernelSHAP,Adult(n=12),12,4096,42,MSE,0.005710496852844032,0.026359399998909794,ok
UnbiasedKernelSHAP,Adult(n=12),12,4096,42,MAE,0.04536798850549612,0.026359399998909794,ok
UnbiasedKernelSHAP,Adult(n=12),12,4096,42,SSE,0.07423645908697242,0.026359399998909794,ok
UnbiasedKernelSHAP,Adult(n=12),12,4096,42,SAE,0.5897838505714496,0.026359399998909794,ok
UnbiasedKernelSHAP,Adult(n=12),12,4096,42,Precision@5,0.6,0.026359399998909794,ok
UnbiasedKernelSHAP,Adult(n=12),12,4096,42,Precision@10,0.8,0.026359399998909794,ok
UnbiasedKernelSHAP,Adult(n=12),12,4096,42,KendallTau,0.2121212121212121,0.026359399998909794,ok
UnbiasedKernelSHAP,Adult(n=12),12,4096,42,L2_Norm_Error,1.9575728433960136,0.026359399998909794,ok
PermutationSamplingSV,Adult(n=12),12,4096,42,MSE,0.005648772726120535,0.06393690000550123,ok
PermutationSamplingSV,Adult(n=12),12,4096,42,MAE,0.044831692985763914,0.06393690000550123,ok
PermutationSamplingSV,Adult(n=12),12,4096,42,SSE,0.07343404543956696,0.06393690000550123,ok
PermutationSamplingSV,Adult(n=12),12,4096,42,SAE,0.5828120088149309,0.06393690000550123,ok
PermutationSamplingSV,Adult(n=12),12,4096,42,Precision@5,0.6,0.06393690000550123,ok
PermutationSamplingSV,Adult(n=12),12,4096,42,Precision@10,0.8,0.06393690000550123,ok
PermutationSamplingSV,Adult(n=12),12,4096,42,KendallTau,0.2326210525996177,0.06393690000550123,ok
PermutationSamplingSV,Adult(n=12),12,4096,42,L2_Norm_Error,1.8711052152050627,0.06393690000550123,ok
KernelSHAP,Adult(n=12),12,4096,42,MSE,0.005710496726396836,0.023942399995576125,ok
KernelSHAP,Adult(n=12),12,4096,42,MAE,0.045367986763977165,0.023942399995576125,ok
KernelSHAP,Adult(n=12),12,4096,42,SSE,0.07423645744315886,0.023942399995576125,ok
KernelSHAP,Adult(n=12),12,4096,42,SAE,0.5897838279317031,0.023942399995576125,ok
KernelSHAP,Adult(n=12),12,4096,42,Precision@5,0.6,0.023942399995576125,ok
KernelSHAP,Adult(n=12),12,4096,42,Precision@10,0.8,0.023942399995576125,ok
KernelSHAP,Adult(n=12),12,4096,42,KendallTau,0.2424242424242424,0.023942399995576125,ok
KernelSHAP,Adult(n=12),12,4096,42,L2_Norm_Error,1.9575726662596196,0.023942399995576125,ok
LeverageSHAP,Adult(n=12),12,4096,42,MSE,0.005710496855671334,0.033969199997955,ok
LeverageSHAP,Adult(n=12),12,4096,42,MAE,0.04536798854131618,0.033969199997955,ok
LeverageSHAP,Adult(n=12),12,4096,42,SSE,0.07423645912372734,0.033969199997955,ok
LeverageSHAP,Adult(n=12),12,4096,42,SAE,0.5897838510371103,0.033969199997955,ok
LeverageSHAP,Adult(n=12),12,4096,42,Precision@5,0.6,0.033969199997955,ok
LeverageSHAP,Adult(n=12),12,4096,42,Precision@10,0.8,0.033969199997955,ok
LeverageSHAP,Adult(n=12),12,4096,42,KendallTau,0.1818181818181818,0.033969199997955,ok
LeverageSHAP,Adult(n=12),12,4096,42,L2_Norm_Error,1.9575728473566996,0.033969199997955,ok
kADDSHAP,Adult(n=12),12,4096,42,MSE,0.0057104971124869765,0.023034999998344574,ok
kADDSHAP,Adult(n=12),12,4096,42,MAE,0.045367989844282634,0.023034999998344574,ok
kADDSHAP,Adult(n=12),12,4096,42,SSE,0.07423646246233069,0.023034999998344574,ok
kADDSHAP,Adult(n=12),12,4096,42,SAE,0.5897838679756743,0.023034999998344574,ok
kADDSHAP,Adult(n=12),12,4096,42,Precision@5,0.6,0.023034999998344574,ok
kADDSHAP,Adult(n=12),12,4096,42,Precision@10,0.8,0.023034999998344574,ok
kADDSHAP,Adult(n=12),12,4096,42,KendallTau,0.1818181818181818,0.023034999998344574,ok
kADDSHAP,Adult(n=12),12,4096,42,L2_Norm_Error,1.9575732071226561,0.023034999998344574,ok
SPEX,Adult(n=12),12,4096,42,MSE,0.006163827651036902,0.4835227000003215,ok
SPEX,Adult(n=12),12,4096,42,MAE,0.04629970097732578,0.4835227000003215,ok
SPEX,Adult(n=12),12,4096,42,SSE,0.08012975946347972,0.4835227000003215,ok
SPEX,Adult(n=12),12,4096,42,SAE,0.6018961127052351,0.4835227000003215,ok
SPEX,Adult(n=12),12,4096,42,Precision@5,0.6,0.4835227000003215,ok
SPEX,Adult(n=12),12,4096,42,Precision@10,0.8,0.4835227000003215,ok
SPEX,Adult(n=12),12,4096,42,KendallTau,0.2326210525996177,0.4835227000003215,ok
SPEX,Adult(n=12),12,4096,42,L2_Norm_Error,1.957716957689229,0.4835227000003215,ok
RegressionMSR,Adult(n=12),12,4096,42,MSE,0.00571049715850218,0.07876179999584565,ok
RegressionMSR,Adult(n=12),12,4096,42,MAE,0.04536799141383739,0.07876179999584565,ok
RegressionMSR,Adult(n=12),12,4096,42,SSE,0.07423646306052835,0.07876179999584565,ok
RegressionMSR,Adult(n=12),12,4096,42,SAE,0.589783888379886,0.07876179999584565,ok
RegressionMSR,Adult(n=12),12,4096,42,Precision@5,0.6,0.07876179999584565,ok
RegressionMSR,Adult(n=12),12,4096,42,Precision@10,0.8,0.07876179999584565,ok
RegressionMSR,Adult(n=12),12,4096,42,KendallTau,0.2424242424242424,0.07876179999584565,ok
RegressionMSR,Adult(n=12),12,4096,42,L2_Norm_Error,1.9575732715840892,0.07876179999584565,ok
ProxySPEX,Adult(n=12),12,4096,42,MSE,0.0061683853904380545,6.284729499995592,ok
ProxySPEX,Adult(n=12),12,4096,42,MAE,0.0458444025580878,6.284729499995592,ok
ProxySPEX,Adult(n=12),12,4096,42,SSE,0.0801890100756947,6.284729499995592,ok
ProxySPEX,Adult(n=12),12,4096,42,SAE,0.5959772332551414,6.284729499995592,ok
ProxySPEX,Adult(n=12),12,4096,42,Precision@5,0.6,6.284729499995592,ok
ProxySPEX,Adult(n=12),12,4096,42,Precision@10,0.8,6.284729499995592,ok
ProxySPEX,Adult(n=12),12,4096,42,KendallTau,0.12065379433217112,6.284729499995592,ok
ProxySPEX,Adult(n=12),12,4096,42,L2_Norm_Error,1.9641017692183653,6.284729499995592,ok
OddSHAP,Adult(n=12),12,4096,42,MSE,0.0057104968252106435,0.17577870000241091,ok
OddSHAP,Adult(n=12),12,4096,42,MAE,0.0453679882288045,0.17577870000241091,ok
OddSHAP,Adult(n=12),12,4096,42,SSE,0.07423645872773836,0.17577870000241091,ok
OddSHAP,Adult(n=12),12,4096,42,SAE,0.5897838469744585,0.17577870000241091,ok
OddSHAP,Adult(n=12),12,4096,42,Precision@5,0.6,0.17577870000241091,ok
OddSHAP,Adult(n=12),12,4096,42,Precision@10,0.8,0.17577870000241091,ok
OddSHAP,Adult(n=12),12,4096,42,KendallTau,0.1818181818181818,0.17577870000241091,ok
OddSHAP,Adult(n=12),12,4096,42,L2_Norm_Error,1.957572804685158,0.17577870000241091,ok
ShaplEIG,Adult(n=12),12,4096,42,_,,0.0,skipped:incompatible_constructor(ImportError)
PolySHAPKAdd,Adult(n=12),12,4096,42,MSE,0.005710496851430385,0.021561800000199582,ok
PolySHAPKAdd,Adult(n=12),12,4096,42,MAE,0.04536798848758612,0.021561800000199582,ok
PolySHAPKAdd,Adult(n=12),12,4096,42,SSE,0.07423645906859501,0.021561800000199582,ok
PolySHAPKAdd,Adult(n=12),12,4096,42,SAE,0.5897838503386196,0.021561800000199582,ok
PolySHAPKAdd,Adult(n=12),12,4096,42,Precision@5,0.6,0.021561800000199582,ok
PolySHAPKAdd,Adult(n=12),12,4096,42,Precision@10,0.8,0.021561800000199582,ok
PolySHAPKAdd,Adult(n=12),12,4096,42,KendallTau,0.2121212121212121,0.021561800000199582,ok
PolySHAPKAdd,Adult(n=12),12,4096,42,L2_Norm_Error,1.957572841415675,0.021561800000199582,ok
PolySHAPPartial,Adult(n=12),12,4096,42,MSE,0.005710496851430385,0.02120650000142632,ok
PolySHAPPartial,Adult(n=12),12,4096,42,MAE,0.04536798848758612,0.02120650000142632,ok
PolySHAPPartial,Adult(n=12),12,4096,42,SSE,0.07423645906859501,0.02120650000142632,ok
PolySHAPPartial,Adult(n=12),12,4096,42,SAE,0.5897838503386196,0.02120650000142632,ok
PolySHAPPartial,Adult(n=12),12,4096,42,Precision@5,0.6,0.02120650000142632,ok
PolySHAPPartial,Adult(n=12),12,4096,42,Precision@10,0.8,0.02120650000142632,ok
PolySHAPPartial,Adult(n=12),12,4096,42,KendallTau,0.2121212121212121,0.02120650000142632,ok
PolySHAPPartial,Adult(n=12),12,4096,42,L2_Norm_Error,1.957572841415675,0.02120650000142632,ok
OptimizedKernelSHAP,Adult(n=12),12,4096,42,MSE,0.005710496726396836,0.024675699998624623,ok
OptimizedKernelSHAP,Adult(n=12),12,4096,42,MAE,0.045367986763977165,0.024675699998624623,ok
OptimizedKernelSHAP,Adult(n=12),12,4096,42,SSE,0.07423645744315886,0.024675699998624623,ok
OptimizedKernelSHAP,Adult(n=12),12,4096,42,SAE,0.5897838279317031,0.024675699998624623,ok
OptimizedKernelSHAP,Adult(n=12),12,4096,42,Precision@5,0.6,0.024675699998624623,ok
OptimizedKernelSHAP,Adult(n=12),12,4096,42,Precision@10,0.8,0.024675699998624623,ok
OptimizedKernelSHAP,Adult(n=12),12,4096,42,KendallTau,0.2424242424242424,0.024675699998624623,ok
OptimizedKernelSHAP,Adult(n=12),12,4096,42,L2_Norm_Error,1.9575726662596196,0.024675699998624623,ok
OwenSamplingSV,Adult(n=12),12,204,1337,MSE,0.005077617989996077,0.0852011999959359,ok
OwenSamplingSV,Adult(n=12),12,204,1337,MAE,0.04015148655477965,0.0852011999959359,ok
OwenSamplingSV,Adult(n=12),12,204,1337,SSE,0.066009033869949,0.0852011999959359,ok
OwenSamplingSV,Adult(n=12),12,204,1337,SAE,0.5219693252121355,0.0852011999959359,ok
OwenSamplingSV,Adult(n=12),12,204,1337,Precision@5,0.6,0.0852011999959359,ok
OwenSamplingSV,Adult(n=12),12,204,1337,Precision@10,0.8,0.0852011999959359,ok
OwenSamplingSV,Adult(n=12),12,204,1337,KendallTau,0.19847906537954926,0.0852011999959359,ok
OwenSamplingSV,Adult(n=12),12,204,1337,L2_Norm_Error,1.156607886839261,0.0852011999959359,ok
StratifiedSamplingSV,Adult(n=12),12,204,1337,MSE,0.005681523772363259,0.07746729999780655,ok
StratifiedSamplingSV,Adult(n=12),12,204,1337,MAE,0.04673372559030452,0.07746729999780655,ok
StratifiedSamplingSV,Adult(n=12),12,204,1337,SSE,0.07385980904072237,0.07746729999780655,ok
StratifiedSamplingSV,Adult(n=12),12,204,1337,SAE,0.6075384326739587,0.07746729999780655,ok
StratifiedSamplingSV,Adult(n=12),12,204,1337,Precision@5,0.6,0.07746729999780655,ok
StratifiedSamplingSV,Adult(n=12),12,204,1337,Precision@10,0.8,0.07746729999780655,ok
StratifiedSamplingSV,Adult(n=12),12,204,1337,KendallTau,0.10687334289668038,0.07746729999780655,ok
StratifiedSamplingSV,Adult(n=12),12,204,1337,L2_Norm_Error,1.754068529375877,0.07746729999780655,ok
SVARM,Adult(n=12),12,204,1337,MSE,0.005738857675866345,0.04440050000266638,ok
SVARM,Adult(n=12),12,204,1337,MAE,0.048225906154100266,0.04440050000266638,ok
SVARM,Adult(n=12),12,204,1337,SSE,0.07460514978626248,0.04440050000266638,ok
SVARM,Adult(n=12),12,204,1337,SAE,0.6269367800033034,0.04440050000266638,ok
SVARM,Adult(n=12),12,204,1337,Precision@5,0.6,0.04440050000266638,ok
SVARM,Adult(n=12),12,204,1337,Precision@10,0.9,0.04440050000266638,ok
SVARM,Adult(n=12),12,204,1337,KendallTau,0.0606060606060606,0.04440050000266638,ok
SVARM,Adult(n=12),12,204,1337,L2_Norm_Error,1.8107905410310958,0.04440050000266638,ok
UnbiasedKernelSHAP,Adult(n=12),12,204,1337,MSE,0.005858819621904857,0.014609999998356216,ok
UnbiasedKernelSHAP,Adult(n=12),12,204,1337,MAE,0.050005702726152346,0.014609999998356216,ok
UnbiasedKernelSHAP,Adult(n=12),12,204,1337,SSE,0.07616465508476314,0.014609999998356216,ok
UnbiasedKernelSHAP,Adult(n=12),12,204,1337,SAE,0.6500741354399805,0.014609999998356216,ok
UnbiasedKernelSHAP,Adult(n=12),12,204,1337,Precision@5,0.6,0.014609999998356216,ok
UnbiasedKernelSHAP,Adult(n=12),12,204,1337,Precision@10,0.9,0.014609999998356216,ok
UnbiasedKernelSHAP,Adult(n=12),12,204,1337,KendallTau,0.0606060606060606,0.014609999998356216,ok
UnbiasedKernelSHAP,Adult(n=12),12,204,1337,L2_Norm_Error,1.929472202066318,0.014609999998356216,ok
PermutationSamplingSV,Adult(n=12),12,204,1337,MSE,0.005652363436679256,0.004379900005005766,ok
PermutationSamplingSV,Adult(n=12),12,204,1337,MAE,0.04663205314115135,0.004379900005005766,ok
PermutationSamplingSV,Adult(n=12),12,204,1337,SSE,0.07348072467683033,0.004379900005005766,ok
PermutationSamplingSV,Adult(n=12),12,204,1337,SAE,0.6062166908349675,0.004379900005005766,ok
PermutationSamplingSV,Adult(n=12),12,204,1337,Precision@5,0.8,0.004379900005005766,ok
PermutationSamplingSV,Adult(n=12),12,204,1337,Precision@10,0.8,0.004379900005005766,ok
PermutationSamplingSV,Adult(n=12),12,204,1337,KendallTau,-0.015267620413811482,0.004379900005005766,ok
PermutationSamplingSV,Adult(n=12),12,204,1337,L2_Norm_Error,1.7252194052193617,0.004379900005005766,ok
KernelSHAP,Adult(n=12),12,204,1337,MSE,0.005646719861490134,0.013172300001315307,ok
KernelSHAP,Adult(n=12),12,204,1337,MAE,0.046719275686420675,0.013172300001315307,ok
KernelSHAP,Adult(n=12),12,204,1337,SSE,0.07340735819937175,0.013172300001315307,ok
KernelSHAP,Adult(n=12),12,204,1337,SAE,0.6073505839234687,0.013172300001315307,ok
KernelSHAP,Adult(n=12),12,204,1337,Precision@5,0.8,0.013172300001315307,ok
KernelSHAP,Adult(n=12),12,204,1337,Precision@10,0.8,0.013172300001315307,ok
KernelSHAP,Adult(n=12),12,204,1337,KendallTau,0.0909090909090909,0.013172300001315307,ok
KernelSHAP,Adult(n=12),12,204,1337,L2_Norm_Error,1.719636060669357,0.013172300001315307,ok
LeverageSHAP,Adult(n=12),12,204,1337,MSE,0.005595588486417812,0.0032476999986101873,ok
LeverageSHAP,Adult(n=12),12,204,1337,MAE,0.046283097277295876,0.0032476999986101873,ok
LeverageSHAP,Adult(n=12),12,204,1337,SSE,0.07274265032343155,0.0032476999986101873,ok
LeverageSHAP,Adult(n=12),12,204,1337,SAE,0.6016802646048464,0.0032476999986101873,ok
LeverageSHAP,Adult(n=12),12,204,1337,Precision@5,0.6,0.0032476999986101873,ok
LeverageSHAP,Adult(n=12),12,204,1337,Precision@10,0.8,0.0032476999986101873,ok
LeverageSHAP,Adult(n=12),12,204,1337,KendallTau,0.0909090909090909,0.0032476999986101873,ok
LeverageSHAP,Adult(n=12),12,204,1337,L2_Norm_Error,1.669050381418622,0.0032476999986101873,ok
kADDSHAP,Adult(n=12),12,204,1337,MSE,0.00564672024919523,0.014220000004570466,ok
kADDSHAP,Adult(n=12),12,204,1337,MAE,0.04671927921762708,0.014220000004570466,ok
kADDSHAP,Adult(n=12),12,204,1337,SSE,0.07340736323953799,0.014220000004570466,ok
kADDSHAP,Adult(n=12),12,204,1337,SAE,0.607350629829152,0.014220000004570466,ok
kADDSHAP,Adult(n=12),12,204,1337,Precision@5,0.8,0.014220000004570466,ok
kADDSHAP,Adult(n=12),12,204,1337,Precision@10,0.8,0.014220000004570466,ok
kADDSHAP,Adult(n=12),12,204,1337,KendallTau,0.0909090909090909,0.014220000004570466,ok
kADDSHAP,Adult(n=12),12,204,1337,L2_Norm_Error,1.7196364442366998,0.014220000004570466,ok
SPEX,Adult(n=12),12,204,1337,_,,0.29534009999770205,skipped:refused_regime(ValueError)
RegressionMSR,Adult(n=12),12,204,1337,MSE,0.005422359501632405,0.054821500001708046,ok
RegressionMSR,Adult(n=12),12,204,1337,MAE,0.04501859471616107,0.054821500001708046,ok
RegressionMSR,Adult(n=12),12,204,1337,SSE,0.07049067352122126,0.054821500001708046,ok
RegressionMSR,Adult(n=12),12,204,1337,SAE,0.5852417313100939,0.054821500001708046,ok
RegressionMSR,Adult(n=12),12,204,1337,Precision@5,0.6,0.054821500001708046,ok
RegressionMSR,Adult(n=12),12,204,1337,Precision@10,0.8,0.054821500001708046,ok
RegressionMSR,Adult(n=12),12,204,1337,KendallTau,0.1212121212121212,0.054821500001708046,ok
RegressionMSR,Adult(n=12),12,204,1337,L2_Norm_Error,1.4976701701708237,0.054821500001708046,ok
ProxySPEX,Adult(n=12),12,204,1337,MSE,0.006126321439915343,2.0884013999966555,ok
ProxySPEX,Adult(n=12),12,204,1337,MAE,0.04425096257638547,2.0884013999966555,ok
ProxySPEX,Adult(n=12),12,204,1337,SSE,0.07964217871889946,2.0884013999966555,ok
ProxySPEX,Adult(n=12),12,204,1337,SAE,0.5752625134930112,2.0884013999966555,ok
ProxySPEX,Adult(n=12),12,204,1337,Precision@5,0.8,2.0884013999966555,ok
ProxySPEX,Adult(n=12),12,204,1337,Precision@10,0.9,2.0884013999966555,ok
ProxySPEX,Adult(n=12),12,204,1337,KendallTau,0.1651445647689541,2.0884013999966555,ok
ProxySPEX,Adult(n=12),12,204,1337,L2_Norm_Error,1.3948228250906114,2.0884013999966555,ok
OddSHAP,Adult(n=12),12,204,1337,MSE,0.005539409107691624,0.029371199998422526,ok
OddSHAP,Adult(n=12),12,204,1337,MAE,0.045481825662473115,0.029371199998422526,ok
OddSHAP,Adult(n=12),12,204,1337,SSE,0.07201231839999112,0.029371199998422526,ok
OddSHAP,Adult(n=12),12,204,1337,SAE,0.5912637336121505,0.029371199998422526,ok
OddSHAP,Adult(n=12),12,204,1337,Precision@5,0.8,0.029371199998422526,ok
OddSHAP,Adult(n=12),12,204,1337,Precision@10,0.8,0.029371199998422526,ok
OddSHAP,Adult(n=12),12,204,1337,KendallTau,0.0606060606060606,0.029371199998422526,ok
OddSHAP,Adult(n=12),12,204,1337,L2_Norm_Error,1.6134705729599454,0.029371199998422526,ok
ShaplEIG,Adult(n=12),12,204,1337,_,,0.0,skipped:incompatible_constructor(ImportError)
PolySHAPKAdd,Adult(n=12),12,204,1337,MSE,0.005646719942470362,0.013575199998740572,ok
PolySHAPKAdd,Adult(n=12),12,204,1337,MAE,0.04671927662716184,0.013575199998740572,ok
PolySHAPKAdd,Adult(n=12),12,204,1337,SSE,0.07340735925211471,0.013575199998740572,ok
PolySHAPKAdd,Adult(n=12),12,204,1337,SAE,0.6073505961531039,0.013575199998740572,ok
PolySHAPKAdd,Adult(n=12),12,204,1337,Precision@5,0.8,0.013575199998740572,ok
PolySHAPKAdd,Adult(n=12),12,204,1337,Precision@10,0.8,0.013575199998740572,ok
PolySHAPKAdd,Adult(n=12),12,204,1337,KendallTau,0.0909090909090909,0.013575199998740572,ok
PolySHAPKAdd,Adult(n=12),12,204,1337,L2_Norm_Error,1.719636140785328,0.013575199998740572,ok
PolySHAPPartial,Adult(n=12),12,204,1337,MSE,0.005646719942470362,0.012845700002799276,ok
PolySHAPPartial,Adult(n=12),12,204,1337,MAE,0.04671927662716184,0.012845700002799276,ok
PolySHAPPartial,Adult(n=12),12,204,1337,SSE,0.07340735925211471,0.012845700002799276,ok
PolySHAPPartial,Adult(n=12),12,204,1337,SAE,0.6073505961531039,0.012845700002799276,ok
PolySHAPPartial,Adult(n=12),12,204,1337,Precision@5,0.8,0.012845700002799276,ok
PolySHAPPartial,Adult(n=12),12,204,1337,Precision@10,0.8,0.012845700002799276,ok
PolySHAPPartial,Adult(n=12),12,204,1337,KendallTau,0.0909090909090909,0.012845700002799276,ok
PolySHAPPartial,Adult(n=12),12,204,1337,L2_Norm_Error,1.719636140785328,0.012845700002799276,ok
OptimizedKernelSHAP,Adult(n=12),12,204,1337,MSE,0.005484915194619475,0.009485900001891423,ok
OptimizedKernelSHAP,Adult(n=12),12,204,1337,MAE,0.045304976216802254,0.009485900001891423,ok
OptimizedKernelSHAP,Adult(n=12),12,204,1337,SSE,0.07130389753005317,0.009485900001891423,ok
OptimizedKernelSHAP,Adult(n=12),12,204,1337,SAE,0.5889646908184293,0.009485900001891423,ok
OptimizedKernelSHAP,Adult(n=12),12,204,1337,Precision@5,0.6,0.009485900001891423,ok
OptimizedKernelSHAP,Adult(n=12),12,204,1337,Precision@10,0.8,0.009485900001891423,ok
OptimizedKernelSHAP,Adult(n=12),12,204,1337,KendallTau,0.1515151515151515,0.009485900001891423,ok
OptimizedKernelSHAP,Adult(n=12),12,204,1337,L2_Norm_Error,1.5595582421476772,0.009485900001891423,ok
OwenSamplingSV,Adult(n=12),12,1024,1337,MSE,0.0054425914964681636,0.41513519999716664,ok
OwenSamplingSV,Adult(n=12),12,1024,1337,MAE,0.04430814716388059,0.41513519999716664,ok
OwenSamplingSV,Adult(n=12),12,1024,1337,SSE,0.07075368945408612,0.41513519999716664,ok
OwenSamplingSV,Adult(n=12),12,1024,1337,SAE,0.5760059131304477,0.41513519999716664,ok
OwenSamplingSV,Adult(n=12),12,1024,1337,Precision@5,0.6,0.41513519999716664,ok
OwenSamplingSV,Adult(n=12),12,1024,1337,Precision@10,0.8,0.41513519999716664,ok
OwenSamplingSV,Adult(n=12),12,1024,1337,KendallTau,0.10687334289668038,0.41513519999716664,ok
OwenSamplingSV,Adult(n=12),12,1024,1337,L2_Norm_Error,1.5176862405369456,0.41513519999716664,ok
StratifiedSamplingSV,Adult(n=12),12,1024,1337,MSE,0.005486178243683544,0.39067740000609774,ok
StratifiedSamplingSV,Adult(n=12),12,1024,1337,MAE,0.04455210082510012,0.39067740000609774,ok
StratifiedSamplingSV,Adult(n=12),12,1024,1337,SSE,0.07132031716788607,0.39067740000609774,ok
StratifiedSamplingSV,Adult(n=12),12,1024,1337,SAE,0.5791773107263015,0.39067740000609774,ok
StratifiedSamplingSV,Adult(n=12),12,1024,1337,Precision@5,0.8,0.39067740000609774,ok
StratifiedSamplingSV,Adult(n=12),12,1024,1337,Precision@10,0.8,0.39067740000609774,ok
StratifiedSamplingSV,Adult(n=12),12,1024,1337,KendallTau,0.10687334289668038,0.39067740000609774,ok
StratifiedSamplingSV,Adult(n=12),12,1024,1337,L2_Norm_Error,1.5608078114139545,0.39067740000609774,ok
SVARM,Adult(n=12),12,1024,1337,MSE,0.00557503837332323,0.12135899999702815,ok
SVARM,Adult(n=12),12,1024,1337,MAE,0.045813274083832685,0.12135899999702815,ok
SVARM,Adult(n=12),12,1024,1337,SSE,0.072475498853202,0.12135899999702815,ok
SVARM,Adult(n=12),12,1024,1337,SAE,0.5955725630898249,0.12135899999702815,ok
SVARM,Adult(n=12),12,1024,1337,Precision@5,0.8,0.12135899999702815,ok
SVARM,Adult(n=12),12,1024,1337,Precision@10,0.8,0.12135899999702815,ok
SVARM,Adult(n=12),12,1024,1337,KendallTau,0.0606060606060606,0.12135899999702815,ok
SVARM,Adult(n=12),12,1024,1337,L2_Norm_Error,1.6487195878872833,0.12135899999702815,ok
UnbiasedKernelSHAP,Adult(n=12),12,1024,1337,MSE,0.005607310641982777,0.06498000000283355,ok
UnbiasedKernelSHAP,Adult(n=12),12,1024,1337,MAE,0.04620180582572236,0.06498000000283355,ok
UnbiasedKernelSHAP,Adult(n=12),12,1024,1337,SSE,0.0728950383457761,0.06498000000283355,ok
UnbiasedKernelSHAP,Adult(n=12),12,1024,1337,SAE,0.6006234757343907,0.06498000000283355,ok
UnbiasedKernelSHAP,Adult(n=12),12,1024,1337,Precision@5,0.8,0.06498000000283355,ok
UnbiasedKernelSHAP,Adult(n=12),12,1024,1337,Precision@10,0.8,0.06498000000283355,ok
UnbiasedKernelSHAP,Adult(n=12),12,1024,1337,KendallTau,0.0606060606060606,0.06498000000283355,ok
UnbiasedKernelSHAP,Adult(n=12),12,1024,1337,L2_Norm_Error,1.6806474331446486,0.06498000000283355,ok
PermutationSamplingSV,Adult(n=12),12,1024,1337,MSE,0.005681033687779099,0.019767600002523977,ok
PermutationSamplingSV,Adult(n=12),12,1024,1337,MAE,0.04667270598669916,0.019767600002523977,ok
PermutationSamplingSV,Adult(n=12),12,1024,1337,SSE,0.07385343794112828,0.019767600002523977,ok
PermutationSamplingSV,Adult(n=12),12,1024,1337,SAE,0.6067451778270891,0.019767600002523977,ok
PermutationSamplingSV,Adult(n=12),12,1024,1337,Precision@5,0.6,0.019767600002523977,ok
PermutationSamplingSV,Adult(n=12),12,1024,1337,Precision@10,0.8,0.019767600002523977,ok
PermutationSamplingSV,Adult(n=12),12,1024,1337,KendallTau,0.04580286124143444,0.019767600002523977,ok
PermutationSamplingSV,Adult(n=12),12,1024,1337,L2_Norm_Error,1.7535836751832214,0.019767600002523977,ok
KernelSHAP,Adult(n=12),12,1024,1337,MSE,0.0055360816100070865,0.06273759999749018,ok
KernelSHAP,Adult(n=12),12,1024,1337,MAE,0.04578405877833215,0.06273759999749018,ok
KernelSHAP,Adult(n=12),12,1024,1337,SSE,0.07196906093009213,0.06273759999749018,ok
KernelSHAP,Adult(n=12),12,1024,1337,SAE,0.595192764118318,0.06273759999749018,ok
KernelSHAP,Adult(n=12),12,1024,1337,Precision@5,0.6,0.06273759999749018,ok
KernelSHAP,Adult(n=12),12,1024,1337,Precision@10,0.8,0.06273759999749018,ok
KernelSHAP,Adult(n=12),12,1024,1337,KendallTau,0.0606060606060606,0.06273759999749018,ok
KernelSHAP,Adult(n=12),12,1024,1337,L2_Norm_Error,1.6101785877485262,0.06273759999749018,ok
LeverageSHAP,Adult(n=12),12,1024,1337,MSE,0.005531157194801308,0.009703000003355555,ok
LeverageSHAP,Adult(n=12),12,1024,1337,MAE,0.04576568381752376,0.009703000003355555,ok
LeverageSHAP,Adult(n=12),12,1024,1337,SSE,0.071905043532417,0.009703000003355555,ok
LeverageSHAP,Adult(n=12),12,1024,1337,SAE,0.5949538896278088,0.009703000003355555,ok
LeverageSHAP,Adult(n=12),12,1024,1337,Precision@5,0.6,0.009703000003355555,ok
LeverageSHAP,Adult(n=12),12,1024,1337,Precision@10,0.8,0.009703000003355555,ok
LeverageSHAP,Adult(n=12),12,1024,1337,KendallTau,0.0606060606060606,0.009703000003355555,ok
LeverageSHAP,Adult(n=12),12,1024,1337,L2_Norm_Error,1.605306728000091,0.009703000003355555,ok
kADDSHAP,Adult(n=12),12,1024,1337,MSE,0.005536081957435405,0.06172130000049947,ok
kADDSHAP,Adult(n=12),12,1024,1337,MAE,0.04578406221624314,0.06172130000049947,ok
kADDSHAP,Adult(n=12),12,1024,1337,SSE,0.07196906544666026,0.06172130000049947,ok
kADDSHAP,Adult(n=12),12,1024,1337,SAE,0.5951928088111609,0.06172130000049947,ok
kADDSHAP,Adult(n=12),12,1024,1337,Precision@5,0.6,0.06172130000049947,ok
kADDSHAP,Adult(n=12),12,1024,1337,Precision@10,0.8,0.06172130000049947,ok
kADDSHAP,Adult(n=12),12,1024,1337,KendallTau,0.0606060606060606,0.06172130000049947,ok
kADDSHAP,Adult(n=12),12,1024,1337,L2_Norm_Error,1.6101789314689412,0.06172130000049947,ok
SPEX,Adult(n=12),12,1024,1337,MSE,0.006346593105953153,1.8958592999988468,ok
SPEX,Adult(n=12),12,1024,1337,MAE,0.04741383895418025,1.8958592999988468,ok
SPEX,Adult(n=12),12,1024,1337,SSE,0.08250571037739099,1.8958592999988468,ok
SPEX,Adult(n=12),12,1024,1337,SAE,0.6163799064043433,1.8958592999988468,ok
SPEX,Adult(n=12),12,1024,1337,Precision@5,0.8,1.8958592999988468,ok
SPEX,Adult(n=12),12,1024,1337,Precision@10,0.8,1.8958592999988468,ok
SPEX,Adult(n=12),12,1024,1337,KendallTau,0.04580286124143444,1.8958592999988468,ok
SPEX,Adult(n=12),12,1024,1337,L2_Norm_Error,1.612743658051842,1.8958592999988468,ok
RegressionMSR,Adult(n=12),12,1024,1337,MSE,0.005538882499613347,0.11009760000160895,ok
RegressionMSR,Adult(n=12),12,1024,1337,MAE,0.0457631220906313,0.11009760000160895,ok
RegressionMSR,Adult(n=12),12,1024,1337,SSE,0.07200547249497352,0.11009760000160895,ok
RegressionMSR,Adult(n=12),12,1024,1337,SAE,0.5949205871782068,0.11009760000160895,ok
RegressionMSR,Adult(n=12),12,1024,1337,Precision@5,0.6,0.11009760000160895,ok
RegressionMSR,Adult(n=12),12,1024,1337,Precision@10,0.8,0.11009760000160895,ok
RegressionMSR,Adult(n=12),12,1024,1337,KendallTau,0.0303030303030303,0.11009760000160895,ok
RegressionMSR,Adult(n=12),12,1024,1337,L2_Norm_Error,1.6129495850674642,0.11009760000160895,ok
ProxySPEX,Adult(n=12),12,1024,1337,MSE,0.006279546467771479,5.0686273999963305,ok
ProxySPEX,Adult(n=12),12,1024,1337,MAE,0.045233456209449144,5.0686273999963305,ok
ProxySPEX,Adult(n=12),12,1024,1337,SSE,0.08163410408102922,5.0686273999963305,ok
ProxySPEX,Adult(n=12),12,1024,1337,SAE,0.5880349307228389,5.0686273999963305,ok
ProxySPEX,Adult(n=12),12,1024,1337,Precision@5,0.8,5.0686273999963305,ok
ProxySPEX,Adult(n=12),12,1024,1337,Precision@10,0.9,5.0686273999963305,ok
ProxySPEX,Adult(n=12),12,1024,1337,KendallTau,0.051708768999501914,5.0686273999963305,ok
ProxySPEX,Adult(n=12),12,1024,1337,L2_Norm_Error,1.5464125701610703,5.0686273999963305,ok
OddSHAP,Adult(n=12),12,1024,1337,MSE,0.005539478744857577,0.12995779999619117,ok
OddSHAP,Adult(n=12),12,1024,1337,MAE,0.04570946179115088,0.12995779999619117,ok
OddSHAP,Adult(n=12),12,1024,1337,SSE,0.0720132236831485,0.12995779999619117,ok
OddSHAP,Adult(n=12),12,1024,1337,SAE,0.5942230032849615,0.12995779999619117,ok
OddSHAP,Adult(n=12),12,1024,1337,Precision@5,0.8,0.12995779999619117,ok
OddSHAP,Adult(n=12),12,1024,1337,Precision@10,0.8,0.12995779999619117,ok
OddSHAP,Adult(n=12),12,1024,1337,KendallTau,0.0303030303030303,0.12995779999619117,ok
OddSHAP,Adult(n=12),12,1024,1337,L2_Norm_Error,1.6135394669283885,0.12995779999619117,ok
ShaplEIG,Adult(n=12),12,1024,1337,_,,0.0,skipped:incompatible_constructor(ImportError)
PolySHAPKAdd,Adult(n=12),12,1024,1337,MSE,0.0055360817398294885,0.06155340000259457,ok
PolySHAPKAdd,Adult(n=12),12,1024,1337,MAE,0.0457840600976804,0.06155340000259457,ok
PolySHAPKAdd,Adult(n=12),12,1024,1337,SSE,0.07196906261778335,0.06155340000259457,ok
PolySHAPKAdd,Adult(n=12),12,1024,1337,SAE,0.5951927812698452,0.06155340000259457,ok
PolySHAPKAdd,Adult(n=12),12,1024,1337,Precision@5,0.6,0.06155340000259457,ok
PolySHAPKAdd,Adult(n=12),12,1024,1337,Precision@10,0.8,0.06155340000259457,ok
PolySHAPKAdd,Adult(n=12),12,1024,1337,KendallTau,0.0606060606060606,0.06155340000259457,ok
PolySHAPKAdd,Adult(n=12),12,1024,1337,L2_Norm_Error,1.6101787161854089,0.06155340000259457,ok
PolySHAPPartial,Adult(n=12),12,1024,1337,MSE,0.0055360817398294885,0.06603030000405852,ok
PolySHAPPartial,Adult(n=12),12,1024,1337,MAE,0.0457840600976804,0.06603030000405852,ok
PolySHAPPartial,Adult(n=12),12,1024,1337,SSE,0.07196906261778335,0.06603030000405852,ok
PolySHAPPartial,Adult(n=12),12,1024,1337,SAE,0.5951927812698452,0.06603030000405852,ok
PolySHAPPartial,Adult(n=12),12,1024,1337,Precision@5,0.6,0.06603030000405852,ok
PolySHAPPartial,Adult(n=12),12,1024,1337,Precision@10,0.8,0.06603030000405852,ok
PolySHAPPartial,Adult(n=12),12,1024,1337,KendallTau,0.0606060606060606,0.06603030000405852,ok
PolySHAPPartial,Adult(n=12),12,1024,1337,L2_Norm_Error,1.6101787161854089,0.06603030000405852,ok
OptimizedKernelSHAP,Adult(n=12),12,1024,1337,MSE,0.005553852724536014,0.038840500004880596,ok
OptimizedKernelSHAP,Adult(n=12),12,1024,1337,MAE,0.045735560179319915,0.038840500004880596,ok
OptimizedKernelSHAP,Adult(n=12),12,1024,1337,SSE,0.07220008541896819,0.038840500004880596,ok
OptimizedKernelSHAP,Adult(n=12),12,1024,1337,SAE,0.5945622823311589,0.038840500004880596,ok
OptimizedKernelSHAP,Adult(n=12),12,1024,1337,Precision@5,0.8,0.038840500004880596,ok
OptimizedKernelSHAP,Adult(n=12),12,1024,1337,Precision@10,0.8,0.038840500004880596,ok
OptimizedKernelSHAP,Adult(n=12),12,1024,1337,KendallTau,0.0606060606060606,0.038840500004880596,ok
OptimizedKernelSHAP,Adult(n=12),12,1024,1337,L2_Norm_Error,1.6277600413710214,0.038840500004880596,ok
OwenSamplingSV,Adult(n=12),12,2048,1337,MSE,0.005456210473298745,1.1379747999963001,ok
OwenSamplingSV,Adult(n=12),12,2048,1337,MAE,0.044968589945679885,1.1379747999963001,ok
OwenSamplingSV,Adult(n=12),12,2048,1337,SSE,0.07093073615288369,1.1379747999963001,ok
OwenSamplingSV,Adult(n=12),12,2048,1337,SAE,0.5845916692938385,1.1379747999963001,ok
OwenSamplingSV,Adult(n=12),12,2048,1337,Precision@5,0.6,1.1379747999963001,ok
OwenSamplingSV,Adult(n=12),12,2048,1337,Precision@10,0.8,1.1379747999963001,ok
OwenSamplingSV,Adult(n=12),12,2048,1337,KendallTau,0.13740858372430334,1.1379747999963001,ok
OwenSamplingSV,Adult(n=12),12,2048,1337,L2_Norm_Error,1.5311598698438142,1.1379747999963001,ok
StratifiedSamplingSV,Adult(n=12),12,2048,1337,MSE,0.00552922305808984,0.8386488000032841,ok
StratifiedSamplingSV,Adult(n=12),12,2048,1337,MAE,0.045259127809456984,0.8386488000032841,ok
StratifiedSamplingSV,Adult(n=12),12,2048,1337,SSE,0.07187989975516793,0.8386488000032841,ok
StratifiedSamplingSV,Adult(n=12),12,2048,1337,SAE,0.5883686615229408,0.8386488000032841,ok
StratifiedSamplingSV,Adult(n=12),12,2048,1337,Precision@5,0.8,0.8386488000032841,ok
StratifiedSamplingSV,Adult(n=12),12,2048,1337,Precision@10,0.8,0.8386488000032841,ok
StratifiedSamplingSV,Adult(n=12),12,2048,1337,KendallTau,0.07633810206905742,0.8386488000032841,ok
StratifiedSamplingSV,Adult(n=12),12,2048,1337,L2_Norm_Error,1.6033932332197347,0.8386488000032841,ok
SVARM,Adult(n=12),12,2048,1337,MSE,0.0055596555035506805,0.19590980000066338,ok
SVARM,Adult(n=12),12,2048,1337,MAE,0.046002578440735534,0.19590980000066338,ok
SVARM,Adult(n=12),12,2048,1337,SSE,0.07227552154615885,0.19590980000066338,ok
SVARM,Adult(n=12),12,2048,1337,SAE,0.598033519729562,0.19590980000066338,ok
SVARM,Adult(n=12),12,2048,1337,Precision@5,0.6,0.19590980000066338,ok
SVARM,Adult(n=12),12,2048,1337,Precision@10,0.8,0.19590980000066338,ok
SVARM,Adult(n=12),12,2048,1337,KendallTau,0.0606060606060606,0.19590980000066338,ok
SVARM,Adult(n=12),12,2048,1337,L2_Norm_Error,1.6335008906555089,0.19590980000066338,ok
UnbiasedKernelSHAP,Adult(n=12),12,2048,1337,MSE,0.005569905048231802,0.11536840000189841,ok
UnbiasedKernelSHAP,Adult(n=12),12,2048,1337,MAE,0.04613453414107705,0.11536840000189841,ok
UnbiasedKernelSHAP,Adult(n=12),12,2048,1337,SSE,0.07240876562701343,0.11536840000189841,ok
UnbiasedKernelSHAP,Adult(n=12),12,2048,1337,SAE,0.5997489438340017,0.11536840000189841,ok
UnbiasedKernelSHAP,Adult(n=12),12,2048,1337,Precision@5,0.6,0.11536840000189841,ok
UnbiasedKernelSHAP,Adult(n=12),12,2048,1337,Precision@10,0.8,0.11536840000189841,ok
UnbiasedKernelSHAP,Adult(n=12),12,2048,1337,KendallTau,0.0303030303030303,0.11536840000189841,ok
UnbiasedKernelSHAP,Adult(n=12),12,2048,1337,L2_Norm_Error,1.6436410478285157,0.11536840000189841,ok
PermutationSamplingSV,Adult(n=12),12,2048,1337,MSE,0.005588078055299577,0.032296299999870826,ok
PermutationSamplingSV,Adult(n=12),12,2048,1337,MAE,0.045922387616919844,0.032296299999870826,ok
PermutationSamplingSV,Adult(n=12),12,2048,1337,SSE,0.07264501471889451,0.032296299999870826,ok
PermutationSamplingSV,Adult(n=12),12,2048,1337,SAE,0.596991039019958,0.032296299999870826,ok
PermutationSamplingSV,Adult(n=12),12,2048,1337,Precision@5,0.6,0.032296299999870826,ok
PermutationSamplingSV,Adult(n=12),12,2048,1337,Precision@10,0.8,0.032296299999870826,ok
PermutationSamplingSV,Adult(n=12),12,2048,1337,KendallTau,0.10687334289668038,0.032296299999870826,ok
PermutationSamplingSV,Adult(n=12),12,2048,1337,L2_Norm_Error,1.6616201048214378,0.032296299999870826,ok
KernelSHAP,Adult(n=12),12,2048,1337,MSE,0.005564719079521916,0.11693660000310047,ok
KernelSHAP,Adult(n=12),12,2048,1337,MAE,0.04600083345860405,0.11693660000310047,ok
KernelSHAP,Adult(n=12),12,2048,1337,SSE,0.0723413480337849,0.11693660000310047,ok
KernelSHAP,Adult(n=12),12,2048,1337,SAE,0.5980108349618526,0.11693660000310047,ok
KernelSHAP,Adult(n=12),12,2048,1337,Precision@5,0.8,0.11693660000310047,ok
KernelSHAP,Adult(n=12),12,2048,1337,Precision@10,0.8,0.11693660000310047,ok
KernelSHAP,Adult(n=12),12,2048,1337,KendallTau,0.0303030303030303,0.11693660000310047,ok
KernelSHAP,Adult(n=12),12,2048,1337,L2_Norm_Error,1.638510425986415,0.11693660000310047,ok
LeverageSHAP,Adult(n=12),12,2048,1337,MSE,0.0055358530791821264,0.019529500001226552,ok
LeverageSHAP,Adult(n=12),12,2048,1337,MAE,0.0457285885095681,0.019529500001226552,ok
LeverageSHAP,Adult(n=12),12,2048,1337,SSE,0.07196609002936764,0.019529500001226552,ok
LeverageSHAP,Adult(n=12),12,2048,1337,SAE,0.5944716506243852,0.019529500001226552,ok
LeverageSHAP,Adult(n=12),12,2048,1337,Precision@5,0.6,0.019529500001226552,ok
LeverageSHAP,Adult(n=12),12,2048,1337,Precision@10,0.8,0.019529500001226552,ok
LeverageSHAP,Adult(n=12),12,2048,1337,KendallTau,0.0303030303030303,0.019529500001226552,ok
LeverageSHAP,Adult(n=12),12,2048,1337,L2_Norm_Error,1.6099524959019051,0.019529500001226552,ok
kADDSHAP,Adult(n=12),12,2048,1337,MSE,0.005564719481063499,0.10961189999943599,ok
kADDSHAP,Adult(n=12),12,2048,1337,MAE,0.04600083737422012,0.10961189999943599,ok
kADDSHAP,Adult(n=12),12,2048,1337,SSE,0.07234135325382549,0.10961189999943599,ok
kADDSHAP,Adult(n=12),12,2048,1337,SAE,0.5980108858648616,0.10961189999943599,ok
kADDSHAP,Adult(n=12),12,2048,1337,Precision@5,0.8,0.10961189999943599,ok
kADDSHAP,Adult(n=12),12,2048,1337,Precision@10,0.8,0.10961189999943599,ok
kADDSHAP,Adult(n=12),12,2048,1337,KendallTau,0.0303030303030303,0.10961189999943599,ok
kADDSHAP,Adult(n=12),12,2048,1337,L2_Norm_Error,1.6385108232425756,0.10961189999943599,ok
SPEX,Adult(n=12),12,2048,1337,MSE,0.006347742612034939,0.8071426000024076,ok
SPEX,Adult(n=12),12,2048,1337,MAE,0.047427163479312036,0.8071426000024076,ok
SPEX,Adult(n=12),12,2048,1337,SSE,0.0825206539564542,0.8071426000024076,ok
SPEX,Adult(n=12),12,2048,1337,SAE,0.6165531252310564,0.8071426000024076,ok
SPEX,Adult(n=12),12,2048,1337,Precision@5,0.8,0.8071426000024076,ok
SPEX,Adult(n=12),12,2048,1337,Precision@10,0.8,0.8071426000024076,ok
SPEX,Adult(n=12),12,2048,1337,KendallTau,0.04580286124143444,0.8071426000024076,ok
SPEX,Adult(n=12),12,2048,1337,L2_Norm_Error,1.6138808961149265,0.8071426000024076,ok
RegressionMSR,Adult(n=12),12,2048,1337,MSE,0.005538792882135079,0.17736650000006193,ok
RegressionMSR,Adult(n=12),12,2048,1337,MAE,0.045709643474451236,0.17736650000006193,ok
RegressionMSR,Adult(n=12),12,2048,1337,SSE,0.07200430746775603,0.17736650000006193,ok
RegressionMSR,Adult(n=12),12,2048,1337,SAE,0.5942253651678661,0.17736650000006193,ok
RegressionMSR,Adult(n=12),12,2048,1337,Precision@5,0.6,0.17736650000006193,ok
RegressionMSR,Adult(n=12),12,2048,1337,Precision@10,0.8,0.17736650000006193,ok
RegressionMSR,Adult(n=12),12,2048,1337,KendallTau,0.0606060606060606,0.17736650000006193,ok
RegressionMSR,Adult(n=12),12,2048,1337,L2_Norm_Error,1.6128609240251108,0.17736650000006193,ok
ProxySPEX,Adult(n=12),12,2048,1337,MSE,0.006301643446359741,6.227666400001908,ok
ProxySPEX,Adult(n=12),12,2048,1337,MAE,0.04540435038629123,6.227666400001908,ok
ProxySPEX,Adult(n=12),12,2048,1337,SSE,0.08192136480267663,6.227666400001908,ok
ProxySPEX,Adult(n=12),12,2048,1337,SAE,0.590256555021786,6.227666400001908,ok
ProxySPEX,Adult(n=12),12,2048,1337,Precision@5,0.8,6.227666400001908,ok
ProxySPEX,Adult(n=12),12,2048,1337,Precision@10,0.9,6.227666400001908,ok
ProxySPEX,Adult(n=12),12,2048,1337,KendallTau,0.051708768999501914,6.227666400001908,ok
ProxySPEX,Adult(n=12),12,2048,1337,L2_Norm_Error,1.5682737203784285,6.227666400001908,ok
OddSHAP,Adult(n=12),12,2048,1337,MSE,0.005539021860517761,0.18544609999662498,ok
OddSHAP,Adult(n=12),12,2048,1337,MAE,0.04570796198138657,0.18544609999662498,ok
OddSHAP,Adult(n=12),12,2048,1337,SSE,0.0720072841867309,0.18544609999662498,ok
OddSHAP,Adult(n=12),12,2048,1337,SAE,0.5942035057580254,0.18544609999662498,ok
OddSHAP,Adult(n=12),12,2048,1337,Precision@5,0.8,0.18544609999662498,ok
OddSHAP,Adult(n=12),12,2048,1337,Precision@10,0.8,0.18544609999662498,ok
OddSHAP,Adult(n=12),12,2048,1337,KendallTau,0.0606060606060606,0.18544609999662498,ok
OddSHAP,Adult(n=12),12,2048,1337,L2_Norm_Error,1.613087458652926,0.18544609999662498,ok
ShaplEIG,Adult(n=12),12,2048,1337,_,,0.0,skipped:incompatible_constructor(ImportError)
PolySHAPKAdd,Adult(n=12),12,2048,1337,MSE,0.005564719306949685,0.11088209999434184,ok
PolySHAPKAdd,Adult(n=12),12,2048,1337,MAE,0.04600083599271758,0.11088209999434184,ok
PolySHAPKAdd,Adult(n=12),12,2048,1337,SSE,0.07234135099034592,0.11088209999434184,ok
PolySHAPKAdd,Adult(n=12),12,2048,1337,SAE,0.5980108679053285,0.11088209999434184,ok
PolySHAPKAdd,Adult(n=12),12,2048,1337,Precision@5,0.8,0.11088209999434184,ok
PolySHAPKAdd,Adult(n=12),12,2048,1337,Precision@10,0.8,0.11088209999434184,ok
PolySHAPKAdd,Adult(n=12),12,2048,1337,KendallTau,0.0303030303030303,0.11088209999434184,ok
PolySHAPKAdd,Adult(n=12),12,2048,1337,L2_Norm_Error,1.6385106509869782,0.11088209999434184,ok
PolySHAPPartial,Adult(n=12),12,2048,1337,MSE,0.005564719306949685,0.11381959999562241,ok
PolySHAPPartial,Adult(n=12),12,2048,1337,MAE,0.04600083599271758,0.11381959999562241,ok
PolySHAPPartial,Adult(n=12),12,2048,1337,SSE,0.07234135099034592,0.11381959999562241,ok
PolySHAPPartial,Adult(n=12),12,2048,1337,SAE,0.5980108679053285,0.11381959999562241,ok
PolySHAPPartial,Adult(n=12),12,2048,1337,Precision@5,0.8,0.11381959999562241,ok
PolySHAPPartial,Adult(n=12),12,2048,1337,Precision@10,0.8,0.11381959999562241,ok
PolySHAPPartial,Adult(n=12),12,2048,1337,KendallTau,0.0303030303030303,0.11381959999562241,ok
PolySHAPPartial,Adult(n=12),12,2048,1337,L2_Norm_Error,1.6385106509869782,0.11381959999562241,ok
OptimizedKernelSHAP,Adult(n=12),12,2048,1337,MSE,0.0055359531280892715,0.0735244999959832,ok
OptimizedKernelSHAP,Adult(n=12),12,2048,1337,MAE,0.04572013323893361,0.0735244999959832,ok
OptimizedKernelSHAP,Adult(n=12),12,2048,1337,SSE,0.07196739066516053,0.0735244999959832,ok
OptimizedKernelSHAP,Adult(n=12),12,2048,1337,SAE,0.594361732106137,0.0735244999959832,ok
OptimizedKernelSHAP,Adult(n=12),12,2048,1337,Precision@5,0.6,0.0735244999959832,ok
OptimizedKernelSHAP,Adult(n=12),12,2048,1337,Precision@10,0.8,0.0735244999959832,ok
OptimizedKernelSHAP,Adult(n=12),12,2048,1337,KendallTau,0.0606060606060606,0.0735244999959832,ok
OptimizedKernelSHAP,Adult(n=12),12,2048,1337,L2_Norm_Error,1.6100514770444834,0.0735244999959832,ok
OwenSamplingSV,Adult(n=12),12,4096,1337,MSE,0.005473457289555325,1.7404605999981868,ok
OwenSamplingSV,Adult(n=12),12,4096,1337,MAE,0.04527420581468869,1.7404605999981868,ok
OwenSamplingSV,Adult(n=12),12,4096,1337,SSE,0.07115494476421923,1.7404605999981868,ok
OwenSamplingSV,Adult(n=12),12,4096,1337,SAE,0.5885646755909529,1.7404605999981868,ok
OwenSamplingSV,Adult(n=12),12,4096,1337,Precision@5,0.6,1.7404605999981868,ok
OwenSamplingSV,Adult(n=12),12,4096,1337,Precision@10,0.8,1.7404605999981868,ok
OwenSamplingSV,Adult(n=12),12,4096,1337,KendallTau,0.13740858372430334,1.7404605999981868,ok
OwenSamplingSV,Adult(n=12),12,4096,1337,L2_Norm_Error,1.5482226207285263,1.7404605999981868,ok
StratifiedSamplingSV,Adult(n=12),12,4096,1337,MSE,0.005560705884357375,1.5774059999966994,ok
StratifiedSamplingSV,Adult(n=12),12,4096,1337,MAE,0.04578610073779451,1.5774059999966994,ok
StratifiedSamplingSV,Adult(n=12),12,4096,1337,SSE,0.07228917649664587,1.5774059999966994,ok
StratifiedSamplingSV,Adult(n=12),12,4096,1337,SAE,0.5952193095913286,1.5774059999966994,ok
StratifiedSamplingSV,Adult(n=12),12,4096,1337,Precision@5,0.6,1.5774059999966994,ok
StratifiedSamplingSV,Adult(n=12),12,4096,1337,Precision@10,0.8,1.5774059999966994,ok
StratifiedSamplingSV,Adult(n=12),12,4096,1337,KendallTau,0.10687334289668038,1.5774059999966994,ok
StratifiedSamplingSV,Adult(n=12),12,4096,1337,L2_Norm_Error,1.6345400613506706,1.5774059999966994,ok
SVARM,Adult(n=12),12,4096,1337,MSE,0.005539021864984074,0.15249309999489924,ok
SVARM,Adult(n=12),12,4096,1337,MAE,0.04570796197629201,0.15249309999489924,ok
SVARM,Adult(n=12),12,4096,1337,SSE,0.07200728424479295,0.15249309999489924,ok
SVARM,Adult(n=12),12,4096,1337,SAE,0.5942035056917961,0.15249309999489924,ok
SVARM,Adult(n=12),12,4096,1337,Precision@5,0.8,0.15249309999489924,ok
SVARM,Adult(n=12),12,4096,1337,Precision@10,0.8,0.15249309999489924,ok
SVARM,Adult(n=12),12,4096,1337,KendallTau,0.0606060606060606,0.15249309999489924,ok
SVARM,Adult(n=12),12,4096,1337,L2_Norm_Error,1.613087463071572,0.15249309999489924,ok
UnbiasedKernelSHAP,Adult(n=12),12,4096,1337,MSE,0.005539021864984074,0.02647910000086995,ok
UnbiasedKernelSHAP,Adult(n=12),12,4096,1337,MAE,0.04570796197629201,0.02647910000086995,ok
UnbiasedKernelSHAP,Adult(n=12),12,4096,1337,SSE,0.07200728424479295,0.02647910000086995,ok
UnbiasedKernelSHAP,Adult(n=12),12,4096,1337,SAE,0.5942035056917961,0.02647910000086995,ok
UnbiasedKernelSHAP,Adult(n=12),12,4096,1337,Precision@5,0.8,0.02647910000086995,ok
UnbiasedKernelSHAP,Adult(n=12),12,4096,1337,Precision@10,0.8,0.02647910000086995,ok
UnbiasedKernelSHAP,Adult(n=12),12,4096,1337,KendallTau,0.0606060606060606,0.02647910000086995,ok
UnbiasedKernelSHAP,Adult(n=12),12,4096,1337,L2_Norm_Error,1.613087463071572,0.02647910000086995,ok
PermutationSamplingSV,Adult(n=12),12,4096,1337,MSE,0.005657066236305281,0.06349109999428038,ok
PermutationSamplingSV,Adult(n=12),12,4096,1337,MAE,0.0465621267304936,0.06349109999428038,ok
PermutationSamplingSV,Adult(n=12),12,4096,1337,SSE,0.07354186107196865,0.06349109999428038,ok
PermutationSamplingSV,Adult(n=12),12,4096,1337,SAE,0.6053076474964167,0.06349109999428038,ok
PermutationSamplingSV,Adult(n=12),12,4096,1337,Precision@5,0.6,0.06349109999428038,ok
PermutationSamplingSV,Adult(n=12),12,4096,1337,Precision@10,0.8,0.06349109999428038,ok
PermutationSamplingSV,Adult(n=12),12,4096,1337,KendallTau,0.10687334289668038,0.06349109999428038,ok
PermutationSamplingSV,Adult(n=12),12,4096,1337,L2_Norm_Error,1.7298720145639397,0.06349109999428038,ok
KernelSHAP,Adult(n=12),12,4096,1337,MSE,0.0055390217897325796,0.02364829999714857,ok
KernelSHAP,Adult(n=12),12,4096,1337,MAE,0.0457079606237794,0.02364829999714857,ok
KernelSHAP,Adult(n=12),12,4096,1337,SSE,0.07200728326652353,0.02364829999714857,ok
KernelSHAP,Adult(n=12),12,4096,1337,SAE,0.5942034881091323,0.02364829999714857,ok
KernelSHAP,Adult(n=12),12,4096,1337,Precision@5,0.8,0.02364829999714857,ok
KernelSHAP,Adult(n=12),12,4096,1337,Precision@10,0.8,0.02364829999714857,ok
KernelSHAP,Adult(n=12),12,4096,1337,KendallTau,0.0606060606060606,0.02364829999714857,ok
KernelSHAP,Adult(n=12),12,4096,1337,L2_Norm_Error,1.6130873886231927,0.02364829999714857,ok
LeverageSHAP,Adult(n=12),12,4096,1337,MSE,0.005539021864984075,0.03565819999494124,ok
LeverageSHAP,Adult(n=12),12,4096,1337,MAE,0.04570796197629198,0.03565819999494124,ok
LeverageSHAP,Adult(n=12),12,4096,1337,SSE,0.07200728424479297,0.03565819999494124,ok
LeverageSHAP,Adult(n=12),12,4096,1337,SAE,0.5942035056917958,0.03565819999494124,ok
LeverageSHAP,Adult(n=12),12,4096,1337,Precision@5,0.8,0.03565819999494124,ok
LeverageSHAP,Adult(n=12),12,4096,1337,Precision@10,0.8,0.03565819999494124,ok
LeverageSHAP,Adult(n=12),12,4096,1337,KendallTau,0.0303030303030303,0.03565819999494124,ok
LeverageSHAP,Adult(n=12),12,4096,1337,L2_Norm_Error,1.6130874630715721,0.03565819999494124,ok
kADDSHAP,Adult(n=12),12,4096,1337,MSE,0.0055390220508682786,0.02292729999317089,ok
kADDSHAP,Adult(n=12),12,4096,1337,MAE,0.045707963717068124,0.02292729999317089,ok
kADDSHAP,Adult(n=12),12,4096,1337,SSE,0.07200728666128763,0.02292729999317089,ok
kADDSHAP,Adult(n=12),12,4096,1337,SAE,0.5942035283218856,0.02292729999317089,ok
kADDSHAP,Adult(n=12),12,4096,1337,Precision@5,0.8,0.02292729999317089,ok
kADDSHAP,Adult(n=12),12,4096,1337,Precision@10,0.8,0.02292729999317089,ok
kADDSHAP,Adult(n=12),12,4096,1337,KendallTau,0.0606060606060606,0.02292729999317089,ok
kADDSHAP,Adult(n=12),12,4096,1337,L2_Norm_Error,1.6130876469719402,0.02292729999317089,ok
SPEX,Adult(n=12),12,4096,1337,MSE,0.006346707546672796,0.575553000002401,ok
SPEX,Adult(n=12),12,4096,1337,MAE,0.047415607590106726,0.575553000002401,ok
SPEX,Adult(n=12),12,4096,1337,SSE,0.08250719810674634,0.575553000002401,ok
SPEX,Adult(n=12),12,4096,1337,SAE,0.6164028986713874,0.575553000002401,ok
SPEX,Adult(n=12),12,4096,1337,Precision@5,0.8,0.575553000002401,ok
SPEX,Adult(n=12),12,4096,1337,Precision@10,0.8,0.575553000002401,ok
SPEX,Adult(n=12),12,4096,1337,KendallTau,0.04580286124143444,0.575553000002401,ok
SPEX,Adult(n=12),12,4096,1337,L2_Norm_Error,1.6128568774113619,0.575553000002401,ok
RegressionMSR,Adult(n=12),12,4096,1337,MSE,0.005539021795482598,0.0807347000009031,ok
RegressionMSR,Adult(n=12),12,4096,1337,MAE,0.045707961293967564,0.0807347000009031,ok
RegressionMSR,Adult(n=12),12,4096,1337,SSE,0.07200728334127378,0.0807347000009031,ok
RegressionMSR,Adult(n=12),12,4096,1337,SAE,0.5942034968215784,0.0807347000009031,ok
RegressionMSR,Adult(n=12),12,4096,1337,Precision@5,0.8,0.0807347000009031,ok
RegressionMSR,Adult(n=12),12,4096,1337,Precision@10,0.8,0.0807347000009031,ok
RegressionMSR,Adult(n=12),12,4096,1337,KendallTau,0.0303030303030303,0.0807347000009031,ok
RegressionMSR,Adult(n=12),12,4096,1337,L2_Norm_Error,1.613087394311844,0.0807347000009031,ok
ProxySPEX,Adult(n=12),12,4096,1337,MSE,0.006311840206194174,6.4222817000045325,ok
ProxySPEX,Adult(n=12),12,4096,1337,MAE,0.04544693190012484,6.4222817000045325,ok
ProxySPEX,Adult(n=12),12,4096,1337,SSE,0.08205392268052426,6.4222817000045325,ok
ProxySPEX,Adult(n=12),12,4096,1337,SAE,0.5908101147016229,6.4222817000045325,ok
ProxySPEX,Adult(n=12),12,4096,1337,Precision@5,0.8,6.4222817000045325,ok
ProxySPEX,Adult(n=12),12,4096,1337,Precision@10,0.9,6.4222817000045325,ok
ProxySPEX,Adult(n=12),12,4096,1337,KendallTau,0.051708768999501914,6.4222817000045325,ok
ProxySPEX,Adult(n=12),12,4096,1337,L2_Norm_Error,1.5783616560471234,6.4222817000045325,ok
OddSHAP,Adult(n=12),12,4096,1337,MSE,0.0055390218615530605,0.21962109999731183,ok
OddSHAP,Adult(n=12),12,4096,1337,MAE,0.04570796198995304,0.21962109999731183,ok
OddSHAP,Adult(n=12),12,4096,1337,SSE,0.07200728420018979,0.21962109999731183,ok
OddSHAP,Adult(n=12),12,4096,1337,SAE,0.5942035058693895,0.21962109999731183,ok
OddSHAP,Adult(n=12),12,4096,1337,Precision@5,0.8,0.21962109999731183,ok
OddSHAP,Adult(n=12),12,4096,1337,Precision@10,0.8,0.21962109999731183,ok
OddSHAP,Adult(n=12),12,4096,1337,KendallTau,0.0606060606060606,0.21962109999731183,ok
OddSHAP,Adult(n=12),12,4096,1337,L2_Norm_Error,1.613087459677175,0.21962109999731183,ok
ShaplEIG,Adult(n=12),12,4096,1337,_,,0.0,skipped:incompatible_constructor(ImportError)
PolySHAPKAdd,Adult(n=12),12,4096,1337,MSE,0.005539021862292641,0.02136400000017602,ok
PolySHAPKAdd,Adult(n=12),12,4096,1337,MAE,0.04570796194047192,0.02136400000017602,ok
PolySHAPKAdd,Adult(n=12),12,4096,1337,SSE,0.07200728420980433,0.02136400000017602,ok
PolySHAPKAdd,Adult(n=12),12,4096,1337,SAE,0.594203505226135,0.02136400000017602,ok
PolySHAPKAdd,Adult(n=12),12,4096,1337,Precision@5,0.8,0.02136400000017602,ok
PolySHAPKAdd,Adult(n=12),12,4096,1337,Precision@10,0.8,0.02136400000017602,ok
PolySHAPKAdd,Adult(n=12),12,4096,1337,KendallTau,0.0606060606060606,0.02136400000017602,ok
PolySHAPKAdd,Adult(n=12),12,4096,1337,L2_Norm_Error,1.613087460408862,0.02136400000017602,ok
PolySHAPPartial,Adult(n=12),12,4096,1337,MSE,0.005539021862292641,0.021585800001048483,ok
PolySHAPPartial,Adult(n=12),12,4096,1337,MAE,0.04570796194047192,0.021585800001048483,ok
PolySHAPPartial,Adult(n=12),12,4096,1337,SSE,0.07200728420980433,0.021585800001048483,ok
PolySHAPPartial,Adult(n=12),12,4096,1337,SAE,0.594203505226135,0.021585800001048483,ok
PolySHAPPartial,Adult(n=12),12,4096,1337,Precision@5,0.8,0.021585800001048483,ok
PolySHAPPartial,Adult(n=12),12,4096,1337,Precision@10,0.8,0.021585800001048483,ok
PolySHAPPartial,Adult(n=12),12,4096,1337,KendallTau,0.0606060606060606,0.021585800001048483,ok
PolySHAPPartial,Adult(n=12),12,4096,1337,L2_Norm_Error,1.613087460408862,0.021585800001048483,ok
OptimizedKernelSHAP,Adult(n=12),12,4096,1337,MSE,0.0055390217897325796,0.02311349999945378,ok
OptimizedKernelSHAP,Adult(n=12),12,4096,1337,MAE,0.0457079606237794,0.02311349999945378,ok
OptimizedKernelSHAP,Adult(n=12),12,4096,1337,SSE,0.07200728326652353,0.02311349999945378,ok
OptimizedKernelSHAP,Adult(n=12),12,4096,1337,SAE,0.5942034881091323,0.02311349999945378,ok
OptimizedKernelSHAP,Adult(n=12),12,4096,1337,Precision@5,0.8,0.02311349999945378,ok
OptimizedKernelSHAP,Adult(n=12),12,4096,1337,Precision@10,0.8,0.02311349999945378,ok
OptimizedKernelSHAP,Adult(n=12),12,4096,1337,KendallTau,0.0606060606060606,0.02311349999945378,ok
OptimizedKernelSHAP,Adult(n=12),12,4096,1337,L2_Norm_Error,1.6130873886231927,0.02311349999945378,ok
